type,name,label,hint,required,relevant,choice_filter,constraint_message,constraint,appearance,calculation,$given_name
start,start,Heure début:,,true,,,,,,,
end,end,Heure fin:,,true,,,,,,,
begin_group,key_info,Intro,,,,,,,,,
text,q1_1_nom_enum,Question 1.1 : Nom de l'énumérateur,,true,,,,,,,
select_one organisation,q1_1a_organisation,Question 1.2 : Organisation de l'énumérateur,,true,,,,,,,
text,q1_1b_organisation,Question 1.2.1 : Veuillez spécifier 'autre',,true,${q1_1a_organisation}='autre',,,,,,
note,intro,"Suite à la crise et aux mouvements de population qui ont suivi, l’objectif de cet exercice est de mieux comprendre la situation dans votre localité. 
En particulier, je vais vous poser des questions sur les infrastructures et conditions de vie des personnes affectées. 
Je vous assure que vos réponses resteront anonymes. 
Cette enquête ne devrait pas durer plus de 45 minutes. 
Vos avis sont très importants et merci d’avance pour votre temps. Votre consentement est important aussi. 
Acceptez-vous de repondre a ce questionnaire?",,,,,,,,,
select_one province,q1_2_province,Question 1.2 : Sélectionner la Province où l'interview a lieu,,true,,,,,,,
select_one zone_sante,q1_3_zone_sante,Question 1.3 : Sélectionner la Zone de Santé où l'interview a lieu,,true,,province=${q1_2_province},,,,,
text,q1_3_1_zone_sante_autre,Question 1.3.1 : Veuillez spécifier 'autre',,true,${q1_3_zone_sante}='autre',,,,,,
select_one aire_sante,q1_4_airesante,Question 1.4 : Sélectionner l'Aire de Santé où l'interview a lieu,,true,,zone_sante=${q1_3_zone_sante},,,,,
text,q1_4_airesante_autre,Question 1.4.1 : Veuillez spécifier 'autre',,true,"selected(${q1_4_airesante}, 'autre')",,,,,,
select_one type_localite,q1_5_localite,Question 1.5 : Sélectionner le type de localité dans lequel l'interview a lieu,,true,,,,,,,
text,q1_5_localite_nom,Question 1.5.1 : Saisir le nom de la localité dans laquelle l'interview a lieu,,true,,,,,,,
text,q1_6_nom_ic,Question 1.6 : Quel est le nom et prénom de la personne interviewée?,,true,,,,,,,
text,q1_7_tel_ic,Question 1.7 : Quel est le numéro de téléphone de la personne interviewée?,9999999999 si pas de téléphone,true,,,Merci de saisir 10 chiffres,"regex(.,'[0-9]{10}')",numbers,,
select_one genre,q1_8_genre_ic,Question 1.8 : Observation: Quel est le sexe de la personne interviewée?,,true,,,,,,,
select_one profession,q1_9_profession_ic,Question 1.9 : Quel(le) est la profession/rôle dans la communauté de la personne interviewée?,,true,,,,,,,
text,q1_10_profession_ic_autre,"Si autre, spécifier :",,true,"selected(${q1_9_profession_ic}, 'autre')",,,,,,
end_group,key_info,,,,,,,,,,
begin_group,statut,Statut,,,,,,,,,
select_multiple groupe,q2_2_groupe,Question 2.2 : Quels groupes de populations vivent actuellement dans votre localité ?,,true,,,"""Ne sait pas"" ne peut pas être sélectionné avec une autre option","not(selected(.,'ne_sait_pas') and  count-selected(.)>1)",,,
integer,q2_3_villages_pdi,Question 2.3 : Combien de ménages de déplacés y a-t-il dans votre localité ?  ,,true,"selected(${q2_2_groupe}, 'deplaces')",,>0,.> 0,,,
select_one duree,q2_4_duree_pdi,Question 2.4 : Depuis combien de temps en moyenne les déplacés sont arrivés?,,true,"selected(${q2_2_groupe}, 'deplaces')",,,,,,
text,q2_4_duree_pdi_sp,Autre (spécifier) :,,true,${q2_4_duree_pdi} = 'autre',,,,,,
select_one deplacement,q2_4_1_deplacement_pdi,Question 2.4.1 : Les déplacés se sont t'ils déplacés plusieurs fois dans ou hors de la localité dans les six dernier mois ? (déplacement secondaires sans rentrer chez eux) ,,true,"selected(${q2_2_groupe}, 'deplaces')",,,,,,
select_multiple raison_deplacement,q2_4_2_raison_deplacement_pdi,"Question 2.4.2 : Si oui, quelles sont les raisons principales pour ces déplacements secondaires ?",,true,"selected(${q2_4_1_deplacement_pdi}, 'oui')",,,,,,
text,q2_4_2_raison_deplacement_pdi_autre,Autre (spécifier) :,,true,${q2_4_2_raison_deplacement_pdi} = 'autre',,,,,,
select_one ouinonnsp,q2_5_pendulaire,Question 2.5 : Y a-t-il eu des mouvements pendulaires ? (des déplacés qui retournent de temps à temps dans leur localité d'origine et reviennent dans leur localité de déplacement sur le court terme),,true,"selected(${q2_2_groupe}, 'deplaces')",,,,,,
select_multiple raison_pendulaire,q2_5_1_raison_pendulaire,"Question 2.5.1 : Si oui, pour quelles raisons?",,true,"selected(${q2_5_pendulaire}, 'oui')",,"""Ne sait pas"" ne peut pas être sélectionné avec une autre option","not(selected(.,'ne_sait_pas') and  count-selected(.)>1)",,,
text,q2_5_1_raison_pendulaire_autre,Autre (spécifier) :,,true,"selected(${q2_5_1_raison_pendulaire}, 'autre')",,,,,,
integer,q2_6_villages_retour,Question 2.6 : Combien de ménages de retournés y a-t-il dans votre localité ?  ,,true,"selected(${q2_2_groupe}, 'retournes')",,>0,.> 0,,,
select_one duree,q2_7_retour_deplaces,Question 2.7 : Depuis quand la majorité des retournés sont rentrés dans votre localité?,,true,"selected(${q2_2_groupe}, 'retournes')",,,,,,
text,q2_7a_retour_deplaces_autre,Autre (spécifier) :,,true,${q2_7_retour_deplaces} = 'autre',,,,,,
integer,q2_8_villages_ref,Question 2.8 : Combien de ménages de réfugiés y a-t-il dans votre localité ?  ,,true,"selected(${q2_2_groupe}, 'refugies')",,>0,.> 0,,,
select_one duree,q2_8_1_duree_ref,Question 2.8.2 : Depuis combien de temps en moyenne les réfugiés sont arrivés?,,true,"selected(${q2_2_groupe}, 'refugies')",,,,,,
text,q2_8_1a_retour_deplaces_autre,Autre (spécifier) :,,true,${q2_8_1_duree_ref} = 'autre',,,,,,
end_group,statut,,,,,,,,,,
begin_group,acces_marches,Marchés,,,,,,,,,
select_one ouinonnsp,q3_1_marches_fonction,Question 3.1 : Est-ce que les populations de votre localité peuvent actuellement accéder à un marché fonctionnel ?,,true,,,,,,,
select_one distance,q3_1_marches_fonction_distance,"Question 3.1.1 : Si oui, combien de temps doit-on marcher depuis la localité pour se rendre à ce marché?",,true,"selected(${q3_1_marches_fonction}, 'oui')",,,,,,
select_multiple barriere_marche,q3_1_1_barrieres_marche,Question 3.1.2 : Quelles sont les principales barrières à l'accés au marché  ?,Sélectionner toutes les options appropriées,true,"not(selected(${q3_1_marches_fonction}, 'oui'))",,,,,,
text,q3_1_1_barrieres_marche_autre,Autre (spécifier) :,,true,"selected(${q3_1_1_barrieres_marche} ,'autre')",,,,,,
select_multiple materiaux2,q3_3_materiaux2_dispo,"Question 3.2 : Sur ce marché, les matériaux suivants sont-ils actuellement disponibles à l'achat? ",Sélectionner toutes les options appropriées,true,"selected(${q3_1_marches_fonction}, 'oui')",,"""Aucun de ces matériaux est disponible"" et ""Ne sait pas"" ne peuvent pas être sélectionnés avec une autre option","not(selected(.,'aucune') and count-selected(.)>=2) and not(selected(.,'ne_sait_pas') and count-selected(.)>=2)",,,
select_multiple materiaux,q3_3_materiaux_dispo,"Question 3.3 : Sur ce marché, les matériaux suivants sont-ils actuellement disponibles à l'achat? ",Sélectionner toutes les options appropriées,true,"selected(${q3_1_marches_fonction}, 'oui')",,"""Aucun de ces matériaux est disponible"" et ""Ne sait pas"" ne peuvent pas être sélectionnés avec une autre option","not(selected(.,'aucune') and count-selected(.)>=2) and not(selected(.,'ne_sait_pas') and count-selected(.)>=2)",,,
select_multiple materiaux,q3_4_materiaux_dispo_collecte,Question 3.4 : Les matériaux de construction suivants sont-ils disponibles en les collectant directement (gratuit) ?,Sélectionner toutes les options appropriées,true,,,"""Aucun de ces matériaux est disponible"" et ""Ne sait pas"" ne peuvent pas être sélectionnés avec une autre option","not(selected(.,'aucune') and count-selected(.)>=2) and not(selected(.,'ne_sait_pas') and count-selected(.)>=2)",,,
select_multiple materiaux,q3_5_materiaux_dispo_achat_local,Question 3.5 : Les matériaux de construction suivants sont-ils disponibles à l'achat local?,Sélectionner toutes les options appropriées,true,,,"""Aucun de ces matériaux est disponible"" et ""Ne sait pas"" ne peuvent pas être sélectionnés avec une autre option","not(selected(.,'aucune') and count-selected(.)>=2) and not(selected(.,'ne_sait_pas') and count-selected(.)>=2)",,,
select_multiple mois,q3_6_materiaux_dispo_mois,Question 3.6 : Quand est-ce que ces matériaux de construction sont disponibles pendant l’année ?,Sélectionner toutes les options appropriées,true,,,,,,,
select_one ouinonnsp,q3_7_materiaux_prix,Question 3.7 : Est-ce que le prix des matériaux de construction sur le marché local changent pendant l’année ? ,,true,,,,,,,
select_multiple population_acces_materiaux,q3_8_population_acces_materiaux,Question 3.8 : Est-ce que les déplacés/retournés/réfugiés ont le même accès que les autochtones à ces commodités sur le marché? ,Sélectionner toutes les options appropriées,true,"selected(${q2_2_groupe}, 'deplaces') or selected(${q2_2_groupe}, 'retournes') or selected(${q2_2_groupe}, 'refugies')",,,,,,
select_one ouinonnsp,q3_9_acces_credit,Question 3.9 : Les commerçants ont-ils l’accès au crédit dans votre localité ?,,true,,,,,,,
select_one capacite_stock,q3_10_capacite_stock,Question 3.10 : Quelle capacité ont les commerçants d’augmenter leurs stocks? ,,true,,,,,,,
select_multiple changement_marches,q3_11_changement_marches,Question 3.11 : Quel changement dans l’activité du marché avez-vous observé depuis les derniers 12 mois ? ,Sélectionner toutes les options appropriées,true,,,"""Ne sait pas"" ne peut pas être sélectionné avec une autre option","not(selected(.,'ne_sait_pas') and  count-selected(.)>1)",,,
select_one ouinonnsp,q3_12_experience_modalites,Question 3.12 : Les commerçants de ce marché ont-ils déjà eu une expérience avec des acteurs humanitaires avec les projets de coupons ou de transfert de cash?,,true,,,,,,,
select_one ouinonnsp,q3_13_interet_modalites,Question 3.13 : Les commerçants de ce marché seraient-ils intéréssés de travailler avec les acteurs humanitaires sur des projets de coupons ou de transfert de cash?,,true,,,,,,,
end_group,acces_marches,,,,,,,,,,
begin_group,services_dispo,Services,,,,,,,,,
select_multiple service_financier,q4_1_services_dispo,Question 4.1 : Quelles sont les trois façons les plus communes via lesquelles les communautés qui vivent dans votre localié envoient et reçoivent de l'argent? ,Selectionner toutes les options appropiées,true,,," ""Aucune"" et ""Ne sait pas"" ne peuvent pas être sélectionnés avec une autre option, Max. 3 !","count-selected(.)<4 and not(selected(.,'aucune') and count-selected(.)>=2) and not(selected(.,'ne_sait_pas') and count-selected(.)>=2)",,,
text,q4_1_services_dispo_autre,Autre (spécifier) :,,true,"selected(${q4_1_services_dispo},'autre')",,,,,,
end_group,services_dispo,,,,,,,,,,
select_one temps,q5_telephone_dispo,Question 5 : Combien de temps doit-on marcher depuis la localité pour accéder au réseau de téléphonie mobile?,,true,,,,,,,
select_multiple reseau_mob,q5_1_reseau_mob,Question 5.1 : A quel(s) réseau(x) téléphonique(s) avez-vous accès ici ?,Selectionner toutes les options appropiées,true,"not(selected(${q5_telephone_dispo} , 'acces_impossible'))",,,,,,
text,q5_1_reseau_mob_autre,Autre (spécifier) :,,true,"selected(${q5_1_reseau_mob} ,'autre')",,,,,,
select_one acces_mob,q5_2_telephone_mob,Question 5.2 : Quelle proportion de la population de votre localité a un téléphone mobile ? ,,true,,,,,,,
select_one acces_mob,q5_3_telephone_mob_usage,Question 5.3 : Quelle proportion de la population de votre localité sait utiliser un téléphone mobile ? ,,true,,,,,,,
select_one ouinonnsp,q5_4_assist_hum,Question 5.4 : Les populations vivant  dans votre localité ont-elles déjà recu de l'assistance humanitaire en EHA ou Abris?,,true,,,,,,,
select_multiple modalites,q5_4_assist_hum_modalite,"Question 5.4.1 : Si oui, précisez la modalité d'assistance ",Selectionner toutes les options appropiées,true,"selected(${q5_4_assist_hum} , 'oui')",,"""Ne sait pas"" ne peut pas être sélectionné avec une autre option","not(selected(.,'ne_sait_pas') and  count-selected(.)>1)",,,
text,q5_4_assist_hum_modalite_sp,Autre (spécifier) :,,true,"selected(${q5_4_assist_hum_modalite} ,'autre')",,,,,,
select_multiple modalites,q5_6_preference_modalite,"Question 5.6 : Etant donné la situation actuelle, s’il y avait une intervention humanitaire ici, comment préféreriez-vous que l’assistance soit reçue ?",Selectionner toutes les options appropiées,true,,,"""Ne sait pas"" ne peut pas être sélectionné avec une autre option","not(selected(.,'ne_sait_pas') and  count-selected(.)>1)",,,
text,q5_6_preference_modalite_sp,Autre (spécifier) :,,true,"selected(${q5_6_preference_modalite} ,'autre')",,,,,,
select_one ouinonnsp,q5_7_inquietudes_modalite,Question 5.7 : Est-ce que vous avez des inquiétudes spécifiques par rapport aux distributions cash dans la zone ?,,true,,,,,,,
select_multiple inquietudes,q5_71_inquietudes_modalite,"Question 5.7.1 : Si oui, lesquelles?",Selectionner toutes les options appropiées,true,"selected(${q5_7_inquietudes_modalite} , 'oui')",,"""Ne sait pas"" ne peut pas être sélectionné avec une autre option","not(selected(.,'ne_sait_pas') and  count-selected(.)>1)",,,
text,q5_71_inquietudes_modalite_autre,Autre (spécifier) :,,true,"selected(${q5_71_inquietudes_modalite} ,'autre')",,,,,,
begin_group,ecole,Ecoles,,,,,,,,,
integer,q6_1_ecole,Question 6.1 : Combien d'écoles y-a-t-il dans votre localité (fonctionnelles ou non)?,Saisir nombre,true,,,>= 0,.>=0,,,
integer,q6_1_1_ecole_endommagees,"Question 6.1.1 : Parmi les écoles dans votre  localité, combien ont été endommagées suite au conflit?",Saisir nombre,true,,,La valeur doit être inférieure ou égale au nombre total d'écoles dans l'aire de santé et >=0,.<=${q6_1_ecole} and  .>=0,,,
integer,q6_1_2_ecole_detruites,"Question 6.1.2 : Parmi les écoles dans votre  localité, combien ont été détruites  suite au conflit?",Saisir nombre,true,,,La valeur doit être inférieure ou égale au nombre total d'écoles moins le nombre total d'écoles endommagées et >=0,.<=(${q6_1_ecole}-${q6_1_1_ecole_endommagees}) and  .>=0,,,
calculate,q6_1_3_ecole_touchees,,,,,,,,,${q6_1_1_ecole_endommagees}+${q6_1_2_ecole_detruites},
integer,q6_2_acces_eau,"Question 6.2 : Parmi les écoles dans votre  localité, combien ont accès à un point d'eau aménagé (à maximum 500m de l'école) (Robinet dans la concession / jardin / parcelle ; Robinet public / borne fontaine; Puits à pompe / forage; Puits creuse aménagé; Source aménagée)?",Saisir nombre,true,${q6_1_2_ecole_detruites}!=${q6_1_ecole},,La valeur doit être inférieure ou égale au nombre total d'écoles dans l'aire de santé et >=0. Vérifiez svp !,.<=${q6_1_ecole} and  .>=0,,,
integer,q6_3_acces_latrines,"Question 6.3 : Parmi ces écoles dans votre  localité, combien ont accès à des latrines fonctionnelles et sures (avec porte, avec toit, avec maintenance/entretien, pas pleine, separation homme/femme, separation staff/élèves)?",Saisir nombre,true,${q6_1_2_ecole_detruites}!=${q6_1_ecole},,La valeur doit être inférieure ou égale au nombre total d'écoles dans l'aire de santé et >=0. Vérifiez svp !,.<=${q6_1_ecole} and  .>=0,,,
end_group,ecole,,,,,,,,,,
begin_group,source_eau,Source d'eau,,,,,,,,,
integer,q7_villages_point_eau,Question 8.5 : Combien de point(s) d'eau aménagé(s) possède votre  localité ?  ,Saisir nombre,true,,,>= 0,.>=0,,,
integer,q7_1_points_eau_endommages,"Question 8.5.1 : Parmi ces points d'eau dans votre  localité, combien ont été endommagés par le conflit ? ",Saisir nombre,true,,,La valeur doit être inférieure ou égale au nombre de point d'eau aménagé dans la localité et >=0,.<=${q7_villages_point_eau} and  .>=0,,,
text,q7_2_temps_attente,OBSERVATION DIRECTE Enumérateur : Demander à voir le point d'eau aménagée. Y'a t il une queue pour accèder à l'eau et si oui à combien estimez-vous le temps d'attente?,,true,,,,,,,
select_one temps_attente,q7_2_temps_attente_combien,Si oui à combien estimez-vous le temps d'attente?,,true,"selected(${q7_2_temps_attente},'oui')",,,,,,
note,q7_3_source_eau,Question 7: Quelles sont les trois principales sources d'eau potable utilisées par les communautés qui vivent dans votre  localité ? ,Ordonner les trois de la plus commune à la moins commune sur les écrans suivants,,,,,,,,
select_one source_eau,q7_3a_source_eau,Question 7.1 : Quelle est la principale source d'eau potable utilisée par les populations qui vivent dans votre  localité ?,,true,,,,,,,
text,q7_3a_source_eau_autre,Autre (spécifier) :,,true,"selected(${q7_3a_source_eau},'autre')",,,,,,
select_one source_eau,q7_3b_source_eau,Question 7.2: Quelle est la deuxième principale source d'eau potable utilisée par les populations qui vivent dans dans votre  localité ?,,true,,,Les 3 réponses doivent être différentes,"selected(.,'ne_sait_pas')    or ${q7_3b_source_eau} != ${q7_3a_source_eau}",,,
text,q7_3b_source_eau_autre,Autre (spécifier) :,,true,"selected(${q7_3b_source_eau},'autre')",,Les 3 réponses doivent être différentes,,,,
select_one source_eau,q7_3c_source_eau,Question 7.3: Quelle est la troisième principale source d'eau potable utilisée par les populations qui vivent dans votre  localité ?,,true,,,Les 3 réponses doivent être différentes,"selected(.,'ne_sait_pas')    or (${q7_3c_source_eau} != ${q7_3a_source_eau} and ${q7_3c_source_eau} != ${q7_3b_source_eau})",,,
text,q7_3c_source_eau_autre,Autre (spécifier) :,,true,"selected(${q7_3c_source_eau},'autre')",,Les 3 réponses doivent être différentes,,,,
end_group,source_eau,,,,,,,,,,
begin_group,acces_eau,Accès à l'eau,,,,,,,,,
select_one acces_eau,q8_1_acces_eau,Question 8.1 : Quel énoncé décrit le mieux l'accès à l'eau potable dont bénéficient les communautés qui vivent dans votre localité ?,,true,,,,,,,
select_one entrave_acces_eau,q8_2_entrave_acces_eau,Question 8.2 : Quel est le problème principal qui entrave l’accès à l’eau potable dans votre localité ? ,,true,"not(selected(${q8_1_acces_eau},'tout_le_monde_assez_eau') or selected(${q8_1_acces_eau},'ne_sait_pas'))",,,,,,
text,q8_2_entrave_acces_eau_autre,Autre (spécifier) :,,true,"selected(${q8_2_entrave_acces_eau},'autre')",,,,,,
select_multiple coping_eau,q8_3_coping_eau,Question 8.3 :  Comment les personnes qui vivent dans votre localité font face au manque d’eau potable ? ,,true,"not(selected(${q8_1_acces_eau},'tout_le_monde_assez_eau') or selected(${q8_1_acces_eau},'ne_sait_pas'))",,"""Ne sait pas"" ou ""Préfère ne pas répondre"" ne peuvent pas être sélectionnés avec une autre option","not(selected(.,'ne_sait_pas') and count-selected(.)>=2) and not(selected(.,'prefere_pas_repondre') and count-selected(.)>=2) ",,,
text,q8_3_coping_eau_autre,Autre (spécifier) :,,true,"selected(${q8_3_coping_eau},'autre')",,,,,,
integer,q8_4_prix_jerrican_eau_20l,Question 8.4 : Quel est le prix d'un jerricane de 20 litres (en francs congolais) ?,,true,"selected(${q8_2_entrave_acces_eau}, 'eau_trop_chere')",,,,,,
end_group,acces_eau,,,,,,,,,,
begin_group,hygiene_assainissement,Hygiène,,,,,,,,,
select_one acces_savon,q9_1_1_acces_savon,Question 9.1.1 : Quel énoncé décrit le mieux l'accès au savon dont bénéficient les communautés qui vivent dans votre localité ?,,true,,,,,,,
select_one probleme_savon,q9_1_2_probleme_savon,Question 9.1.2 : Quel est le problème principal qui entrave l’accès au savon dans votre localité ? ,,true,"not(selected(${q9_1_1_acces_savon},'tout_le_monde_acces_savon') or selected(${q9_1_1_acces_savon},'ne_sait_pas'))",,,,,,
text,q9_1_2_probleme_savon_autre,Autre (spécifier) :,,true,"selected(${q9_1_2_probleme_savon}, 'autre')",,,,,,
integer,q9_1_3_prix_savon,Question 9.1.3 : Quel est le prix (en francs congolais) moyen d'une barre de savon (200g) dans votre localité ? ,,true,"selected(${q9_1_2_probleme_savon}, 'savon_trop_cher')",,,,,,
select_one acces_latrines,q9_2_1_acces_latrines,Question 9.2.1 : Quel énoncé décrit le mieux l'accès aux latrines familiales dont bénéficient les communautés qui vivent dans votre localité ?,,true,,,,,,,
text,q9_2_1_acces_latrines_autre,Autre (spécifier) :,,true,"selected(${q9_2_1_acces_latrines}, 'autre')",,,,,,
select_one probleme_latrines,q9_2_2_probleme_latrines,Question 9.2.2 : Quel est le probleme principal  lié aux latrines familiales dans votre localité ? ,,true,"not(selected(${q9_2_1_acces_latrines},'tout_le_monde_acces_latrines') or selected(${q9_2_1_acces_latrines},'ne_sait_pas'))",,,,,,
text,q9_2_2_probleme_latrines_autre,Autre (spécifier) :,,true,"selected(${q9_2_2_probleme_latrines}, 'autre')",,,,,,
select_one gestion_dechets,q9_3_gestion_dechets,Question 9.3 : Quel énoncé décrit le mieux la gestion des déchets ménagers dans votre localité ?,,true,,,,,,,
text,q9_3_gestion_dechets_autre,Autre (spécifier) :,,true,"selected(${q9_3_gestion_dechets}, 'autre')",,,,,,
select_one proprete,q9_4_proprete,OBSERVATION DIRECTE Enumérateur : Quel énoncé décrit le mieux l'état de propreté du village ?,,true,,,,,,,
select_one ouinonnsp,q9_4_proprete_autre,OBSERVATION DIRECTE Enumérateur :  Y a-t-il des traces de matières fécales dans le village ou les alentours?,,true,,,,,,,
end_group,hygiene_assainissement,,,,,,,,,,
begin_group,abris,Abris,,,,,,,field-list,,
select_one ouinonnsp,q10_1_abris_endommages,Question 10.1 : Y'a-t-il actuellement des abris endommagés dans votre localité ?,,true,,,,,,,
integer,q10_1_abris_endommages_nb,"OBSERVATION DIRECTE Enumérateur : Si oui, demander à voir les abris signalés comme endommagés. Combien y'en a t il?",Saisir nombre,true,"selected(${q10_1_abris_endommages} , 'oui')",,>= 0,.>=0,,,
select_one ouinonnsp,q10_2_abris_detruits,Question 10.2 : Y'a-t-il actuellement des abris détruits dans votre localité ?,,true,,,,,,,
integer,q10_2_abris_detruits_nb,"OBSERVATION DIRECTE Enumérateur : Si oui, demander à voir les abris signalés comme détruits. Combien y'en a t il?",Saisir nombre,true,"selected(${q10_2_abris_detruits} , 'oui')",,>= 0,.>=0,,,
end_group,abris,,,,,,,,,,
begin_group,types_habitation_pdi,Question 11 : Dans quels types d'habitation habitent les ménages _déplacés_ ?,,,"selected(${q2_2_groupe}, 'deplaces')",,,,,,
select_one types_habitation,q11_1_types_habitation_pdi,Question 11.1 : Quel est le principal  type d'habitation des ménages _déplacés_ ?,,true,,,,,,,
text,q11_1_types_habitation_pdi_autre,"Si Autre, spécifier :",,true,"selected(${q11_1_types_habitation_pdi}, 'autre')",,,,,,
select_one types_habitation,q11_2_types_habitation_pdi,Question 11.2 : Quel est le deuxième principal  type d'habitation des ménages de _déplacés_ ?,,true,,,Les 3 réponses doivent être différentes,"selected(.,'autre')   or  ${q11_2_types_habitation_pdi} != ${q11_1_types_habitation_pdi}",,,
text,q11_2_types_habitation_pdi_autre,"Si Autre, spécifier :",,true,"selected(${q11_2_types_habitation_pdi}, 'autre')",,,${q11_2_types_habitation_pdi_autre} != ${q11_1_types_habitation_pdi_autre},,,
select_one types_habitation,q11_3_types_habitation_pdi,Question 11.3 : Quel est le troisième principal  type d'habitation des ménages de _déplacés_ ?,,true,,,Les 3 réponses doivent être différentes,"selected(.,'autre')   or  (${q11_3_types_habitation_pdi} != ${q11_1_types_habitation_pdi} and ${q11_3_types_habitation_pdi} != ${q11_2_types_habitation_pdi})",,,
text,q11_3_types_habitation_pdi_autre,"Si Autre, spécifier :",,true,"selected(${q11_3_types_habitation_pdi}, 'autre')",,,${q11_3_types_habitation_pdi_autre} != ${q11_1_types_habitation_pdi_autre} and ${q11_3_types_habitation_pdi_autre} != ${q11_2_types_habitation_pdi_autre},,,
end_group,types_habitation_pdi,,,,,,,,,,
begin_group,types_habitation_ret,Question 12 : Dans quels types d'habitation habitent les ménages de _retournés_ ?,,,"selected(${q2_2_groupe}, 'retournes')",,,,,,
select_one types_habitation,q12_1_types_habitation_ret,Question 12.1 : Quel est le principal  type d'habitation des ménages  _retournés_ ?,,true,,,,,,,
text,q12_1_types_habitation_ret_autre,"Si Autre, spécifier :",,true,"selected(${q12_1_types_habitation_ret}, 'autre')",,,,,,
select_one types_habitation,q12_2_types_habitation_ret,Question 12.2 : Quel est le deuxième principal  type d'habitation des ménages _retournés_ ?,,true,,,Les 3 réponses doivent être différentes,"selected(.,'autre')   or  ${q12_2_types_habitation_ret} != ${q12_1_types_habitation_ret}",,,
text,q12_2_types_habitation_ret_autre,"Si Autre, spécifier :",,true,"selected(${q12_2_types_habitation_ret}, 'autre')",,,${q12_2_types_habitation_ret_autre} != ${q12_1_types_habitation_ret_autre},,,
select_one types_habitation,q12_3_types_habitation_ret,Question 12.3 : Quel est le troisième principal  type d'habitation des ménages _retournés_ ?,,true,,,Les 3 réponses doivent être différentes,"selected(.,'autre')   or  (${q12_3_types_habitation_ret} != ${q12_1_types_habitation_ret} and ${q12_3_types_habitation_ret} != ${q12_2_types_habitation_ret})",,,
text,q12_3_types_habitation_ret_autre,"Si Autre, spécifier :",,true,"selected(${q12_3_types_habitation_ret}, 'autre')",,,${q12_3_types_habitation_ret_autre} != ${q12_1_types_habitation_ret_autre} and ${q12_3_types_habitation_ret_autre} != ${q12_2_types_habitation_ret_autre},,,
end_group,types_habitation_ret,,,,,,,,,,
begin_group,types_habitation_ref,Question 12 : Dans quels types d'habitation habitent les ménages de _réfugiés_ ?,,,"selected(${q2_2_groupe}, 'refugies')",,,,,,
select_one types_habitation,q13_1_types_habitation_ref,Question 13.1 : Quel est le principal  type d'habitation des ménages  _réfugiés_ ?,,true,,,,,,,
text,q13_1_types_habitation_ref_autre,"Si Autre, spécifier :",,true,"selected(${q13_1_types_habitation_ref}, 'autre')",,,,,,
select_one types_habitation,q13_2_types_habitation_ref,Question 13.2 : Quel est le deuxième principal  type d'habitation des ménages _réfugiés_ ?,,true,,,Les 3 réponses doivent être différentes,"selected(.,'autre')   or ${q13_2_types_habitation_ref} != ${q13_1_types_habitation_ref}",,,
text,q13_2_types_habitation_ref_autre,"Si Autre, spécifier :",,true,"selected(${q13_2_types_habitation_ref}, 'autre')",,,${q13_2_types_habitation_ref_autre} != ${q13_1_types_habitation_ref_autre},,,
select_one types_habitation,q13_3_types_habitation_ref,Question 13.3 : Quel est le troisième principal  type d'habitation des ménages _réfugiés_ ?,,true,,,Les 3 réponses doivent être différentes,"selected(.,'autre')   or  (${q13_3_types_habitation_ref} != ${q13_1_types_habitation_ref} and ${q13_3_types_habitation_ref} != ${q13_2_types_habitation_ref})",,,
text,q13_3_types_habitation_ref_autre,"Si Autre, spécifier :",,true,"selected(${q13_3_types_habitation_ref}, 'autre')",,,${q13_3_types_habitation_ref_autre} != ${q13_1_types_habitation_ref_autre} and ${q13_3_types_habitation_ref_autre} != ${q13_2_types_habitation_ref_autre},,,
end_group,types_habitation_ref,,,,,,,,,,
begin_group,construction,Construction,,,,,,,,,
select_multiple type_abris_pref,q14_1_construction_pdi,Question 14.1 : Quels sont les matériaux de construction qui sont fréquemment utilisés pour les abris des DEPLACES dans votre localité ?,Sélectionner toutes les options appropriées,true,"selected(${q2_2_groupe}, 'deplaces')",,,,,,
text,q14_1_construction_pdi_autre,Autre (spécifier) :,,true,"selected(${q14_1_construction_pdi}, 'autre')",,,,,,
select_multiple type_abris_pref,q14_2_construction_ret,Question 14.2 : Quels sont les matériaux de construction qui sont fréquemment utilisés pour les abris des RETOURNES  dans votre localité ?,Sélectionner toutes les options appropriées,true,"selected(${q2_2_groupe}, 'retournes')",,,,,,
text,q14_2_construction_ret_autre,Autre (spécifier) :,,true,"selected(${q14_2_construction_ret}, 'autre')",,,,,,
select_multiple type_abris_pref,q14_3_construction_nonpdi,Question 14.3 : Quels sont les matériaux de construction qui sont fréquemment utilisés pour les abris des NON-DEPLACES dans votre localité ?,Sélectionner toutes les options appropriées,true,"selected(${q2_2_groupe}, 'non_deplaces')",,,,,,
text,q14_3_construction_nonpdi_autre,Autre (spécifier) :,,true,"selected(${q14_3_construction_nonpdi}, 'autre')",,,,,,
select_multiple type_abris_pref,q14_4_construction_ref,Question 14.4 : Quels sont les matériaux de construction qui sont fréquemment utilisés pour les abris des REFUGIES dans votre localité ?,Sélectionner toutes les options appropriées,true,"selected(${q2_2_groupe}, 'refugies')",,,,,,
text,q14_4_construction_ref_autre,Autre (spécifier) :,,true,"selected(${q14_4_construction_ref}, 'autre')",,,,,,
select_multiple type_abris_pref,q14_5_construction_localite,OBSERVATION DIRECTE Enumérateur : Quels sont les matériaux de construction qui sont le plus fréquemment utilisés dans la localité pour les abris?,Sélectionner toutes les options appropriées,true,,,,,,,
integer,q14_6_longueur_abris,OBSERVATION DIRECTE : Quelles sont les dimensions d'un abris standard en construction locale dans cette zone: Estimer la LONGUEUR  (en mètres),Saisir nombre,true,,,>= 0,.>=0,,,
integer,q14_6_largeur_abris,OBSERVATION DIRECTE : Quelles sont les dimensions d'un abris standard en construction locale dans cette zone: Estimer la LARGEUR (en mètres),Saisir nombre,true,,,>= 0,.>=0,,,
select_multiple non_construction,q15_1_pdi_nonconstruction,"Question 15.1 : Pour quelles raisons, si il y en a, les ménages _déplacés_ ne sont pas en mesure de se construire un abri adéquat ?",Sélectionner toutes les options appropriées,true,"selected(${q2_2_groupe}, 'deplaces')",,"""Aucune raison"" ne peut pas être sélectionné avec une autre option","not(selected(.,'aucune_raison') and count-selected(.)>=2)",,,
text,q15_1_pdi_nonconstruction_autre,"Si Autre, spécifier :",,true,"selected(${q15_1_pdi_nonconstruction}, 'autre')",,,,,,
select_multiple non_construction,q15_2_ret_nonconstruction,"Question 15.2 : Pour quelles raisons, si il y en a, les ménages _retournés_ ne sont pas en mesure de se construire un abri adéquat ?",Sélectionner toutes les options appropriées,true,"selected(${q2_2_groupe}, 'retournes')",,"""Aucune raison"" ne peut pas être sélectionné avec une autre option","not(selected(.,'aucune_raison') and count-selected(.)>=2)",,,
text,q15_2_ret_nonconstruction_autre,"Si Autre, spécifier :",,true,"selected(${q15_2_ret_nonconstruction}, 'autre')",,,,,,
select_multiple non_construction,q15_3_ref_nonconstruction,"Question 15.3 : Pour quelles raisons, si il y en a, les ménages _réfugiés_ ne sont pas en mesure de se construire un abri adéquat ?",Sélectionner toutes les options appropriées,true,"selected(${q2_2_groupe}, 'refugies')",,"""Aucune raison"" ne peut pas être sélectionné avec une autre option","not(selected(.,'aucune_raison') and count-selected(.)>=2)",,,
text,q15_3_ref_nonconstruction_autre,"Si Autre, spécifier :",,true,"selected(${q15_3_ref_nonconstruction}, 'autre')",,,,,,
end_group,construction,,,,,,,,,,
begin_group,logement,Logement,,,"selected(${q2_2_groupe}, 'deplaces') or selected(${q2_2_groupe}, 'retournes')",,,,,,
integer,q16_montant_loyer,Question 16 : Quel est le coût moyen en Fr Congolais (matérieux + main d'œuvre) pour un ménage pour construire une maison en construction locale ? ,Saisir nombre (0 si IC ne sait pas),true,,,>= 0,.>=0,,,
select_one ouinonnsp,q17_eviction,Question 17 : Y'a-t-il eu des cas d'évictions de ménages de leurs abris au cours du dernier mois? ,,true,,,,,,,
select_multiple raison_eviction,q17_raison_eviction,"Question 17 : Si oui, pour quelles raisons?",,true,"selected(${q17_eviction}, 'oui')",,"""Ne sait pas"" ou ""Préfère ne pas répondre"" ne peuvent pas être sélectionnés avec une autre option","not(selected(.,'ne_sait_pas') and count-selected(.)>=2) and not(selected(.,'prefere_pas_repondre') and count-selected(.)>=2) ",,,
text,q17_raison_eviction_autre,"Si Autre, spécifier :",,true,"selected(${q17_raison_eviction}, 'autre')",,,,,,
select_multiple population_acces_materiaux,q17_population_risque_eviction,Question 17.1 : Y'a t il des groupes de population plus touchés par les cas d'évictions?,,true,"selected(${q17_eviction}, 'oui')",,"""Ne sait pas"" ou ""Préfère ne pas répondre"" ne peuvent pas être sélectionnés avec une autre option","not(selected(.,'ne_sait_pas') and count-selected(.)>=2) and not(selected(.,'prefere_pas_repondre') and count-selected(.)>=2) ",,,
end_group,logement,,,,,,,,,,
select_one ouinonnsp,q18_acces_sante, Y'a-t-il une structure de santé fonctionnelle et accessible pour les populations de cette localité (située à moins de 2h de marche)? ,,true,,,,,,,
select_one ouinonnsp,q18_1_structure_localite,La structure en question se trouve-t-elle dans cette localité ? ,,true,"selected(${q18_acces_sante}, 'oui')",,,,,,
note,q18_2_structure_localite,"Instruction énumérateur: Si oui, après avoir FINALISE ce questionnaire aller visiter la structure de santé principale de la localité pour poser les questions du questionnaire santé à la personne en charge de la structure",,false,"selected(${q18_1_structure_localite}, 'oui')",,,,,,
geopoint,q19_GPSvillage,Question 18 : Enregistrer les coordonnées GPS dans le village,,false,,,,,,,
note,note_fin,Merci beaucoup pour votre temps et collaboration.,,,,,,,,,
text,commentaires,Commentaires,,,,,,,,,
calculate,__version__,,,,,,,,,'vwN6Ur4RQoHZrizC5hkRLb',
calculate,_version_,,,,,,,,,'vkHAJjo9AnaUftw3UiA9cz',__version__
