list_name,name,label,label::English,label::Somali,region,country,area,choice
region,lower_juba,,Lower Juba,Jubadda Hoose,,,,
region,awdal,,Awdal,Awdal,,,,
region,bakool,,Bakool,Bakool,,,,
region,banadir,,Banadir,Banadir,,,,
region,bari,,Bari,Bari,,,,
region,bay,,Bay,Bay,,,,
region,galgaduud,,Galgaduud,Galgaduud,,,,
region,gedo,,Gedo,Gedo,,,,
region,hiraan,,Hiraan,Hiraan,,,,
region,lower_shabelle,,Lower Shabelle,Shabellada Hoose,,,,
region,middle_juba,,Middle Juba,Jubadda Dhexe,,,,
region,middle_shabelle,,Middle Shabelle,Shabellada Dhexe,,,,
region,mudug,,Mudug,Mudug,,,,
region,nugaal,,Nugaal,Nugaal,,,,
region,sanaag,,Sanaag,Sanaag,,,,
region,sool,,Sool,Sool,,,,
region,togdheer,,Togdheer,Togdheer,,,,
region,woqooyi_galbeed,,Woqooyi Galbeed,Woqooyi Galbeed,,,,
district,kismayo,,Kismayo,Kismayo,lower_juba,,,
district,baki,,Baki,Baki,awdal,,,
district,borama,,Borama,Borama,awdal,,,
district,lughaye,,Lughaye,Lughaye,awdal,,,
district,zeylac,,Zeylac,Zeylac,awdal,,,
district,ceel_barde,,Ceel Barde,Ceel Barde,bakool,,,
district,rab_dhuure,,Rab Dhuure,Rab Dhuure,bakool,,,
district,tayeeglow,,Tayeeglow,Tayeeglow,bakool,,,
district,waajid,,Waajid,Waajid,bakool,,,
district,xudur,,Xudur,Xudur,bakool,,,
district,mogadishu,,Mogadishu,Mogadishu,banadir,,,
district,mogadishu_boondheere,,Mogadishu-Boondheere,Mogadishu-Boondheere,banadir,,,
district,mogadishu_cabdulcasiis,,Mogadishu-Cabdulcasiis,Mogadishu-Cabdulcasiis,banadir,,,
district,mogadishu_daynile,,Mogadishu-Daynile,Mogadishu-Daynile,banadir,,,
district,mogadishu_dharkenley,,Mogadishu-Dharkenley,Mogadishu-Dharkenley,banadir,,,
district,mogadishu_hawl_wadaag,,Mogadishu-Hawl Wadaag,Mogadishu-Hawl Wadaag,banadir,,,
district,mogadishu_heliwa,,Mogadishu-Heliwa,Mogadishu-Heliwa,banadir,,,
district,mogadishu_hodan,,Mogadishu-Hodan,Mogadishu-Hodan,banadir,,,
district,mogadishu_karaan,,Mogadishu-Karaan,Mogadishu-Karaan,banadir,,,
district,mogadishu_shangaani,,Mogadishu-Shangaani,Mogadishu-Shangaani,banadir,,,
district,mogadishu_shibis,,Mogadishu-Shibis,Mogadishu-Shibis,banadir,,,
district,mogadishu_waaberi,,Mogadishu-Waaberi,Mogadishu-Waaberi,banadir,,,
district,mogadishu_wadajir,,Mogadishu-Wadajir,Mogadishu-Wadajir,banadir,,,
district,mogadishu_wardhiigleey,,Mogadishu-Wardhiigleey,Mogadishu-Wardhiigleey,banadir,,,
district,mogadishu_xamar_jabjab,,Mogadishu-Xamar Jabjab,Mogadishu-Xamar Jabjab,banadir,,,
district,mogadishu_xamar_weyne,,Mogadishu-Xamar Weyne,Mogadishu-Xamar Weyne,banadir,,,
district,mogadishu_yaaqshiid,,Mogadishu-Yaaqshiid,Mogadishu-Yaaqshiid,banadir,,,
district,bandarbayla,,Bandarbayla,Bandarbayla,bari,,,
district,bossaso,,Bossaso,Bossaso,bari,,,
district,caluula,,Caluula,Caluula,bari,,,
district,iskushuban,,Iskushuban,Iskushuban,bari,,,
district,qandala,,Qandala,Qandala,bari,,,
district,qardho,,Qardho,Qardho,bari,,,
district,baidoa,,Baidoa,Baidoa,bay,,,
district,buur_hakaba,,Buur Hakaba,Buur Hakaba,bay,,,
district,diinsoor,,Diinsoor,Diinsoor,bay,,,
district,qansax_dheere,,Qansax Dheere,Qansax Dheere,bay,,,
district,cabudwaaq,,Cabudwaaq,Cabudwaaq,galgaduud,,,
district,cadaado,,Cadaado,Cadaado,galgaduud,,,
district,ceel_buur,,Ceel Buur,Ceel Buur,galgaduud,,,
district,ceel_dheer,,Ceel Dheer,Ceel Dheer,galgaduud,,,
district,dhuusamarreeb,,Dhuusamarreeb,Dhuusamarreeb,galgaduud,,,
district,baardheere,,Baardheere,Baardheere,gedo,,,
district,belet_xaawo,,Belet Xaawo,Belet Xaawo,gedo,,,
district,ceel_waaq,,Ceel Waaq,Ceel Waaq,gedo,,,
district,doolow,,Doolow,Doolow,gedo,,,
district,garbahaarey,,Garbahaarey,Garbahaarey,gedo,,,
district,luuq,,Luuq,Luuq,gedo,,,
district,belet_weyne,,Belet Weyne,Belet Weyne,hiraan,,,
district,bulo_burto,,Bulo Burto,Bulo Burto,hiraan,,,
district,jalalaqsi,,Jalalaqsi,Jalalaqsi,hiraan,,,
district,afmadow,,Afmadow,Afmadow,lower_juba,,,
district,badhaadhe,,Badhaadhe,Badhaadhe,lower_juba,,,
district,jamaame,,Jamaame,Jamaame,lower_juba,,,
district,afgooye,,Afgooye,Afgooye,lower_shabelle,,,
district,baraawe,,Baraawe,Baraawe,lower_shabelle,,,
district,kurtunwaarey,,Kurtunwaarey,Kurtunwaarey,lower_shabelle,,,
district,marka,,Marka,Marka,lower_shabelle,,,
district,qoryooley,,Qoryooley,Qoryooley,lower_shabelle,,,
district,sablaale,,Sablaale,Sablaale,lower_shabelle,,,
district,wanla_weyn,,Wanla Weyn,Wanla Weyn,lower_shabelle,,,
district,buaale,,Buaale,Buaale,middle_juba,,,
district,jilib,,Jilib,Jilib,middle_juba,,,
district,sakow,,Sakow,Sakow,middle_juba,,,
district,aden_yabaal,,Aden Yabaal,Aden Yabaal,middle_shabelle,,,
district,balcad,,Balcad,Balcad,middle_shabelle,,,
district,cadale,,Cadale,Cadale,middle_shabelle,,,
district,jowhar,,Jowhar,Jowhar,middle_shabelle,,,
district,gaalkacyo,,Gaalkacyo,Gaalkacyo,mudug,,,
district,galdogob,,Galdogob,Galdogob,mudug,,,
district,hobyo,,Hobyo,Hobyo,mudug,,,
district,jariiban,,Jariiban,Jariiban,mudug,,,
district,xarardheere,,Xarardheere,Xarardheere,mudug,,,
district,burtinle,,Burtinle,Burtinle,nugaal,,,
district,eyl,,Eyl,Eyl,nugaal,,,
district,garowe,,Garowe,Garowe,nugaal,,,
district,ceel_afweyn,,Ceel Afweyn,Ceel Afweyn,sanaag,,,
district,ceerigaabo,,Ceerigaabo,Ceerigaabo,sanaag,,,
district,laasqoray,,Laasqoray,Laasqoray,sanaag,,,
district,caynabo,,Caynabo,Caynabo,sool,,,
district,laas_caanood,,Laas Caanood,Laas Caanood,sool,,,
district,taleex,,Taleex,Taleex,sool,,,
district,xudun,,Xudun,Xudun,sool,,,
district,burco,,Burco,Burco,togdheer,,,
district,buuhoodle,,Buuhoodle,Buuhoodle,togdheer,,,
district,owdweyne,,Owdweyne,Owdweyne,togdheer,,,
district,sheikh,,Sheikh,Sheikh,togdheer,,,
district,berbera,,Berbera,Berbera,woqooyi_galbeed,,,
district,gebiley,,Gebiley,Gebiley,woqooyi_galbeed,,,
district,hargeysa,,Hargeysa,Hargeysa,woqooyi_galbeed,,,
yes_no,yes,,Yes,Haa,,,,
yes_no,no,,No,Maya,,,,
y_n_dk,yes,,Yes,Haa,,,,
y_n_dk,no,,No,Maya,,,,
y_n_dk,dontknow,,Don't know,Ma garanayo,,,,
male_female,male,,Male,Rag,,,,
male_female,female,,Female,Dumar,,,,
age,age12_17,,Age 12-17,Da'da qofka u dhaxeysa 12 ilaa 17,,,,
age,age18_25,,Age 18-25,Da'da qofka u dhaxeysa 18 ilaa 25,,,,
age,age26_30,,Age 26-30,Da'da qofka u dhaxeysa 26 ilaa 30,,,,
age,age31_35,,Age 31-35,Da'da qofka u dhaxeysa 31 ilaa 35,,,,
age,age36_40,,Age 36-40,Da'da qofka u dhaxeysa 36 ilaa 40,,,,
age,age41_45,,Age 41-45,Da'da qofka u dhaxeysa 41 ilaa 45,,,,
age,age46_50,,Age 46-50,Da'da qofka u dhaxeysa 46 ilaa 50,,,,
age,age51_55,,Age 51-55,Da'da qofka u dhaxeysa 51 ilaa 55,,,,
age,age56_59,,Age 56-59,Da'da qofka u dhaxeysa 56 ilaa 59,,,,
age,age60_65,,Age 60-65,Da'da qofka u dhaxeysa 60 ilaa 65,,,,
age,age66_70,,Age 66-70,Da'da qofka u dhaxeysa 66 ilaa 70,,,,
age,age71_75,,Age 71-75,Da'da qofka u dhaxeysa 71 ilaa 75,,,,
age,age76_80,,Age 76-80,Da'da qofka u dhaxeysa 76 ilaa 80,,,,
age,age81_85,,Age 81-85,Da'da qofka u dhaxeysa 81 ilaa 85,,,,
age,age86_90,,Age 86-90,Da'da qofka u dhaxeysa 86 ilaa 90,,,,
age,age91_95,,Age 91-95,Da'da qofka u dhaxeysa 91 ilaa 95,,,,
age,age96_100,,Age 96-100,Da'da qofka u dhaxeysa 96 ilaa 100,,,,
age,age100+,,Age 100+,Da'da qofka 100 ka wayn,,,,
disp_status,idp,,IDP,Barakace (qof ku barakacay wadanka gudahiisa),,,,
disp_status,refugee,,Refugee (from another country),Qaxooti (aan Soomaali ahayn),,,,
disp_status,returnee,,Returnee (Somali previously displaced in another country),Qaxooti (Soomaali ah) oo kasoo noqde qaxootinimo wadan kale ah,,,,
disp_status,host_comm,,Host community,Qof deegaan ah,,,,
disp_status,host_non,,Host non-resident (moving to this location from the same city/town),"Qof aan deegaan aheyn (usoo guuray goobtaan, kasoo guuray meel kale oo isla magaalada ah)",,,,
return_country,kenya,,Kenya,Kenya,,,,
return_country,ethiopia,,Ethiopia,Ethiopia,,,,
return_country,yemen,,Yemen,Yemen,,,,
return_country,uganda,,Uganda,Uganda,,,,
return_country,djibouti,,Djibouti,Djibouti,,,,
return_country,egypt,,Egypt,Egypt,,,,
return_country,eritrea,,Eritrea,Eritrea,,,,
return_country,tanzania,,Tanzania,Tanzania,,,,
return_country,other,,Other,Wax kale,,,,
return_area,dollo_ado,,Dollo Ado,Dollo Ado,,ethiopia,,
return_area,jijiga,,Jijiga,Jijiga,,ethiopia,,
return_area,addis_ababa,,Addis Ababa,Addis Ababa,,ethiopia,,
return_area,other,,Other,Wax kale,,ethiopia,,
return_area,dadaab,,Dadaab,Dadaab,,kenya,,
return_area,kakuma,,Kakuma,Kakuma,,kenya,,
return_area,nairobi,,Nairobi,Nairobi,,kenya,,
return_area,other,,Other,Wax kale,,kenya,,
return_settlement,melkadida,,Melkadida,Melkadida,,,dollo_ado,
return_settlement,kobe,,Kobe,Kobe,,,dollo_ado,
return_settlement,hilaweyn,,Hilaweyn,Hilaweyn,,,dollo_ado,
return_settlement,bokolmanyo,,Bokolmanyo,Bokolmanyo,,,dollo_ado,
return_settlement,buramino,,Buramino,Buramino,,,dollo_ado,
return_settlement,other,,Other,Wax kale,,,dollo_ado,
return_settlement,kebribeyah,,Kebribeyah,Kebribeyah,,,jijiga,
return_settlement,aw_barre,,Aw-Barre,Aw-Barre,,,jijiga,
return_settlement,sheder,,Sheder,Sheder,,,jijiga,
return_settlement,other,,Other,Wax kale,,,jijiga,
return_settlement,hagadera,,Hagadera,Hagadera,,,dadaab,
return_settlement,dagahaley,,Dagahaley,Dagahaley,,,dadaab,
return_settlement,ifo,,Ifo,Ifo,,,dadaab,
return_settlement,ifo_2,,Ifo 2,Ifo 2,,,dadaab,
return_settlement,kambioos,,Kambioos,Kambioos,,,dadaab,
return_settlement,other,,Other,Wax kale,,,dadaab,
date1,last_week,,In the last week,Isbuucii lasoo dhaafay,,,,
date1,last_month,,In the last month,Bishii lasoo dhaafay,,,,
date1,last_three_months,,In the last three months,Saddexdii bil ee lasoo dhaafay,,,,
date1,last_six_months,,In the last six months,Lixdii bil ee lasoo dhaafay,,,,
date1,six_months_plus,,More than six months ago,In ka badan 6 bil,,,,
reason1,conflict_community,,Actual conflict in community,Dagaalo ka jira deegaanka magangalyada,,,,
reason1,conflict_surrounding,,"Conflict in surrounding area, but not in my community","Dagaalo ka jira daafaha deegaanka, laakiin aan gudaha ahayn",,,,
reason1,conflict_fear,,Fear of conflict in community,Cabsi laga qabo dagaalo inay dhacaan,,,,
reason1,arrival_ags,,Arrival of armed groups,Imaanshaha kooxo hubeysan,,,,
reason1,withdrawal_ags,,Withdrawal of armed groups/ security forces,Ka baxida ciidamada hubeysan/xoogaga amniga,,,,
reason1,threats,,Personal threats,Handadaad shakhsiyeed,,,,
reason1,flooding,,Flooding,Daad/Fatahaad,,,,
reason1,lack_job,,Lack of livelihood opportunities/job,Fursado nolol-maalmeed oo aan jirin,,,,
reason1,lack_health,,Lack of health services,Adeeg caafimaad la'aan,,,,
reason1,lack_edu,,Lack of education services,Waxbarasho la'aan,,,,
reason1,drought,,Drought,Abaar,,,,
reason1,lack_water,,Lack of water (not drought related),Biyo la'aan (aan quseyn abaarta),,,,
reason1,lack_food,,Lack of food (not drought related),Cunto la'aan (aan quseyn abaarta),,,,
reason1,livestock_disease,,Livestock disease outbreak/livestock death,Xoolaha oo oo cudur ku dhacay,,,,
reason1,pressure_authorities,,Pressure from authorities,Cadaadis maamulka ah,,,,
reason1,pressure_hc,,Pressure from host communities,Cadaadis dadka deegaanka ah,,,,
reason1,eviction,,Eviction,Dhul/Guri ka saarid,,,,
reason1,none,,None,Midnaba,,,,
reason1,dontknow,,I don't know or don’t want to answer,Ma garanayo ama ma doonayo inaan ka jawaabo,,,,
reason2,no_conflict,,No conflict,Aan dagaalo jirin,,,,
reason2,work_income,,Availability of work/ income opportunities,Helida shaqo iyo fursad dhaqaale sameyn,,,,
reason2,health_ser,,Presence of health services,Jiritaanka/helitaanka adeeg caafimaad,,,,
reason2,educ_ser,,Presence of education services,Jiritaanka/helitaanka adeeg waxbarasho,,,,
reason2,food_dist,,Presence of food distribution/food aid,Helitaanka kaalmo raashiin,,,,
reason2,local_food,,Availability of local food (market/cultivation),Helitaanka raashiinka dalka (Suuqa ama beerasho),,,,
reason2,shelter,,Presence of shelter,Helitaanka aqal/hooy/guri,,,,
reason2,water,,Presence of water,Helitaanka biyo,,,,
reason2,cash,,Presence of cash distribution,Helitaanka lacag qeybinta,,,,
reason2,protection,,Presence of physical protection actors,Jiritaanka difaac/ilaalo,,,,
reason2,family,,To join family/community,In aan ku biiro qoyskeyga,,,,
reason2,none,,None,Midnaba,,,,
reason2,dontknow,,I don't know or don’t want to answer,Ma garanayo ama ma doonayo inaan ka jawaabo,,,,
returnee_remain,yes,,"Yes, will settle here","Haa, meeshaan ayaan degi doonaa",,,,
returnee_remain,elsewhere_city,,Will move elsewhere in this city,Meel kale oo magaalada ka mid ah ayaan u guuri doonaa,,,,
returnee_remain,elsewhere_somalia,,Will move elsewhere in Somalia,Meel kale oo wadanka dhaxdiisa ah ayaan aadi doonaa,,,,
returnee_remain,return_refugee,,Will return to the previous country of refuge,Waxaan u noqon doonaa wadanka magan galyada isiiye,,,,
returnee_remain,elsewhere_country,,Will move to another country,Wadan kale ayaan u guuri doonaa,,,,
returnee_remain,dontknow,,I don't know if I want to move,Ma aqaano haddii aan sii socon lahaa/guuri lahaa,,,,
date2,next_week,,In the next week,Isbuuca xiga,,,,
date2,next_month,,In the next month,Bisha xigta,,,,
date2,next_three_months,,In the next three months,Inta lagu guda jiro saddex bil ee socota,,,,
date2,next_six_months,,In the next six months,Inta lagu guda jiro lixda bil ee socota,,,,
date2,more_six_months,,More than six months from now,"In ka badan, laga bilaabo hadda",,,,
water_source,water_kiosk,,Water Kiosk,Tabakaayo biyo,,,,
water_source,piped_system,,Piped System,Tuubooyin,,,,
water_source,protected_well_no_hand_pump,,Protected Well w/o hand pump,Ceel daboolan - Bambo gacmeed aan laheyn,,,,
water_source,protected_well_with_hand_pump,,Protected Well with hand Pump,Ceel daboolan - Bambo gacmeed leh,,,,
water_source,unprotected_well,,Unprotected Well,Ceel aan daboolneyn,,,,
water_source,berkad,,Berkad,Berkad,,,,
water_source,river,,River,Wabi,,,,
water_source,tank_and_tap,,Water tank and Tap,Haan biy iyo tuubo,,,,
water_source,water_trucking_distrib,,Water Trucking Distribution Point,Barta lagu qeybiyo biyo dhaaminta,,,,
water_source,borehole,,Borehole with submersible pump,Ceel riig oo bambo leh,,,,
water_source,other,,Other,Wax kale,,,,
water_none,water_source,,There is not enough water at my water source so we reduced consumption,"Goobta biyaha aan kasoo qaadano malahan biyo ku filan, sidaas awgeed waan iska yareenay isticmaalkiisa",,,,
water_none,no_containers,,We don't have enough containers to store or carry water,Ma haysano weelal/haan nagu filan ee biyaha ku keydsan karno,,,,
water_none,poor_quality,,"The water is not good quality (taste, smell, cleanliness) so we reduced consumption","Biyaha tayo fican ma lahan (dhadhanka, shiirka, nadiif ahaanta), sidaas awgeed waan iska yareenay isticmaalkiisa",,,,
water_none,source_far,,The closest water source is far away,Goobta biyaha ee noogu dhow oo aad u fog,,,,
water_none,source_long,,The waiting time to collect water is too long,Waqtiga la sugayo biyaha qaadashiisa oo aad u dheer,,,,
water_none,unsafe,,We don't feel safe going to the water point,Amaan inooma ahan aaditaanka/gaarintaanka goobta biyaha,,,,
water_none,not_functional,,My water source is not functional,Goobta biyaha ma shaqeynayo,,,,
water_none,other,,Other,Wax kale,,,,
water_treat_how,boiling,,Boiling,Kar karinta biyaha,,,,
water_treat_how,cloth_filter,,Cloth filter,Dharka/Marada oo lagu shaandheeyo biyaha,,,,
water_treat_how,other_filter,,"Other kind of filter (membrane, ceramic etc)",Shaandooyinka kale sida (dhoobada iwm),,,,
water_treat_how,chlorine,,Chlorine tablets/aquatabs,Koloriin/Kaniinka sifeynta biyaha,,,,
water_treat_how,other,,Other,Wax kale,,,,
time_dist1,under_30_minutes,,Under 30 minutes,Wax ka yar 30 daqiiqo,,,,
time_dist1,30_minutes_1_hour,,30 minutes to less than 1 hour,30 daqiiqo ilaa 1 saac wax ka yar,,,,
time_dist1,1_hour_half_day,,One hour to less than half a day,1 saac ilaa iyo wax maalin ka yar,,,,
time_dist1,half_day,,Half a day,Maalin barkeed,,,,
time_dist1,full_day,,More than half a day,In ka badan maalin barkeed,,,,
time_dist1,dontknow,,I don't know or don’t want to answer,Ma garanayo ama ma doonayo inaan ka jawaabo,,,,
usd_price,usd_0_9,,Less than $10,In ka yar $10,,,,
usd_price,usd_10_99,,$10-$99,$10-$99,,,,
usd_price,usd_more_100,,More than $100,Wax ka badan $100,,,,
water_storage,jerry_can,,Jerry Cans,Jeriggaan,,,,
water_storage,water_tank,,Water tank,Haanta biyaha,,,,
water_storage,water_gallon,,Water gallon,3 ama 4 L qaad,,,,
water_storage,bucket_lid,,Bucket with lid,Baaldi dabool leh,,,,
water_storage,bucket_no_lid,,Bucket with no lid,Baaldi aan dabool laheyn,,,,
water_storage,plastic_bottle,,Plastic bottle,Weelasha caaga ah,,,,
water_storage,other,,Other,Kale,,,,
no_soap_why,cant_afford,,We can't afford it,Ma iibsan karno,,,,
no_soap_why,use_other,,We prefer using a substitute,Waxaan doorbideynaa inaan isticmaalno wax kale,,,,
no_soap_why,not_in_market,,Soap is not available in the market,Suuqa laga helo saabuunta,,,,
no_soap_why,market_too_far,,Market is too far,Suuqa ayaa aad u fog,,,,
no_soap_why,waiting_distribution,,We are waiting for the next distribution,Saabuun qeybinta soo xigta ayaa sugeynaa,,,,
no_soap_why,ran_out,,We ran out of soap,Saabuunta ayaa naga go'day,,,,
no_soap_why,not_necessary,,Soap is not necessary,Saabuunta muhiim ma ahan,,,,
no_soap_why,other,,Other,Wax kale,,,,
handwashing_techniques,water_only,,Water only,Biyo kaliya,,,,
handwashing_techniques,water_soap,,Water with soap,Biyo iyo saabuun,,,,
handwashing_techniques,water_ash,,Water with ash,Biyo iyo dambas,,,,
handwashing_techniques,water_sand,,Water with sand,Biyo iyo caro,,,,
handwashing_techniques,none,,Nothing,Waxba,,,,
hygiene_support,soap,,Soap,Saabuun,,,,
hygiene_support,shampoo,,Shampoo,Shaambo,,,,
hygiene_support,omo,,Omo,Omo/Tide,,,,
hygiene_support,chlorine,,Chlorine tablets/aquatabs,Koloriin/Kaniinka sifeynta biyaha,,,,
hygiene_support,filter,,Cloth filter,Dharka/Marada oo lagu shaandheeyo biyaha,,,,
hygiene_support,other_filter,,"Other kind of filter (membrane, ceramic etc)",Shaandooyinka kale sida (dhoobada iwm),,,,
hygiene_support,sanitary_towels,,Sanitary towels,shukumaanka/tuwaalka nadaafada,,,,
hygiene_support,other,,Other,Wax kale,,,,
hygiene_support,none,,None,Waxba,,,,
no_latrine,open_by_home,,In the open by the home,Meel banaan guriga u dhow,,,,
no_latrine,open_away_home,,In the open away from the home,Meel banaan guriga ka fog,,,,
no_latrine,community_defecation_point,,Community defecation area,Meel bulshada loo cayimay inay ku saxarooto,,,,
no_latrine,other,,Other,Wax kale,,,,
water_time,less_week,,Less than one week,Wax ka yar 1 isbuuc,,,,
water_time,week_to_month,,One week to one month,1 isbuuc ilaa 1 bil,,,,
water_time,two_to_six_months,,Two to six months,2 ilaa 6 bilood,,,,
water_time,six_months_plus,,Longer than six months,In ka badan 6 bil,,,,
price_change,increase,,The price has increased,Qiimaha ayaa sare u kacay,,,,
price_change,decrease,,The price has decreased,Qiimaha ayaa hoos u dhacay,,,,
price_change,no_change,,The price has not changed,Qiimaha ma is badalin,,,,
clean_containers,every_day,,Every day,Maalin walba,,,,
clean_containers,once_week,,Once a week,1 mar isbuucii,,,,
clean_containers,once_month,,Once a month,1 mar bishii,,,,
clean_containers,two_months,,Once every two months,1 mar 2-dii bilood,,,,
clean_containers,six_months,,Once every six months,1 mar 6-dii bilood,,,,
clean_containers,six_months_plus,,Longer than six months,In ka badan 6 bil,,,,
clean_containers,never,,Never,Marnaba,,,,
when_wash_hands,before_eating,,Before eating,Cunitaanka ka hor,,,,
when_wash_hands,before_food_baby,,Before feeding baby (including breastfeeding),Ka hor intaan canuga la quudin (La jiqsiin/la naas nuujin),,,,
when_wash_hands,before_food,,Before preparing food,Cuntada inaan diyaarin ka hor,,,,
when_wash_hands,serving_food,,Serving food,Cuntada intaan bixin/adeegin ka hor,,,,
when_wash_hands,after_defecating,,After defecating,Saxarada kadib,,,,
when_wash_hands,after_baby_poop,,After disposing of baby's faeces/washing baby's bottom,Markaan tuurayo/fogeynayo saxarada caruurta/ama aan dhaqo/meydho qeybaha hoose ee caruurta,,,,
when_wash_hands,after_eating,,After eating,Cunitaanka ka dib,,,,
when_wash_hands,never,,I never wash my hands,Maba dhaqo (abid) gacmaheyga,,,,
dispose_waste,latrine,,In the latrine,Suuliga/musqusha dhexdiisa,,,,
dispose_waste,garbage,,In the garbage dump,meesha qashinka/shiishka lagu shubo,,,,
dispose_waste,bury_it,,We bury it,Waan duugnaa/aasnaa,,,,
dispose_waste,burn_it,,We burn it,Waan gubnaa,,,,
dispose_waste,open_near_home,,In the open near the home,Meel banaan guriga u dhow,,,,
dispose_waste,open_away_home,,In the open away from the home,Meel banaan guriga ka fog,,,,
dispose_waste,dontknow,,I don’t know/ I don’t want to answer,Ma garanayo / ma doonayo inaan ka jawaabo,,,,
no_health_access,never_there,,There were never any health facilities nearby,Ma jirin goob caafimaad inoo dhow,,,,
no_health_access,not_functional_flood,,Health facility is not functional due to flooding,Goobta caafimaadka ma shaqeynayso daadka aawgiis,,,,
no_health_access,not-functional_other,,Health facility is not functional for another reason,Goobta caafimaadka ma shaqeynayso sababo kale aawgeed,,,,
no_health_access,no_health_workers,,There are no healthcare workers in the facility,Goobta caafimaadka ma joogaan shaqaalo caafimaad,,,,
no_health_access,no_medicine,,There is no medicine or treatment available in the facility,Goobta caafimaadka ma lahan daawooyinka,,,,
no_health_access,cant_afford,,We can't afford to use the facility,Ma iska bixin karo qarashaadka adeega caafimaadka ee goobtaan,,,,
no_health_access,facility_too_far,,The facility is too far away,Goobta caaafimaad aad ayee u fog tahay,,,,
no_health_access,inaccessible_insecurity,,The facility is inaccessible due to insecurity,Goobta caafimaadka lama aadi amaan daro aawgeed,,,,
health_services,treat_disease,,Treatment for diseases,Daaweynta cudurada,,,,
health_services,treat_awd,,Treatment for diarrohoea,Daaweynta shubanka,,,,
health_services,treat_wounds,,Treatment of wounds,Daaweynta dhaawacyada,,,,
health_services,sexual_health,,Sexual and reproductive health,caafimaadka jinsiga ah iyo taranka,,,,
health_services,mental_health,,Mental health services,Xanuunada dhimirka,,,,
health_services,maternal_health,,Maternal and child healthcare,Adeega dhalmada ama dhalaanka iyo hooyooyinka,,,,
health_services,drug_treatment,,Treatment for drug problems,Daaweynta dhibaatooyinka daroogada,,,,
health_services,surgery,,Surgery,Qaliinka,,,,
health_services,other,,Other,Wax kale,,,,
health_issues,malaria,,Malaria,Malaariyo,,,,
health_issues,stomach_pain,,Stomach pain,Calool xanuun,,,,
health_issues,wounds,,Wounds or physical injury (such as broken leg),Dhaawacyada/jabka (sida lug jabtay),,,,
health_issues,breathing_problems,,Breathing problems,Dhibaatooyinka Neefsashada,,,,
health_issues,eye_infection,,Eye infection,Caabuqa indhaha,,,,
health_issues,measles,,Skin diseases/rash,xanuunada maqaarka/firiiric,,,,
health_issues,awd,,Diarrhoea,Shuban,,,,
health_issues,malnutrition,,Malnutrition,Nafaqo darada,,,,
health_issues,khat,,Problems with khat consumption,Dhibaatooyinka keena cunista qaadka,,,,
health_issues,fever,,Fever,Xumad/Qandho,,,,
health_issues,none,,No issue,Dhibaato caafimaad ma jirto,,,,
health_issues,dontknow,,I don't know or don’t want to answer,Ma garanayo ama ma doonayo inaan ka jawaabo,,,,
health_source,government_clinic,,Government clinic or hospital,Goob caafimaad ama Isbitaalka dowlada,,,,
health_source,private_clinic,,Private clinic or hospital,Goob caafimaad ama Isbitaal aan dowlada aheyn (private ah),,,,
health_source,ngo_clinic,,NGO run clinic or hospital,Goob caafimaad ama Isbitaal NGO ay gacanta ku heyso,,,,
health_source,traditional_healer,,Traditional healer,Daawo dhaqameed,,,,
health_source,pharmacy,,Pharmacy,Farmasi,,,,
health_source,shop_drugs,,Shop selling medication,Dukaamada oo daawooyinka iibinaya,,,,
health_source,other,,Other,Wax kale,,,,
health_satisfied,very_satisfied,,Very satisfied,Aad ugu qanacsanahay,,,,
health_satisfied,quite_satisfied,,Quite satisfied,Xoogaa/In yar ugu qanacsanahay,,,,
health_satisfied,quite_unsatisfied,,Quite unsatisfied,Xoogaa/In yar aan ku qanacsaneyn,,,,
health_satisfied,very_unsatisfied,,Very unsatisfied,Aad aan ugu qanacsaneyn,,,,
diarrhoea_cause,garbage_water,,Water contaminated by garbage,Biyaha waxaa wasakheeya shiishka/qashinka,,,,
diarrhoea_cause,faeces_water,,Water contaminated by human faeces,Biyaha waxaa wasakheeya saxarada dadka,,,,
diarrhoea_cause,faeces_growing_food,,Growing food using water contaminated by human faeces,Raashiinka oo lagu beero biyaha wasakheeyeen saxarada dadka,,,,
diarrhoea_cause,dirty_containers,,Storing water in dirty containers,Biyaha oo lagu keediyo weelal/haan/fuusto wasakh ah,,,,
diarrhoea_cause,cooking_dirty_water,,Cooking food washed in dirty water,Karinta cunto lagu dhaqay/meedhay biyo wasakh ah,,,,
diarrhoea_cause,bathing_dirty_water,,Bathing in dirty water,Qubeeska/meedhasho biyo wasakh ah,,,,
diarrhoea_cause,other,,Other,Wax kale,,,,
diarrhoea_prevention,washing_soap,,Washing hands with soap,Gacmaha oo sabuun lagu dhaqo/xalo,,,,
diarrhoea_prevention,treating_supply,,Treating water supply,Daaweynta goobta biyaha,,,,
diarrhoea_prevention,latrines_separate,,Avoiding contamination of water source by keeping latrines far away from source of drinking water,In goobta biyaha laga fogeeyo wasakhda iyadoo suuliga aad looga fogeenayo goobta biyaha,,,,
diarrhoea_prevention,clean_containers,,Regularly cleaning water containers,In si joogto ah loo nadiifiyo goobta biyaha,,,,
diarrhoea_prevention,no_open_defecation,,Not practicing open defecation,Aan ku saxaroon meel banaan,,,,
diarrhoea_prevention,wash_food,,Washing food in clean water before cooking or eating,In cuntada lagu dhaqo biyo nadiif ah ka hor intaan la karin ama la cunin,,,,
diarrhoea_prevention,other,,Other,Wax kale,,,,
no_vaccination,no_health_facility,,I'm unable to access a healthcare facility,Ma awoodi inaan gaaro goob caafimaad,,,,
no_vaccination,no_vaccines_available,,I didn't know that vaccinations were available,Ma ogeyn in tallaalka la heli karo,,,,
no_vaccination,didn’t_know_vaccine,,I didn't know that I should vaccinate my child/children,Ma ogeyn in caruurteyda aan tallaalo la iga rabo,,,,
no_vaccination,culture_no_vaccine,,My culture does not allow vaccinations,Dhaqankeena ma ogolo tallaalka caruurta,,,,
no_vaccination,don’t_like_vaccine,,I don't like vaccinating my child/children,Ma jecli inaan tallaalo caruurteyda,,,,
latrine_type,flush_unimproved,,Flush latrine to the open,Musqul ku furan banaanka,,,,
latrine_type,flush_improved,,Flush latrine to a tank/sewer system/pit,"Musqul ku xeran booyad, god mise bullaacad",,,,
latrine_type,pit_improved,,Pit latrine covered/with slab,Godka musqusha oo daboolan,,,,
latrine_type,pit_unimproved,,Pit latrine open/without slab,Godka musqusha oo aan daboolneyn,,,,
latrine_type,other,,Other,Wax kale,,,,
latrine_hygiene,v_hygienic,,Very hygienic,Aad nadiif u ah,,,,
latrine_hygiene,hygienic,,Hygienic,Nadiif ah,,,,
latrine_hygiene,unhygienic,,Unhygienic,Aan nadiif aheyn,,,,
latrine_hygiene,v_unhygienic,,Very unhygienic,Aad u nadiif aheyn,,,,
diarrhoea_frequency,none,,None,Midna,,,,
diarrhoea_frequency,once,,Once,1 mar,,,,
diarrhoea_frequency,2_5,,2 to 5 times,2 ilaa 5 jeer,,,,
diarrhoea_frequency,6_10,,6 to 10 times,6 ilaa 10 jeer,,,,
diarrhoea_frequency,10_plus,,More than ten times,In ka badan 10 jeer,,,,
food_no,unsafe,,Unsafe to access land,Aan nabad aheyn si dhul u helo,,,,
food_no,lack_land,,There is not enough cultivation land available,Ma jirto dhul beereed ku filan,,,,
food_no,crops_destroyed_natural,,Crops have been destroyed by natural disaster,Dalaga waxaa burburiyay masiibooyinka dabiiciga ah,,,,
food_no,crops_destroyed_fight,,Crops have been destroyed by conflict,Dalaga waxaa baabi'yay dagaalada,,,,
food_no,grow_short,,Growing season was too short,Bixida oo aad u gaaban,,,,
food_no,crops_stolen,,Crops have been stolen,Dalaga waa la xaday,,,,
food_no,no_livestock,,Livestock have disease/died,Xoolahii way dhinteen/ama cudur baa ku dhacay,,,,
food_no,food_dist_stop,,Food distribution no longer occurs,Raashiin lama qeybiyo,,,,
food_no,no_market,,No functioning market,Suuq shaqeynaayo ma jiro,,,,
food_no,high_prices,,Prices too high to buy food,Qiimaha raashiin oo sare noqday,,,,
food_no,no_nets,,Lack of fishing nets,Shabak kaluumeysi la'aan,,,,
food_no,nothing,,No reason,Sabab la'aan,,,,
food_no,dontknow,,I don't know or don’t want to answer,Ma garanayo ama ma doonayo inaan ka jawaabo,,,,
food_no,other,,Other,Wax kale,,,,
food_type,cereals,,"Cereals (sorghum, rice, maize, millet, bread, spaghetti etc)","Xubuubta (Masago, bariis, galey, masago, rooto/canjeero/muufo, moxog, barado, iyo bataati dhuleed)",,,,
food_type,vit_a_veg,,"Vitamin A rich vegetables and tubers (yellow pubmkin, orange sweet potatoes, yellow cassava)","Khudaarta ay ka buuxdo Vitamin A (Bocor jaallaha, moxogta jaallaha ah, bataatiga macaan oo oranjada ah)",,,,
food_type,roots,,"White roots and tubers (white potatoes, cassava, arrowroot)","Jirida cad (Bataatiga cad, moxogta)",,,,
food_type,pulses,,"Legumes, nuts and seeds (cowpeas, lentils, peanut, beans)","Digirta (digir, loos, misir, salbuko, fuulka)",,,,
food_type,vegetables,,"Dark green leafy vegetables (pumpkin leaves, cassava leaves, kale)",Khudaarta cagaaran iyo caleemaha iyo khudrada duurka laga helo,,,,
food_type,other_veg,,"Other vegetables (tomatoes, onion, cabbage, bell pepper)","Khudaarta kale (Yaanyo, basal, kabash, barbarooni)",,,,
food_type,fruits,,"Vitamin A rich fruits (ripe mango, pawpaw, gob, hobob)",Miraha iyo miraha duurka laga helo,,,,
food_type,other_fruit,,"Other fruit (banana, orange, apple, grapes, wild fruits)","Furuutka sida (mooska, liimo oranjo, tufaax, canab, miro duureedka)",,,,
food_type,meat,,Meat & poultry,"Hilibka, sida (Lo'da, ariga, iyo digaaga)",,,,
food_type,fish,,Fish,Kalluunka,,,,
food_type,dairy,,Milk & milk products (cheese or yoghurt),"Caano, farmaajo ama caano fadhi iyo ukunta",,,,
food_type,eggs,,Eggs,Ukun/naalo/beyd,,,,
food_type,sweet,,"Sugar, honey and sweets","Sonkor, malab ama/iyo macmacaanka kale",,,,
food_type,fats,,"Oils, fats or butter","Saliid, dufin ama/iyo subag",,,,
food_type,condiments,,"Condiments, tea, coffee","Iidaan, shaah iyo qaxwo",,,,
food_type,dontknow,,I don't know or don’t want to answer,Ma garanayo ama ma doonayo inaan ka jawaabo,,,,
food_type,other,,Other,Wax kale,,,,
food_source,cultivated,,Cultivated/own production,Beertay/Abuurtay/Wax soo saarkeyga,,,,
food_source,forage,,Foraged for wild foods,Soo aruursaday miro duureedka,,,,
food_source,fishing_hunting,,Fishing / Hunting,Kalluumaysi/Ugaarsasho,,,,
food_source,bought,,Bought with cash or credit,Cku iibsaday lacag cadaan ah ama deen,,,,
food_source,barter,,Exchange goods for food,Isku-badalasho alaab/badeeco iyo raashiinka,,,,
food_source,family_friends,,"Given by family, friends, or other local people","Siiyay qaraabada, asxaabta ama dadka kale",,,,
food_source,ngo,,NGO or UN agency food distribution,Cunto ay qeybisay hey'ad UN ama hey'ad aan dowli aheyn,,,,
food_source,govt,,Government food distribution,Raashiin ay dowladda qeybisay,,,,
food_source,ffa_vouchers,,Food for assets/ food vouchers,Kaarka raashiinka /Raashiinka lagu bixiyo dayactirka hanti ma guurtada,,,,
food_source,dontknow,,I don't know or don’t want to answer,Ma garanayo ama ma doonayo inaan ka jawaabo,,,,
food_source,other,,Other,Wax kale,,,,
food_change,amount_reduced,,Amount of food available has reduced,Cadadka cuntada taala oo hoos u dhacay,,,,
food_change,amount_increased,,Amount of food available has increased,Cadadka cuntada taala oo sare u kacay,,,,
food_change,quality_reduced,,Quality of food has reduced,Tayada cuntada oo hoos u dhacay,,,,
food_change,quality_increased,,Quality of food has increased,Tayada cuntada oo sare u kacay,,,,
food_change,variety_reduced,,Variety of food has reduced,Kala duwanaashaha cuntada oo hoos u dhacay,,,,
food_change,variety_increased,,Variety of food has increased,Kala duwanaashaha cuntada oo sare u kacay,,,,
food_change,none,,Not changed,Ma is bedelin,,,,
meals_number,Less_than_1,,Less than 1,In ka yar 1,,,,
meals_number,1,,1,3,,,,
meals_number,2,,2,2,,,,
meals_number,3,,3,3,,,,
meals_number,3_plus,,3+,In ka badan 3,,,,
meals_number,dontknow,,I don’t know/ I don’t want to answer,Ma garanayo ama ma doonayo inaan ka jawaabo,,,,
household_member,adult_male,,Adult Male/ Father (aged 18+),Rag qaangaar ah,,,,
household_member,adult_female,,Adult Female/ Mother (aged 18+),Dumar qaangaar ah,,,,
household_member,elder_male,,Older boy (15-18),Rag ka yar 18 sano,,,,
household_member,elder_female,,Older girl (15-18),Dumar ka yar 18 sano,,,,
household_member,child_male,,Boy under the age of 15,Wiilasha da'doodu ka yar tahay 15,,,,
household_member,child_female,,Girl under the age of 15,Gabdhaha da'doodu ka yar tahay 15,,,,
time_dist,week,,In the next week,Isbuuca xiga,,,,
time_dist,month,,In the next month,Bisha xigta,,,,
time_dist,three_months,,Within three months,Inta lagu guda jiro saddex bil,,,,
time_dist,six_months,,Within six months,Inta lagu guda jiro lix bil,,,,
time_dist,more_six_months,,More than 6 months,In ka badan 6 bil,,,,
time_dist,never,,There is no distribution expected,Ma jiro raashiin qeybin la filaayo,,,,
time_dist,dontknow,,I don't know or don’t want to answer,Ma garanayo ama ma doonayo inaan ka jawaabo,,,,
food_distr_who,un_ngo,,UN or NGO,Hey'ad UN ama Hey'ad maxali ah (aan dowli aheyn),,,,
food_distr_who,local_com,,Local community/ community-based organisation (CBOs),Bulshada deegaanka/Hey'adda bulshada,,,,
food_distr_who,government,,Government,Dowlad,,,,
food_distr_who,armed_group,,AMISOM,Ciidamaha AMISOM,,,,
food_distr_who,islamic,,Islamic organisation/ mosque,Hey'addaha gargaarka ee islaamiga ah,,,,
food_distr_who,dontknow,,I don't know or don’t want to answer,Ma garanayo ama ma doonayo inaan ka jawaabo,,,,
income_source,subsistence_farming,,Subsistence farming,Beerasho nolol maalmeed ah,,,,
income_source,subsistence_livestock_produce,,Subsistence livestock produce,Ku tiirsanaanta wax soo saarka xoolaha la dhaqdo,,,,
income_source,subsistence_fishing,,Subsistence fishing,Kalluumeysasho nolol maalmeed,,,,
income_source,cash_crop_farming,,Farming for sale,Suuq geynta dallaga soo go'a,,,,
income_source,livestock_produce,,Livestock produce for sale,Suuq geynta wax soo saarka xoolaha nool,,,,
income_source,cash_fishing,,Cash fishing for sale,Kalluumaysi suug geyn,,,,
income_source,contracted,,Contracted job,Shaqo heshiis leh,,,,
income_source,business,,Business/ self employed,Ganacsi/Iskii u shaqeyste,,,,
income_source,day_labour,,Day labour/casual work,Shaqo maalmeed,,,,
income_source,remittances,,Remittances,Lacagaha lasoo xawilo,,,,
income_source,humanitarian_assistance,,Humanitarian assistance,Kaalmada bani'aadamka,,,,
income_source,allowance_community_support,,Allowance/ community support,Kaalmo bulsho,,,,
income_source,sale_of_humanitarian_assistance,,Sale of humanitarian assistance,Iska iibinta mucaawinada,,,,
income_source,rent_of_land_or_property,,Rent of land or property,Kiro dhul ama hanti,,,,
income_source,none,,None,Midnaba,,,,
income_source,other,,Other,Wax kale,,,,
industry_type,construction,,Construction,Dhismo,,,,
industry_type,agriculture,,Agriculture,Beer,,,,
industry_type,electrician,,Electrician,Korontiiste,,,,
industry_type,tailoring,,Tailoring,Dhar tolid,,,,
industry_type,telecommunications,,Telecommunications,Isgaarsiinta,,,,
industry_type,masonry,,Masonry,Najaarnimo,,,,
industry_type,carpentry,,Carpentry,Fuundinimo,,,,
industry_type,beauty_salon,,Beauty salon,Xarumaha qurxinta dumarka,,,,
industry_type,pastoralism,,Pastoralism/ livestock,Xoolo dhaqato,,,,
industry_type,fishing,,Fishing,Kalluumeysasho,,,,
industry_type,petty_trade,,Petty trade,Ganacsiga yar-yar,,,,
industry_type,transport,,Transportation,Gaadiid qaadashada,,,,
industry_type,handicrafts,,Handicrafts,Farshaxanka,,,,
industry_type,food_industry,,"Food insdustry (restaurant, tea shop)",Goobaha la cunteeyo (Maqaayad ama biibito),,,,
industry_type,humanitarian,,"UN, NGO or community based organisation","Hey'ad UN, hey'ad aan dowli aheyn ama urur bulsheed",,,,
industry_type,other,,Other,Wax kale,,,,
who_credit,un_ngo1,,UN/NGO,Hey'ad UN ama Hey'ad aan dowli aheyn,,,,
who_credit,govern,,Government,Dowlad,,,,
who_credit,com_org,,Community organisation,Urur bulsheed,,,,
who_credit,savings_loans,,Savings and Loans Association,Dhigasho/keydsasho iyo barnaamijyo deyn,,,,
who_credit,relatives,,Relatives or neighbours,Qaraabada ama Deriska,,,,
who_credit,hawala,,Hawala,Xawaalad,,,,
what_credit,food,,Food,Cunto,,,,
what_credit,health,,Healthcare,Adeeg caafimaad,,,,
what_credit,school_fees,,School fees and materials,Fee-ga iskuulka iyo agabka waxbarasho,,,,
what_credit,productive_assets,,"Productive assets (seeds, farming tools, sewing machine etc.)","agab wax soo saar leh/waxtarka leh sida (harqaanka, qalabka beeraha iwm.)",,,,
what_credit,livestock,,Livestock,Xoolaha nool,,,,
what_credit,land,,Rent of land or property,Kireyn dhul ama hanti,,,,
what_credit,other,,Other,Wax kale,,,,
live_coping,sold_livestock,,Sold livestock to pay for basic household needs,Iibiyay xoolaha nool si loo soo iibiyo waxyaabaha aasaasiga u ah guriga,,,,sold_livestock
live_coping,sold_items,,"Sold household items (mobile phone, furniture, cooking equipment etc) to pay for basic needs","Iibiyay agabka qoyska sida (mobile-ka, alaabta guriga (fadhiga, jiifka), qalabka cunto karinta, iwm) si cunto loo soo iibiyo",,,,sold_items
live_coping,sold_assets,,"Sold productive assets (sewing machine, agricultural tools etc.) to pay for basic needs","Iibiyay agab wax soo saar leh sida (harqaanka, qalabka beeraha iwm.)",,,,sold_assets
live_coping,dangerous_work,,Engaged in activities that put you at risk,Faraha kula jiro howlo halis u keeni karta,,,,dangerous_work
live_coping,migrated_food,,Abnormal migration to other areas in search of food,Isaga guuray goobo kale si cunto loo helo,,,,migrated_food
live_coping,stop_health_edu,,"Reduced household expenditure on other things (health, education) in order to pay for food",Waxa la yareeyay isticmaalka qoyska ee (caafimaadka io waxbarashada) si cunto loo soo iibiyo,,,,stop_health_edu
live_coping,family_sep,,Send family members to live in a different place (e.g. IDP settlement),U dirida qoyska qaar ka mid ah inay ku noolaadaan meelo kale sida (xero barakac),,,,family_sep
live_coping,spent_save,,Spent savings on food,Lacagahii keydka ahaa ku bixiyay cunto,,,,spent_save
live_coping,borrow_money,,Borrowing money,In lasoo amaahdo cunto,,,,
live_coping,children_work,,Send children to work,Caruurta oo loo diro inay soo shaqeeyaan,,,,
live_coping,none,,None,Midna,,,,
live_coping,other,,Other,Wax kale,,,,other
proportion,none,,None,Waxba,,,,
proportion,less_quarter,,Less than one quarter,In ka yar hal rubac,,,,
proportion,less_half,,Less than one half,In ka yar hal nus,,,,
proportion,more_half,,More than one half,In ka badan hal nus,,,,
proportion,more_three_quarters,,More than three quarters,Wax ka badan saddex rubac,,,,
proportion,all,,All,Dhamaan,,,,
live_what,animal_treat,,Animal vaccinations/treatment,Daaweynta iyo talaalida xoolaha,,,,
live_what,fodder,,Fodder provision,bixinta calafka/ ama cowska ay xoolaha cunaan,,,,
live_what,restocking_live,,Restocking livestock,Dib abuurida xoolaha nool,,,,
live_what,water_provision,,Water provision,Siinta biyaha,,,,
live_what,provision_ag_inputs,,"Provision of agricultural inputs (e.g. seeds, tools)",Siinta agabka beeraha iyo abuurka,,,,
live_who,un_ngo,,UN or NGO,Hey'ad UN ama Hey'ad aan dowli aheyn,,,,
live_who,local_com,,Local community/ community-based organisation,Bulshada deegaanka/Urrurada bulshada,,,,
live_who,government,,Government,Dowlad,,,,
live_who,private,,Private sector,Waaxda gaarka ah,,,,
live_who,islamic,,Islamic organisation/mosque,Hey'addaha gargaarka ee islaamiga ah,,,,
live_who,diaspora,,Diaspora,Qurbo-joog,,,,
live_who,other,,Other,Wax kale,,,,
live_who,dontknow,,I don't know or don’t want to answer,Ma garanayo ama ma doonayo inaan ka jawaabo,,,,
what_support,food_voucher,,Food vouchers,Raashiin kaar ah,,,,
what_support,food_in_kind,,Food in-kind,Raashiin cadaan ah,,,,
what_support,unconditional_cash_transfers,,Unconditional cash transfers,Lacag aan shuruud laheyn,,,,
what_support,cash_for_work,,Cash for work,lacagta lagu bixiyo shaqo dan guud ah,,,,
what_support,animal_vaccinations_treatment,,Animal vaccinations/treatment,Daaweynta iyo talaalida xoolaha,,,,
what_support,fodder_provision,,Fodder provision,bixinta calafka/ ama cowska ay xoolaha cunaan,,,,
what_support,restocking_livestock,,Restocking livestock,Dib abuurida xoolaha nool,,,,
what_support,water_provision,,Water provision,Siinta biyaha,,,,
what_support,provision_seeds,,"Provision of agricultural inputs (e.g. seeds, tools)",Siinta agabka beeraha iyo abuurka,,,,
where_seeds,own_seeds,,Own saved seeds,Heystay abuur uu meel dhigtay,,,,
where_seeds,borrow_seeds,,Borrow seeds from relatives/friends,Abuurka kasoo amaahday qaraabadda/asxaabta,,,,
where_seeds,market,,Bought in market,Ka iibsaday suuqa,,,,
where_seeds,un_ngo,,Received from UN/NGO,Ka helay hey'ad UN/Hey'adda aan dowli aheyn,,,,
where_seeds,govt,,Received from government,Ka helay dowladdda,,,,
where_seeds,comm,,Received from community seed multipliers,Ka helay guddiga abuurka,,,,
where_seeds,other,,Other,Wax kale,,,,
livestock_type,cattle,,Cattle,Lo',,,,
livestock_type,goat,,Goats,Ari/ Ri',,,,
livestock_type,sheep,,Sheep,Ido / wan / lax,,,,
livestock_type,camel,,Camel,Geel,,,,
livestock_type,other,,Other,Wax kale,,,,
child_feeding,only_breastfed,,Only breastfed,Kaliya waa la naas nuujiyaa,,,,
child_feeding,mostly_bf,,Mostly breastfed,Badanaa waa la naas nuujiyaa,,,,
child_feeding,sometimes_bf,,Sometimes breastfed,Mararka qaarkood waa la naas nuujiyaa,,,,
child_feeding,not_bf,,Not breastfed,Mala naas nuujiyo,,,,
water_source_live,water_kiosk,,Water Kiosk,Tabakaayo biyo,,,,
water_source_live,piped_system,,Piped System,Tuubooyin,,,,
water_source_live,protected_well_no_hand_pump,,Protected Well w/o hand pump,Ceel daboolan - Bambo gacmeed aan laheyn,,,,
water_source_live,protected_well_with_hand_pump,,Protected Well with hand Pump,Ceel daboolan - Bambo gacmeed leh,,,,
water_source_live,unprotected_well,,Unprotected Well,Ceel aan daboolneyn,,,,
water_source_live,berkad,,Berkad,Berkad,,,,
water_source_live,river,,River,Wabi,,,,
water_source_live,tank_and_tap,,Water tank and Tap,Haan biy iyo tuubo,,,,
water_source_live,water_trucking_distrib,,Water Trucking Distribution Point,Barta lagu qeybiyo biyo dhaaminta,,,,
water_source_live,borehole,,Borehole with submersible pump,Ceel riig oo bambo leh,,,,
water_source_live,other,,Other,Wax kale,,,,
water_source_live,no_water_needed,,I do not have livelihood activities which require water,Ma haysti howl nolol maalmeed ah oo biyo u baahan,,,,
water_responsible,community,,The community,Bulshada,,,,
water_responsible,household,,My household,Qoyskeyga,,,,
water_responsible,priv,,Private vendor,iibiyaha gaarka ah,,,,
water_responsible,no_one,,No one,Midna,,,,
water_responsible,other,,Other,Wax kale,,,,
clean_containers_what,water,,Water only,Biyo kaliya,,,,
clean_containers_what,water_soap,,Water and soap,Biyo iyo saabuun,,,,
clean_containers_what,water_omo,,Water and OMO,Biyo iyo omo/tide,,,,
clean_containers_what,water_bleach,,Water and bleach,Biyo iyo waxyaabaha wax lagu cadeeyo (bleach),,,,
clean_containers_what,nothing,,Nothing,Waxba,,,,
language,somali_standard,,Standard/ Northern Somali,Lahjada reer waqooyiga,,,,
language,somali_benaadir,,Benaadir Somali,Somali banaadiriga,,,,
language,somali_maay,,Maay Somali,Luuqada maayga,,,,
language,arabic,,Arabic,Carabi,,,,
language,english,,English,Ingiriis,,,,
language,italian,,Italian,Talyaani,,,,
language,bravanese,,Bravanese (Chimwiini/ Chimbalazi),Barwani,,,,
language,kibajuni,,Kibajuni,Baajuunta,,,,
language,mushunguli,,Mushunguli,Mushunguliga,,,,
language,somali_sign,,Somali Sign Language,Midaaritaanka,,,,
language,none,,None of the above,Midna maahan,,,,
info_sources,friends_family,,"Friends, neighbours and family","Saaxiib,Deris iyo qoys",,,,
info_sources,religious_leader,,Religious leader,Hogaamiye diimeed,,,,
info_sources,military,,Military official,Sargaal Militari,,,,
info_sources,tv,,TV,TV,,,,
info_sources,govt_official,,Government official,Sarkaal dowladeed,,,,
info_sources,community_leader,,Community leader,Hogaamiye bulsho,,,,
info_sources,aid_worker,,Aid worker,Shaqaale hay’adeed,,,,
info_sources,radio,,Radio,Radio,,,,
info_sources,none,,None,Midna,,,,
info_sources,other,,Other,Wax Kale,,,,
info_channels,radio,,Radio,Radio,,,,
info_channels,tv,,TV,TV,,,,
info_channels,newspaper_magazine,,Newspaper/magazine,Wargeys/jaraa’id,,,,
info_channels,telephone_voice,,Telephone voice call,Telephone,,,,
info_channels,sms,,SMS message,Fariin qoraal,,,,
info_channels,internet_news,,Internet news sites,Internet,,,,
info_channels,whatsapp,,Whatsapp,WhatsApp,,,,
info_channels,facebook,,Facebook,Facebook,,,,
info_channels,twitter,,Twitter,Twitter,,,,
info_channels,notice_boards_posters,,Notice boards and posters,Ogeysiisyo,,,,
info_channels,community_meetings,,Community meetings,Community meetings,,,,
info_channels,loudspeakers,,Loudspeakers,Codbaahiyayaal,,,,
info_channels,none,,None,Midna,,,,
info_channels,other,,Other,Wax Kale,,,,
information_needs,missing_persons,,Missing family and friends,Qoys iyo saaxibada oo ad weysay,,,,
information_needs,food,,Food,Cunto,,,,
information_needs,health,,Health advice and treatment,Talo cafimaad iyo dawo,,,,
information_needs,documentation,,Information on how to access personal documents such as ID cards,Xog ku saabsan si loo helo ducemntiyo shaqsiyadeed Card-ka aqoonsiga,,,,
information_needs,security,,Security,Amaanka,,,,
information_needs,contact_aid,,How to contact aid providers,Si loo xiriiro hay’adaha gargaarka,,,,
information_needs,water,,Water,Biyo,,,,
information_needs,shelter,,Shelter (or shelter materials),Hooy ama guri (qalabka hooyga),,,,
information_needs,market_prices,,Market prices for commodities and livestock,Sicirka suuqa iyo sicirka xoolaha,,,,
information_needs,weather,,Weather forecasts,Cimilada,,,,
information_needs,other,,Other,Wax Kale,,,,
shelter_type,emergency,,Emergency shelter,Hooy deg-deg ah,,,,
shelter_type,tent,,Temporary shelter (Tent),Aqal ku meel gaar ah (sida Teendo),,,,
shelter_type,buul,,Semi-permanent shelter (Buul),Aqal ku meel gaar ah (sida Buul),,,,
shelter_type,permanent,,Permanent shelter,Hooy joogto ah,,,,
shelter_type,open_air,,Open air,Meel banaan,,,,
shelter_type,other,,Other,Wax Kale,,,,
rent_collector,no_answer,,Do not wish to answer,Aanan rabin inuu ka jawaabo,,,,
rent_collector,politician,,Politician,Siyaasi,,,,
rent_collector,host_community,,Host community,Dadka deegaanka,,,,
rent_collector,community_leader,,Community leader,Oday bulsheed,,,,
rent_collector,business_man,,Business man,Ganacsade,,,,
rent_collector,diaspora,,Diaspora,Qurba joog,,,,
rent_collector,clan_leader,,Clan leader,Oday beeleed,,,,
rent_collector,militia,,Militia,Malayshiyo,,,,
rent_collector,owner,,Land Owner,Milkiilaha dhulka,,,,
rent_collector,gatekeeper,,Gatekeeper,Horjooge,,,,
rent_collector,other,,Other,Wax Kale,,,,
rent_frequency,weekly,,Weekly,Isbuucii mar,,,,
rent_frequency,monthly,,Monthly,Bishii mar,,,,
rent_frequency,quarterly,,Quarterly,3-dii bil mar,,,,
rent_frequency,annually,,Annually,Sanadkii mar,,,,
rent_frequency,other,,Other,Wax Kale,,,,
rent_type,cash,,Cash,Lacag cadaan ah,,,,
rent_type,aid,,Aid items,Mucaawinada,,,,
rent_type,assistance_relatives_friends,,Assistance from relatives/ friends,Taakuleyn qaraabada/asxaabta ah,,,,
rent_type,other,,Other,Wax Kale,,,,
unable_pay_rent,threats,,Threats,Hanjabaad,,,,
unable_pay_rent,forced_labour,,Forced labour,Shaqo qasab ah,,,,
unable_pay_rent,eviction,,Eviction,Barakicin,,,,
unable_pay_rent,sexual_expl,,Demand of sexual favour or sexual exploitations,Dalabka in jinsi/galmo la wadaago,,,,
unable_pay_rent,denial_assistance,,Denial of registration processes of upcoming humanitarian services,Diidmada diiwaan gelinta kaalmadda bani'aadamnimo ee soo socota,,,,
unable_pay_rent,do_not_know,,Do not know,Ma garanayo,,,,
unable_pay_rent,other,,Other,Wax Kale,,,,
nfis,cooking_pot,,Cooking pots (min 5L),Digsi/Surfiyo (5L qaad ah),,,,
nfis,knives,,Knives,Mindi/Toori,,,,
nfis,wash_basin,,Wash Basin (min 10L),Beeshin (10L qaad ah),,,,
nfis,mats,,Mat,Derin/Sali/Sujaayad,,,,
nfis,blankets,,Blanket,Kubeerto/Busto,,,,
nfis,plastic_sheet,,Plastic sheeting,Bac,,,,
nfis,jerry_can,,Jerry cans,Jeriggaan,,,,
nfis,mosq_net,,Mosquito net,Maro kaneeco/Shandarwo,,,,
nfis,none,,None,Midnaba,,,,
breadwinner,father,,Father of household,Aabaha qoyska,,,,
breadwinner,mother,,Mother of household,Hooyada qosyka,,,,
breadwinner,adult_male,,Adult male (aged 18+) other than father of the household,Qof rag ah (18 sano ama ka weyn) oo aan ahayn aabaha qoyska,,,,
breadwinner,adult_female,,Adult female (aged 18+) other than mother of the household,Qof dumar ah (18 sano ama ka weyn) oo aan ahayn hooyada qoyska,,,,
breadwinner,male_14_17,,Male child (aged 14-17),Qof rag ah (14 ilaa 17 sano jir ah),,,,
breadwinner,female_14_17,,Female child (aged 14-17),Qof dumar ah (14 ilaa 17 sano jir ah),,,,
breadwinner,male_13,,Male child (aged 13 or below),Qof rag ah (13 sano ama ka yar),,,,
breadwinner,female_13,,Female child (aged 13 or below),Qof dumar ah (13 sano ama ka yar),,,,
school_type,primary,,Primary,Hoose,,,,
school_type,secondary,,Secondary,Sare,,,,
school_type,alp,,Evening class or accelerated learning programme (ALP),Barnaamij waxbarasho deg-deg ah mise fasal habeenkii ah,,,,
school_type,quranic,,Quranic school,Dugsi Qur'aan,,,,
school_type,basic_literacy,,Basic literacy and numeracy classes,Aqris-qoraalka aasaasiga ah iyo tirabarashada,,,,
increase_decrease,increase,,Increase,Sare u kicid,,,,
increase_decrease,decrease,,Decrease,Hoos u dhicid,,,,
increase_decrease,no_change,,No change,Aan is badalin,,,,
priority_needs,water,,Water,Biyo,,,,
priority_needs,food,,Food,Cunto,,,,
priority_needs,shelter,,Shelter,Hooy/deegaan,,,,
priority_needs,security,,Security,Amaan,,,,
priority_needs,nutrition,,Nutrition Services,Adeeg nafaqo,,,,
priority_needs,latrines,,Latrines,Musqulo,,,,
priority_needs,education,,Education,Waxbarasho,,,,
priority_needs,healthcare,,Healthcare,Daryeel caafimaad,,,,
priority_needs,cooking_equip,,Cooking equipment,Qalabka cuntada lagu kariyo,,,,
priority_needs,water_basin,,Water basin,Beeshin,,,,
priority_needs,jerrycans,,Jerry Cans,Jeriggaan,,,,
priority_needs,soap,,Soap,Saabuun,,,,
priority_needs,mats_blankets,,Mats or Blankets,Sali ama Kubeerto,,,,
priority_needs,community_spaces,,Community spaces,Barxado bulsheed,,,,
priority_needs,reunification,,Reunification with family members,Dib ula midobida qoyska,,,,
priority_needs,livestock_support,,"Livelihood support (livestock restocking, irrigation pump etc.","Caawinaad dhanka nolol-maalmeedka ah (sida xoolaha dib loogu hagaajiyo, mise bamka biyaha ee bacriminta loo adeegsado, iwm)",,,,
assistance_types,food,,Food (in kind),Raashiin (caddaan),,,,
assistance_types,food_voucher,,Food voucher,Raashiin (Kaar),,,,
assistance_types,food_cash,,Cash for food,Raashiin (lacag cadaan ah),,,,
assistance_types,nfis,,Non-food items (in kind),Alaabta aan cuntada aheyn (caddaan),,,,
assistance_types,nfis_cash,,NFI Cash or voucher,Lacag cadaan ah mise kaar foojar ah,,,,
assistance_types,shelter_materials,,Shelter materials,Qalabka dhismaha/hooyga/guriga,,,,
assistance_types,shelter_cash,,Cash for shelter,Lacag aqalka/dhismo loogu talagalay,,,,
assistance_types,shelter_training,,Shelter training,Tababar aqalka dhisidiisa,,,,
assistance_types,uncond_cash,,Unconditional cash,Lacag aan shuruud laheyn,,,,
assistance_types,tvet,,Vocational training,Tababar farsamo gacmeed,,,,
assistance_types,livelihood_cash,,Livelihood cash,Nolol maalmeed oo lacag ahaan ah,,,,
assistance_types,water_voucher,,Water voucher,Kaarka biyaha,,,,
assistance_types,water_treatment,,Water treatment products,Daawooyinka biyaha,,,,
assistance_types,hygiene_kits,,Hygiene Items,Qalabka fayadhowrka,,,,
assistance_types,legal_assistance,,Legal assistance,Kaalmo sharciga ah,,,,
assistance_types,eviction_support,,Eviction support,Kaalmo loogu tala galay barakicinta/guurida,,,,
assistance_types,hlp_training,,HLP capacity training,"Tababar xuquuqda guryaha, dhulka iyo hantida",,,,
assistance_types,hlp_information,,HLP information services,"Adeegyada warbixinta guryaha, dhulka iyo hantida",,,,
assistance_types,support_elderly,,Support to elderly household members,Kaalmo dadka da'da ah ee qoyska ka tirsan,,,,
assistance_types,support_disabled,,Support to disabled members,Kaalmo dadka naafada ah,,,,
assistance_types,psychosocial_support,,Psychosocial support,Taageero arimaha nafsaaniga ah,,,,
assistance_types,none,,None of the above,Midnaba,,,,
hygiene_items,soap,,Soap,Saabuun,,,,
hygiene_items,shampoo,,Shampoo,Shaambo,,,,
hygiene_items,detergent,,Detergent (omo),Omo,,,,
hygiene_items,sanitary_items,,Sanitary items,Agabbka nadaafada,,,,
hygiene_items,aquatab,,Aquatab,Kaniiniyada biyaha,,,,
hygiene_items,jerrycans,,Jerry Cans,Jeriggaan,,,,
hygiene_items,bucket,,Bucket,Baaldi,,,,
hygiene_items,other,,Other,Kale,,,,
hygiene_items,none,,None,Midnaba,,,,
not_satisfied,not_enough,,Assistance was not enough to meet my needs,Caawinaada kuma filneyn daboolida baahideyda,,,,
not_satisfied,wrong_need,,I did not need the type of assistance that was given to me,Uma baahneyn nooca caawinaada la i siiyay,,,,
not_satisfied,low_quality,,Assistance was of low quality,Caawinaada aad ayee u tayo hooseysay,,,,
not_satisfied,tension_hh,,Assisstance caused tension within my household,Caawinaada ayaa xiisad ka dhex abuurtay qoyska,,,,
not_satisfied,dontknow,,I don’t know/ I don’t want to answer,Ma garanayo / ma doonayo inaan ka jawaabo,,,,
not_satisfied,other,,Other,Wax Kale,,,,
why_not_attend,emergency,,"Result of an emergency (conflict, drought, flood, eviction, etc.)","Sabab ka dhalatay xaalada deg dega ah (colaad, abaar, fatahaad, dhul ka saarid, iwm)",,,,
why_not_attend,fees,,Unable to pay school fees,Aan bixin karin qarashka iskuulka,,,,
why_not_attend,chores,,Domestic chores,Howsha guriga,,,,
why_not_attend,age,,Children too young to attend school,Da'da,,,,
why_not_attend,distance,,School is too far,Iskuulka oo aad u fog,,,,
why_not_attend,no_school,,No open school in the area,Iskuul furan oo aan jirin,,,,
why_not_attend,overcrowding,,Overcrowded classes,Fasalo buux dhaafay,,,,
why_not_attend,teaching_quality,,Quality of teaching is low,Tayada wax barista,,,,
why_not_attend,labour,,Need to work,U baahan shaqo,,,,
why_not_attend,violence_on_the_way,,Fear of violence on the way to school,Cabsi laga qabo qalalaaso ka dhacda wadada iskuulka,,,,
why_not_attend,violence_at_school,,Fear of violence at school,Cabsi laga qabo inay ka dhacdo iskuulka,,,,
why_not_attend,no_gendered_facilities,,Lack of gendered facilities,Alaab gabdhaha iyo wiilasha loogu talo galay oo aan jirin,,,,
why_not_attend,lack_wash_facilities,,Lack of proper WASH facilities,"Xarumaha biyaha , faydhowrka iyo nadaafada haboon oo aan jirin",,,,
why_not_attend,other,,Other,Wax Kale,,,,
why_not_attend,dontknow,,I don't know or don’t want to answer,Ma garanayo ama ma doonayo inaan ka jawaabo,,,,
violence,beating,,Beating or other ill treatment,Garaacid ama silcin,,,,
violence,gbv,,Rape or other GBV,Kufsi ama tacadiyo xaga jinsiga ah,,,,
violence,verbal,,Verbal abuse/name calling,xad gudub afka ah/magacegya ku dhawaaqayo,,,,
violence,no_answer,,Do not wish to answer,Aanan rabin inuu ka jawaabo,,,,
violence,other,,Other,Wax kale,,,,
legal_response,police,,Police,Boolis,,,,
legal_response,elder,,Community leader or elder,Oday bulsheed/dhaqameed,,,,
legal_response,trad_court,,Traditional court/customary law,Maxkamad dhaqameed/ Sharciga caadiga ah,,,,
legal_response,other_comm_org,,Other community organisation,Hey'd bulsho oo kale,,,,
legal_response,armed_group,,Armed group,Kooxo hubeysan,,,,
legal_response,no_reporting,,Would not report it,Ma wargelin laheyn,,,,
legal_response,none,,None,Midna,,,,
legal_response,dontknow,,I don't know or don’t want to answer,Ma garanayo ama ma doonayo inaan ka jawaabo,,,,
legal_response,other,,Other,Wax Kale,,,,
decision_making,camp_committee,,Camp committee (if in an IDP camp),Guriga kaamka (Haddii ay kaam dhex joogtid),,,,
decision_making,comm_leader,,Community leader or elder,Oday bulsheed/dhaqameed,,,,
decision_making,gatekeeper,,Gatekeeper/land owner,Horjooge/Milkiilaha dhulka,,,,
decision_making,cso,,Civil Society Organisations,Hey'adda bulshada,,,,
decision_making,demonstrations,,I participate in demonstrations/political movements,Waxaan ka qeyb qaataa banaan baxyada iyo dhaqdhaqaaqyadda siyaasadda,,,,
decision_making,none,,None,Midna,,,,
decision_making,dontknow,,I don't know or don’t want to answer,Ma garanayo ama ma doonayo inaan ka jawaabo,,,,
decision_making,other,,Other,Wax Kale,,,,
separation_accidental,acc_conflict,,Accidental during conflict,Mid aan kam aheyn oo dhacay xiliga dhagaalka,,,,
separation_accidental,acc_displacement,,Accidental during displacement,Mid aan kam aheyn oo dhacay xiliga barakaca,,,,
separation_accidental,other,,Other,Wax Kale,,,,
separation_accidental,dontknow,,I don't know or don’t want to answer,Ma garanayo ama ma doonayo inaan ka jawaabo,,,,
separation_voluntary,vol_violence,,Intentional due to family violence,Mid ula kac ah sababta isku dhac qoys awgiis,,,,
separation_voluntary,vol_caregiver,,Intentional due to death of a caregiver,Mid ula kac ah sababta qofka xannaaneeyaha/mas'uulka oo dhintay,,,,
separation_voluntary,vol_reunification,,Intentional for family reunification,Mid ula kac ah sababta qoyska oo midoowayo,,,,
separation_voluntary,other,,Other,Wax Kale,,,,
separation_voluntary,dontknow,,I don't know or don’t want to answer,Ma garanayo ama ma doonayo inaan ka jawaabo,,,,
harsh_work,machinery,,Involves heavy machinery or lifting,Ka qeyb qaata xamaaliga waxyaabaha culeyska badan sida mashiinada,,,,
harsh_work,heat_exposure,,"Involves exposure to extreme heat (i.e.furnace, bakery)",Ka shaqeeya shaqo dab kulul lagu shaqeeyo (sida foornada iyo rooti sameynta),,,,
harsh_work,overnight,,Works at night (between 8pm and 6am),Shaqeynta xilliga dambe habeenkii (Inta u dhaxeysa 8.00 galabnimo ilaa 6.00 subaxnimo),,,,
harsh_work,sharp_objects,,Uses sharp objects,Isticmaalaya waxyaabo af leh (sida toori),,,,
harsh_work,factory,,Factory work/good production,Shaqada warshada (wax soo saarka),,,,
harsh_work,vendor,,Street vending,Wadadda ka dhex shaqeysto,,,,
harsh_work,domestic_work,,Domestic work (in and outside the home),Shaqada caadiga ah (gudaha iyo dibadda guriga),,,,
harsh_work,armed_groups,,Engagement with armed groups,Faraha kula jiro kooxo hubeysan,,,,
harsh_work,agricultural_work,,Agricultural work,Shaqo beereed,,,,
harsh_work,family_business,,Family business,Ganacsiga qoys,,,,
harsh_work,none,,None,Waxba,,,,
harsh_work,other,,Other,Wax Kale,,,,
harsh_work,dontknow,,I don't know or don’t want to answer,Ma garanayo ama ma doonayo inaan ka jawaabo,,,,
behavior_change,none,,No change,Isbedel ma jiro,,,,
behavior_change,crying,,Unusual crying and screaming,Oohin iyo qeylo aan looga baran,,,,
behavior_change,aggressive,,More aggressive behavior,Dabeecad dagaal doon ah,,,,
behavior_change,violence,,Violence against younger children,Qalalaaso ka dhan ah carruurta yaryar,,,,
behavior_change,disrespectful,,Disrespectful behavior in the family,Xushmad daro dhank qoyska ah,,,,
behavior_change,sadness,,"Sadness (e.g. not talking, not playing, etc.)","Murugo ( tusaale, ma hadlayo, ma dheelayo, iwm)",,,,
behavior_change,substance_abuse,,Substance abuse,Isticmaalka mukhaadaraadka,,,,
behavior_change,crimes,,Committing crimes,Dembi gelid/ samayn,,,,
behavior_change,school_unwillingness,,Unwillingness to go to school,Aan rabin inuu aado iskuulka,,,,
behavior_change,not_willing_to_help,,Less willingness to help caregivers and siblings,Aan rabin inuu caawiyo dadka daryeelayo,,,,
behavior_change,having_nightmares,,Having nightmares and/or not being able to sleep,Qaraw ama aan awoodin inuu seexdo,,,,
behavior_change,anti_social,,Anti-social (isolating themselves),Bulsho naceyb/ gooni u socod,,,,
behavior_change,wanting_to_join_armed_groups,,Wanting to join/joining armed forces or groups,rabitaanka ku biirista ciidamada qalabka sida ama kooxo hubeysan,,,,
behavior_change,other,,Other,Wax Kale,,,,
behavior_change,dontknow,,I don't know or don’t want to answer,Ma garanayo ama ma doonayo inaan ka jawaabo,,,,
separation_circumstances,voluntary,,Voluntary,Si ikhtiyaar ah,,,,
separation_circumstances,accidental,,Accidental,Si aan kutalagal ahayn,,,,
separation_circumstances,forced,,Forced,Qasab,,,,
movement_restrictions,roadblocks,,Roadblocks,Jid gooyo,,,,
movement_restrictions,gatekeepers,,Gatekeepers,Horjoogayaal,,,,
movement_restrictions,gbv,,Gender Based Violence,Xad gudub jinsi ah,,,,
movement_restrictions,erws,,Explosive remnants of war,Haraadiga waxyaabaha qarxa ee dagaalka,,,,
movement_restrictions,armed_groups,,Presence of armed actors,Joogida dad hubeysan,,,,
movement_restrictions,other,,Other,Wax kale,,,,
insecurity_cause,local_militias,,Local militias,Malayshida deegaanka ah,,,,
insecurity_cause,family_members,,Family members,Dad qoyska ah,,,,
insecurity_cause,amisom,,AMISOM,AMISOM,,,,
insecurity_cause,armed_groups,,Armed groups,Kooxo hubeysan,,,,
insecurity_cause,criminals,,Criminals,Dambi,,,,
insecurity_cause,snf,,Somali National Forces,Ciidamada xooga dalka,,,,
insecurity_cause,community_leaders,,Community leaders,Gudoomiye Bulsheed,,,,
insecurity_cause,police,,Police,Boolis,,,,
insecurity_cause,gatekeepers,,Presence of gatekeepers,Joogitaanka hoorjoogeyaal,,,,
insecurity_cause,none,,None of the above,Midnaba,,,,
insecurity_cause,other,,Other,Wax kale,,,,
unsafe_areas,shelters,,In shelters,Gudaha aqalka,,,,
unsafe_areas,camp_areas,,When leaving the settlement/town,Marka ka tagaayo kaamka/deegaanka/tuulada/magaalka,,,,
unsafe_areas,waterpoint,,Water point,Goobta biyaha,,,,
unsafe_areas,latrines,,Latrines,Musqulaha,,,,
unsafe_areas,bathing_areas,,Bathing areas,Goobaha quweyska,,,,
unsafe_areas,market,,Market,Suuqa,,,,
unsafe_areas,school,,School,Iskuulka,,,,
unsafe_areas,health_centre,,Health centre,Goobta caafimaadka,,,,
unsafe_areas,feeding_distribution_point,,Feeding centre/ distribution point,Xarunta quudinta/goobta nafaqo qeybinta,,,,
unsafe_areas,no_answer,,Chose not to answer,Aan ka jawaabi rabin,,,,
unsafe_areas,other,,Other,Wax kale,,,,
hh_score,never,,Never (0),Marna ma dhicin,,,,
hh_score,rarely,,Rarely (1-10 days),Mar dhif ah/ mar- mar,,,,
hh_score,often,,Often (more than 10 times),Inta badan,,,,
hh_score,dontknow,,I don’t know/ I don’t want to answer,Ma garanayo / ma doonayo inaan ka jawaabo,,,,
gbv_services,community_leader,,Community leader,Gudoomiye Bulsheed,,,,
gbv_services,health_centre,,Health centre,Xarun caafimaad,,,,
gbv_services,un_agency,,UN or NGO agency,Hey'ad UN ama NGO,,,,
gbv_services,police,,Police,Boolis,,,,
gbv_services,dontknow,,I don’t know/ I don’t want to answer,Ma garanayo / ma doonayo inaan ka jawaabo,,,,
gbv_services,other,,Other,Wax Kale,,,,
soap_access,yes_saw,,Yes (only answer if enumerator have physically SEEN soap),Haa (Waa haddii xog-aruuriyaha uu arkay saabuunta),,,,
soap_access,yes_no_evidence,,Yes (but could not show enumerator soap),Haa (Laakiin xog-aruuriyaha ma arkin saabuunta),,,,
soap_access,no,,No,Maya,,,,
separation_voluntary,vol_caregiver,,Intentional to find work far from caregiver,Si kam ah: si shaqo u helo meel ka fog mas'uulka/xannaaneeyaha,,,,
separation_voluntary,vol_assistance,,Intentional to join IDP site and/or access assistance,"Si kam ah: si uu ugu biiro xero barkaco, si uu u helo adeegyada caawinaada",,,,
separation_voluntary,vol_other,,Other,Wax Kale,,,,
separation_forced,for_abducted,,Forced: abducted,Afduub; si qasab ku kaxeysi,,,,
separation_forced,for_groups,,Forced: recruitment into armed groups,Si qasab ah in lagu ciidameeyo kooxaha hubeysan,,,,
separation_forced,for_marriage,,Forced: marriage,Guur qasab ah,,,,
separation_forced,other,,Other,Wax kale,,,,
separation_forced,dontknow,,I don't know or don’t want to answer,Ma garanayo ama ma doonayo inaan ka jawaabo,,,,
latrine_access,all_use,,All members have access and use it,Dhamaan qoyska ayaa suuliga hela oo isticmaala,,,,
latrine_access,some_use,,All members have access but only some use it,Dhamaan qoyska ayaa suuliga hela laakiin qaar ayaa isticmaala,,,,
latrine_access,some_access,,Only some members have access to a latrine,Qaar ka mid ah qoyska ayaa suuliga hela,,,,
latrine_access,no_access,,No members have access,Qofna ma helo,,,,
latrine_access,dontknow,,I don't know or don’t want to answer,Ma garanayo ama ma doonayo inaan ka jawaabo,,,,
host_relations,very_good,,Very good,Aad u fiican,,,,
host_relations,good,,Good,Fiican,,,,
host_relations,fair,,Fair,Dhexdhexaad,,,,
host_relations,bad,,Bad,Xun,,,,
host_relations,very_bad,,Very bad,Aad u xun,,,,
host_relations,dnk,,Do not know,Ma garanayo,,,,
host_relations,no_answer,,Do not wish to answer,Aanan rabin inuu ka jawaabo,,,,
reason_tensions,competition_work,,Competition for work,Tartan shaqo,,,,
reason_tensions,crime,,Crime,Dambi,,,,
reason_tensions,clan_conflict,,Clan conflict,Isku dhacyo qabiil,,,,
reason_tensions,burden_services,,Burden on local services/ infrastructure,Adeegyada gudaha oo ceriiri ah,,,,
reason_tensions,presence_ags,,Presence of armed groups,Joogitaanka ciidamo hubeysan,,,,
reason_tensions,dnk,,Do not know,Ma garanayo,,,,
reason_tensions,no_answer,,Do not wish to answer,Aanan rabin inuu ka jawaabo,,,,
reason_tensions,other,,Other,Wax Kale,,,,
shelter_damage,structural,,Damage to structural material,Burbur dhismaha ah,,,,
shelter_damage,floor,,Damage to floor,Burbur dhulka ah,,,,
shelter_damage,roof,,Damage to roof,Burbur saqafka ah,,,,
shelter_damage,wall,,Damage to wall material,Burbur darbiga ah,,,,
shelter_damage,total,,Totally destroyed,Gabi ahaanba burbursan,,,,
shelter_damage,other,,Other,Wax Kale,,,,
floor_material,earth,,Earth,Dhullka,,,,
floor_material,cement,,Cement,Shamiindo,,,,
floor_material,plastic_sheet,,Plastic sheet,Baco,,,,
floor_material,bricks,,Bricks,Bulkeeti,,,,
floor_material,other,,Other,Wax Kale,,,,
structural_material,wood,,Wood,Qori/Alwaax,,,,
structural_material,metal,,Metal,Bir,,,,
structural_material,cement,,Cement,Shamiindo,,,,
structural_material,bricks,,Bricks,Bulkeeti,,,,
structural_material,stones,,Stones,Dhagxaan,,,,
structural_material,other,,Other,Wax Kale,,,,
covering_material,plastic_sheet,,Plastic sheet,Baco,,,,
covering_material,clothes_rags,,Clothes/ rags,Dhar/roog/kubeerto,,,,
covering_material,vegetation,,Vegetation,Dhir,,,,
covering_material,iron_sheet,,Iron sheet,Laamyeeri,,,,
covering_material,nido,,Tin can (Nido),Gasaca caano booraha,,,,
covering_material,earth,,Earth,Dhullka,,,,
covering_material,other,,Other,Wax Kale,,,,
internal_separation,cloth,,Cloth,Dhar,,,,
internal_separation,plastic_sheet,,Plastic sheet,Baco,,,,
internal_separation,cardboard,,Cardboard,Kaarboor/Kartoon,,,,
internal_separation,organic_materials,,Organic materials,Walxaha dhirta ah,,,,
internal_separation,hessian_sacks,,Hessian sacks,Jawaano,,,,
internal_separation,cgi,,CGI,Jiingad/Laamyeeri,,,,
internal_separation,other,,Other,Wax Kale,,,,
education_types,primary,,Primary,Hoose/Dhexe,,,,
education_types,secondary,,Secondary,Sare (13-17),,,,
education_types,vocational,,Vocational,Tababar farsamo gacmeed,,,,
education_types,basic,,Basic literacy/ numeracy,Qorista iyo xisaabta caadiga ah,,,,
education_types,informal,,Informal,Aaan nimaadi aheyn,,,,
nutrition_services,sc,,Stabilization Center (SC),Xarun dejin,,,,
nutrition_services,otp,,Out-patient Therapeutic Care Programme (OTP),Barnaamijka daryeelka bukaan socodka,,,,
nutrition_services,tsfp,,Targeted Supplementary Feeding Programme (TSFP),Barnaamijka quudinta dheeriga ah ee la beegsado,,,,
nutrition_services,bsfp,,Blanket Supplementary Feed Programme (BSFP),Barnaamijka quudinta dheeriga ah,,,,
nutrition_services,wet_feeding,,Wet Feeding,Cuntada karsan,,,,
nutrition_services,iycf,,Infant and young Child feeding (IYCF),Quudinta dhallaanka iyo caruurta yar,,,,
nutrition_services,micronutrient_supplementation,,Micronutrient supplementation,Nafaqada dheeriga ah,,,,
nutrition_services,none,,None of the above,Midnaba,,,,
nutrition_services,do_not_know,,Do not know,Ma garanayo,,,,
currency,sos,,Somali shilling,Shillin Soomaali,,,,
currency,slsh,,Somaliland Shilling,Shillin Soomaaliland,,,,
currency,kes,,Kenyan shilling,Shillin Kenya,,,,
currency,etb,,Ethiopian Birr,Birta Itoobiya,,,,
