list_name,name,label::English,,rank (visualisations ordered decending),,
age,age12_17,Age 12-17,,,,
age,age18_25,Age 18-25,,,,
age,age26_30,Age 26-30,,,,
age,age31_35,Age 31-35,,,,
age,age36_40,Age 36-40,,,,
age,age41_45,Age 41-45,,,,
age,age46_50,Age 46-50,,,,
age,age51_55,Age 51-55,,,,
age,age56_59,Age 56-59,,,,
age,age60_65,Age 60-65,,,,
age,age66_70,Age 66-70,,,,
age,age71_75,Age 71-75,,,,
age,age76_80,Age 76-80,,,,
age,age81_85,Age 81-85,,,,
age,age86_90,Age 86-90,,,,
age,age91_95,Age 91-95,,,,
age,age96_100,Age 96-100,,,,
age,age100+,Age 100+,,,,
assistance_types,food,Food (in kind),,,,
assistance_types,food_voucher,Food voucher,,,,
assistance_types,food_cash,Cash for food,,,,
assistance_types,nfis,Non-food items (in kind),,,,
assistance_types,nfis_cash,NFI Cash or voucher,,,,
assistance_types,shelter_materials,Shelter materials,,,,
assistance_types,shelter_cash,Cash for shelter,,,,
assistance_types,shelter_training,Shelter training,,,,
assistance_types,uncond_cash,Unconditional cash,,,,
assistance_types,tvet,Vocational training,,,,
assistance_types,livelihood_cash,Livelihood cash,,,,
assistance_types,water_voucher,Water voucher,,,,
assistance_types,water_treatment,Water treatment products,,,,
assistance_types,hygiene_kits,Hygiene Items,,,,
assistance_types,legal_assistance,Legal assistance,,,,
assistance_types,eviction_support,Eviction support,,,,
assistance_types,hlp_training,HLP capacity training,,,,
assistance_types,hlp_information,HLP information services,,,,
assistance_types,support_elderly,Support to elderly household members,,,,
assistance_types,support_disabled,Support to disabled members,,,,
assistance_types,psychosocial_support,Psychosocial support,,,,
assistance_types,none,None of the above,,,,
behavior_change,none,No change,,,,
behavior_change,crying,Unusual crying and screaming,,,,
behavior_change,aggressive,More aggressive behavior,,,,
behavior_change,violence,Violence against younger children,,,,
behavior_change,disrespectful,Disrespectful behavior in the family,,,,
behavior_change,sadness,"Sadness (e.g. not talking, not playing, etc.)",,,,
behavior_change,substance_abuse,Substance abuse,,,,
behavior_change,crimes,Committing crimes,,,,
behavior_change,school_unwillingness,Unwillingness to go to school,,,,
behavior_change,not_willing_to_help,Less willingness to help caregivers and siblings,,,,
behavior_change,having_nightmares,Having nightmares and/or not being able to sleep,,,,
behavior_change,anti_social,Anti-social (isolating themselves),,,,
behavior_change,wanting_to_join_armed_groups,Wanting to join/joining armed forces or groups,,,,
behavior_change,other,Other,,,,
behavior_change,dontknow,I don't know or don’t want to answer,,,,
breadwinner ,father,Father of household,,,,
breadwinner ,mother,Mother of household ,,,,
breadwinner ,adult_male,Adult male (aged 18+) other than father of the household,,,,
breadwinner ,adult_female,Adult female (aged 18+) other than mother of the household,,,,
breadwinner ,male_14_17,Male child (aged 14-17),,,,
breadwinner ,female_14_17,Female child (aged 14-17),,,,
breadwinner ,male_13,Male child (aged 13 or below),,,,
breadwinner ,female_13,Female child (aged 13 or below),,,,
child_feeding,only_breastfed,Only breastfed,,,,
child_feeding,mostly_bf,Mostly breastfed,,,,
child_feeding,sometimes_bf,Sometimes breastfed,,,,
child_feeding,not_bf,Not breastfed,,,,
clean_containers,every_day,Every day,,,,
clean_containers,once_week,Once a week,,,,
clean_containers,once_month,Once a month,,,,
clean_containers,two_months,Once every two months,,,,
clean_containers,six_months,Once every six months,,,,
clean_containers,six_months_plus,Longer than six months,,,,
clean_containers,never,Never ,,,,
clean_containers_what,water,Water only,,,,
clean_containers_what,water_soap,Water and soap,,,,
clean_containers_what,water_omo,Water and OMO,,,,
clean_containers_what,water_bleach,Water and bleach,,,,
clean_containers_what,nothing,Nothing,,,,
covering_material,plastic_sheet,Plastic sheet,,,,
covering_material,clothes_rags,Clothes/ rags,,,,
covering_material,vegetation,Vegetation,,,,
covering_material,iron_sheet,Iron sheet,,,,
covering_material,nido,Tin can (Nido),,,,
covering_material,earth,Earth,,,,
covering_material,other,Other,,,,
currency,sos,Somali shilling,,,,
currency,slsh,Somaliland Shilling,,,,
currency,kes,Kenyan shilling,,,,
currency,etb,Ethiopian Birr,,,,
date1,last_week,In the last week,,,,
date1,last_month,In the last month,,,,
date1,last_three_months,In the last three months,,,,
date1,last_six_months,In the last six months,,,,
date1,six_months_plus,More than six months ago,,,,
date2,next_week,In the next week,,,,
date2,next_month,In the next month,,,,
date2,next_three_months,In the next three months,,,,
date2,next_six_months,In the next six months,,,,
date2,more_six_months,More than six months from now,,,,
decision_making,camp_committee,Camp committee (if in an IDP camp),,,,
decision_making,comm_leader,Community leader or elder,,,,
decision_making,gatekeeper,Gatekeeper/land owner,,,,
decision_making,cso,Civil Society Organisations ,,,,
decision_making,demonstrations,I participate in demonstrations/political movements ,,,,
decision_making,none,None,,,,
decision_making,dontknow,I don't know or don’t want to answer,,,,
decision_making,other,Other,,,,
diarrhoea_cause,garbage_water,Water contaminated by garbage,,,,
diarrhoea_cause,faeces_water,Water contaminated by human faeces,,,,
diarrhoea_cause,faeces_growing_food,Growing food using water contaminated by human faeces,,,,
diarrhoea_cause,dirty_containers,Storing water in dirty containers,,,,
diarrhoea_cause,cooking_dirty_water,Cooking food washed in dirty water,,,,
diarrhoea_cause,bathing_dirty_water,Bathing in dirty water,,,,
diarrhoea_cause,other,Other,,,,
diarrhoea_frequency,none,None,,1,,
diarrhoea_frequency,once,Once,,2,,
diarrhoea_frequency,2_5,2 to 5 times,,3,,
diarrhoea_frequency,6_10,6 to 10 times,,4,,
diarrhoea_frequency,10_plus,More than ten times,,5,,
diarrhoea_prevention,washing_soap,Washing hands with soap,,6,,
diarrhoea_prevention,treating_supply,Treating water supply,,7,,
diarrhoea_prevention,latrines_separate,Avoiding contamination of water source by keeping latrines far away from source of drinking water,,8,,
diarrhoea_prevention,clean_containers,Regularly cleaning water containers,,9,,
diarrhoea_prevention,no_open_defecation,Not practicing open defecation,,10,,
diarrhoea_prevention,wash_food,Washing food in clean water before cooking or eating,,11,,
diarrhoea_prevention,other,Other,,12,,
disp_status,idp,IDP,,13,,
disp_status,refugee,Refugee (from another country),,14,,
disp_status,returnee,Returnee (Somali previously displaced in another country),,15,,
disp_status,host_comm,Host community ,,16,,
disp_status,host_non,Host non-resident (moving to this location from the same city/town),,17,,
dispose_waste,latrine,In the latrine,,18,,
dispose_waste,garbage,In the garbage dump,,,,
dispose_waste,bury_it,We bury it,,,,
dispose_waste,burn_it,We burn it,,,,
dispose_waste,open_near_home,In the open near the home,,,,
dispose_waste,open_away_home,In the open away from the home,,,,
dispose_waste,dontknow,I don’t know/ I don’t want to answer,,,,
district,kismayo,Kismayo,,,,
district,baki,Baki,,,,
district,borama,Borama,,,,
district,lughaye,Lughaye,,,,
district,zeylac,Zeylac,,,,
district,ceel_barde,Ceel Barde,,,,
district,rab_dhuure,Rab Dhuure,,,,
district,tayeeglow,Tayeeglow,,,,
district,waajid,Waajid,,,,
district,xudur,Xudur,,,,
district,mogadishu,Mogadishu,,,,
district,mogadishu_boondheere,Mogadishu-Boondheere,,,,
district,mogadishu_cabdulcasiis,Mogadishu-Cabdulcasiis,,,,
district,mogadishu-daynile,Mogadishu-Daynile,,,,
district,mogadishu_dharkenley,Mogadishu-Dharkenley,,,,
district,mogadishu_hawl_wadaag,Mogadishu-Hawl Wadaag,,,,
district,mogadishu_heliwa,Mogadishu-Heliwa,,,,
district,mogadishu-hodan,Mogadishu-Hodan,,,,
district,mogadishu_karaan,Mogadishu-Karaan,,,,
district,mogadishu_shangaani,Mogadishu-Shangaani,,,,
district,mogadishu_shibis,Mogadishu-Shibis,,,,
district,mogadishu_waaberi,Mogadishu-Waaberi,,,,
district,mogadishu_wadajir,Mogadishu-Wadajir,,,,
district,mogadishu_wardhiigleey,Mogadishu-Wardhiigleey,,,,
district,mogadishu_xamar_jabjab,Mogadishu-Xamar Jabjab,,,,
district,mogadishu_xamar_weyne,Mogadishu-Xamar Weyne,,,,
district,mogadishu_yaaqshiid,Mogadishu-Yaaqshiid,,,,
district,bandarbayla,Bandarbayla,,,,
district,bossaso,Bossaso,,,,
district,caluula,Caluula,,,,
district,iskushuban,Iskushuban,,,,
district,qandala,Qandala,,,,
district,qardho,Qardho,,,,
district,baidoa,Baidoa,,,,
district,buur_hakaba,Buur Hakaba,,,,
district,diinsoor,Diinsoor,,,,
district,qansax_dheere,Qansax Dheere,,,,
district,cabudwaaq,Cabudwaaq,,,,
district,cadaado,Cadaado,,,,
district,ceel_buur,Ceel Buur,,,,
district,ceel_dheer,Ceel Dheer,,,,
district,dhuusamarreeb,Dhuusamarreeb,,,,
district,baardheere,Baardheere,,,,
district,belet_xaawo,Belet Xaawo,,,,
district,ceel_waaq,Ceel Waaq,,,,
district,doolow,Doolow,,,,
district,garbahaarrey,Garbahaarrey,,,,
district,luuq,Luuq,,,,
district,belet_weyne,Belet Weyne,,,,
district,bulo burto,Bulo Burto,,,,
district,jalalaqsi,Jalalaqsi,,,,
district,afmadow,Afmadow,,,,
district,badhaadhe,Badhaadhe,,,,
district,jamaame,Jamaame,,,,
district,afgooye,Afgooye,,,,
district,baraawe,Baraawe,,,,
district,kurtunwaarey,Kurtunwaarey,,,,
district,marka,Marka,,,,
district,qoryooley,Qoryooley,,,,
district,sablaale,Sablaale,,,,
district,wanla_weyn,Wanla Weyn,,,,
district,buaale,Buaale,,,,
district,jilib,Jilib,,,,
district,sakow,Sakow,,,,
district,aden_yabaal,Aden Yabaal,,,,
district,balcad,Balcad,,,,
district,cadale,Cadale,,,,
district,jowhar,Jowhar,,,,
district,gaalkacyo,Gaalkacyo,,,,
district,galdogob,Galdogob,,,,
district,hobyo,Hobyo,,,,
district,jariiban,Jariiban,,,,
district,xarardheere,Xarardheere,,,,
district,burtinle,Burtinle,,,,
district,eyl,Eyl,,,,
district,garowe,Garowe,,,,
district,ceel_afweyn,Ceel Afweyn,,,,
district,ceerigaabo,Ceerigaabo,,,,
district,laasqoray,Laasqoray,,,,
district,caynabo,Caynabo,,,,
district,laas_caanood,Laas Caanood,,,,
district,taleex,Taleex,,,,
district,xudun,Xudun,,,,
district,burco,Burco,,,,
district,buuhoodle,Buuhoodle,,,,
district,owdweyne,Owdweyne,,,,
district,sheikh,Sheikh,,,,
district,berbera,Berbera,,,,
district,gebiley,Gebiley,,,,
district,hargeysa,Hargeysa,,,,
district,badhan,Badhan,,,,
district,gaalkacyo north,Gaalkacyo North,,,,
district,gaalkacyo south,Gaalkacyo South,,,,
district,matabaan,Matabaan,,,,
district,mogadishu-kahda,Mogadishu Kahda,,,,
education_types,primary,Primary ,,,,
education_types,secondary,Secondary ,,,,
education_types,vocational,Vocational,,,,
education_types,basic,Basic literacy/ numeracy,,,,
education_types,informal,Informal,,,,
floor_material,earth,Earth,,,,
floor_material,cement,Cement,,,,
floor_material,plastic_sheet,Plastic sheet,,,,
floor_material,bricks,Bricks,,,,
floor_material,other,Other,,,,
food_change,amount_reduced,Amount of food available has reduced,,,,
food_change,amount_increased,Amount of food available has increased,,,,
food_change,quality_reduced,Quality of food has reduced,,,,
food_change,quality_increased,Quality of food has increased,,,,
food_change,variety_reduced,Variety of food has reduced,,,,
food_change,variety_increased,Variety of food has increased,,,,
food_change,none,Not changed,,,,
food_distr_who,un_ngo,UN or NGO,,,,
food_distr_who,local_com,Local community/ community-based organisation (CBOs),,,,
food_distr_who,government,Government ,,,,
food_distr_who,armed_group,AMISOM,,,,
food_distr_who,islamic,Islamic organisation/ mosque,,,,
food_distr_who,dontknow,I don't know or don’t want to answer,,,,
food_no,unsafe,Unsafe to access land,,,,
food_no,lack_land,There is not enough cultivation land available,,,,
food_no,crops_destroyed_natural,Crops have been destroyed by natural disaster,,,,
food_no,crops_destroyed_fight,Crops have been destroyed by conflict,,,,
food_no,grow_short,Growing season was too short,,,,
food_no,crops_stolen,Crops have been stolen,,,,
food_no,no_livestock,Livestock have disease/died,,,,
food_no,food_dist_stop,Food distribution no longer occurs,,,,
food_no,no_market,No functioning market,,,,
food_no,high_prices,Prices too high to buy food,,,,
food_no,no_nets,Lack of fishing nets,,,,
food_no,nothing,No reason,,,,
food_no,dontknow,I don't know or don’t want to answer,,,,
food_no,other,Other,,,,
food_source,cultivated,Cultivated/own production,,,,
food_source,forage,Foraged for wild foods,,,,
food_source,fishing_hunting,Fishing / Hunting,,,,
food_source,bought,Bought with cash or credit,,,,
food_source,barter,Exchange goods for food,,,,
food_source,family_friends,"Given by family, friends, or other local people",,,,
food_source,ngo,NGO or UN agency food distribution,,,,
food_source,govt,Government food distribution,,,,
food_source,ffa_vouchers,Food for assets/ food vouchers,,,,
food_source,dontknow,I don't know or don’t want to answer,,,,
food_source,other,Other,,,,
food_type,cereals,"Cereals (sorghum, rice, maize, millet, bread, spaghetti etc)",,,,
food_type,vit_a_veg,"Vitamin A rich vegetables and tubers (yellow pubmkin, orange sweet potatoes, yellow cassava)",,,,
food_type,roots,"White roots and tubers (white potatoes, cassava, arrowroot)",,,,
food_type,pulses,"Legumes, nuts and seeds (cowpeas, lentils, peanut, beans)",,,,
food_type,vegetables,"Dark green leafy vegetables (pumpkin leaves, cassava leaves, kale)",,,,
food_type,other_veg,"Other vegetables (tomatoes, onion, cabbage, bell pepper)",,,,
food_type,fruits,"Vitamin A rich fruits (ripe mango, pawpaw, gob, hobob)",,,,
food_type,other_fruit,"Other fruit (banana, orange, apple, grapes, wild fruits)",,,,
food_type,meat,Meat & poultry,,,,
food_type,fish,Fish,,,,
food_type,dairy,Milk & milk products (cheese or yoghurt),,,,
food_type,eggs,Eggs,,,,
food_type,sweet,"Sugar, honey and sweets",,,,
food_type,fats,"Oils, fats or butter",,,,
food_type,condiments,"Condiments, tea, coffee",,,,
food_type,dontknow,I don't know or don’t want to answer,,,,
food_type,other,Other,,,,
gbv_services,community_leader,Community leader,,,,
gbv_services,health_centre,Health centre,,,,
gbv_services,un_agency,UN or NGO agency,,,,
gbv_services,police,Police,,,,
gbv_services,dontknow,I don’t know/ I don’t want to answer,,,,
gbv_services,other,Other,,,,
handwashing_techniques,water_only,Water only,,,,
handwashing_techniques,water_soap,Water with soap,,,,
handwashing_techniques,water_ash,Water with ash,,,,
handwashing_techniques,water_sand,Water with sand,,,,
handwashing_techniques,none,Nothing,,,,
harsh_work,machinery,Involves heavy machinery or lifting,,,,
harsh_work,heat_exposure,"Involves exposure to extreme heat (i.e.furnace, bakery)",,,,
harsh_work,overnight,Works at night (between 8pm and 6am),,,,
harsh_work,sharp_objects,Uses sharp objects,,,,
harsh_work,factory,Factory work/good production,,,,
harsh_work,vendor,Street vending,,,,
harsh_work,domestic_work,Domestic work (in and outside the home),,,,
harsh_work,armed_groups,Engagement with armed groups,,,,
harsh_work,agricultural_work,Agricultural work ,,,,
harsh_work,family_business,Family business,,,,
harsh_work,none,None,,,,
harsh_work,other,Other,,,,
harsh_work,dontknow,I don't know or don’t want to answer,,,,
health_issues,malaria,Malaria,,,,
health_issues,stomach_pain,Stomach pain,,,,
health_issues,wounds,Wounds or physical injury (such as broken leg),,,,
health_issues,breathing_problems,Breathing problems,,,,
health_issues,eye_infection,Eye infection,,,,
health_issues,measles,Skin diseases/rash,,,,
health_issues,awd,Diarrhoea,,,,
health_issues,malnutrition,Malnutrition,,,,
health_issues,khat,Problems with khat consumption,,,,
health_issues,fever,Fever,,,,
health_issues,none,No issue,,,,
health_issues,dontknow,I don't know or don’t want to answer,,,,
health_satisfied,very_satisfied,Very satisfied,,,,
health_satisfied,quite_satisfied,Quite satisfied,,,,
health_satisfied,quite_unsatisfied,Quite unsatisfied,,,,
health_satisfied,very_unsatisfied,Very unsatisfied,,,,
health_services,treat_disease,Treatment for diseases,,,,
health_services,treat_awd,Treatment for diarrhea,,,,
health_services,treat_wounds,Treatment of wounds,,,,
health_services,sexual_health,Sexual and reproductive health,,,,
health_services,mental_health,Mental health services,,,,
health_services,maternal_health,Maternal and child healthcare,,,,
health_services,drug_treatment,Treatment for drug problems,,,,
health_services,surgery,Surgery,,,,
health_services,other,Other,,,,
health_source,government_clinic,Government clinic or hospital,,,,
health_source,private_clinic,Private clinic or hospital,,,,
health_source,ngo_clinic,NGO run clinic or hospital,,,,
health_source,traditional_healer,Traditional healer,,,,
health_source,pharmacy,Pharmacy,,,,
health_source,shop_drugs,Shop selling medication,,,,
health_source,other,Other,,,,
hh_score,never,Never (0),,,,
hh_score,rarely,Rarely (1-10 days),,,,
hh_score,often,Often (more than 10 times),,,,
hh_score,dontknow,I don’t know/ I don’t want to answer,,,,
host_relations,very_good,Very good,,,,
host_relations,good,Good,,,,
host_relations,fair,Fair,,,,
host_relations,bad,Bad,,,,
host_relations,very_bad,Very bad,,,,
host_relations,dnk,Do not know,,,,
host_relations,no_answer,Do not wish to answer,,,,
household_member,adult_male,Adult Male/ Father (aged 18+),,,,
household_member,adult_female,Adult Female/ Mother (aged 18+),,,,
household_member,elder_male,Older boy (15-18),,,,
household_member,elder_female,Older girl (15-18),,,,
household_member,child_male,Boy under the age of 15,,,,
household_member,child_female,Girl under the age of 15,,,,
hygiene_items,soap,Soap,,,,
hygiene_items,shampoo,Shampoo,,,,
hygiene_items,detergent,Detergent (omo),,,,
hygiene_items,sanitary_items,Sanitary items,,,,
hygiene_items,aquatab,Aquatab,,,,
hygiene_items,jerrycans,Jerry Cans,,,,
hygiene_items,bucket,Bucket,,,,
hygiene_items,other,Other,,,,
hygiene_items,none,None,,,,
hygiene_support,soap,Soap,,,,
hygiene_support,shampoo,Shampoo,,,,
hygiene_support,omo,Omo,,,,
hygiene_support,chlorine,Chlorine tablets/aquatabs,,,,
hygiene_support,filter,Cloth filter,,,,
hygiene_support,other_filter,"Other kind of filter (membrane, ceramic etc)",,,,
hygiene_support,sanitary_towels,Sanitary towels ,,,,
hygiene_support,other,Other,,,,
hygiene_support,none,None,,,,
income_source,subsistence_farming,Subsistence farming,,,,
income_source,subsistence_livestock_produce,Subsistence livestock produce,,,,
income_source,subsistence_fishing,Subsistence fishing,,,,
income_source,cash_crop_farming,Farming for sale,,,,
income_source,livestock_produce,Livestock produce for sale,,,,
income_source,cash_fishing,Cash fishing for sale,,,,
income_source,contracted,Contracted job,,,,
income_source,business,Business/ self employed,,,,
income_source,day_labour,Day labour/casual work,,,,
income_source,remittances,Remittances,,,,
income_source,humanitarian_assistance,Humanitarian assistance,,,,
income_source,allowance_community_support,Allowance/ community support,,,,
income_source,sale_of_humanitarian_assistance,Sale of humanitarian assistance,,,,
income_source,rent_of_land_or_property,Rent of land or property,,,,
income_source,none,None,,,,
income_source,other,Other,,,,
increase_decrease,increase,Increase,,,,
increase_decrease,decrease,Decrease,,,,
increase_decrease,no_change,No change,,,,
industry_type,construction,Construction,,,,
industry_type,agriculture,Agriculture,,,,
industry_type,electrician,Electrician,,,,
industry_type,tailoring,Tailoring,,,,
industry_type,telecommunications,Telecommunications,,,,
industry_type,masonry,Masonry,,,,
industry_type,carpentry,Carpentry,,,,
industry_type,beauty_salon,Beauty salon,,,,
industry_type,pastoralism,Pastoralism/ livestock,,,,
industry_type,fishing,Fishing,,,,
industry_type,petty_trade,Petty trade,,,,
industry_type,transport,Transportation,,,,
industry_type,handicrafts,Handicrafts,,,,
industry_type,food_industry,"Food insdustry (restaurant, tea shop)",,,,
industry_type,humanitarian,"UN, NGO or community based organisation",,,,
industry_type,other,Other,,,,
info_channels,radio,Radio,,,,
info_channels,tv,TV,,,,
info_channels,newspaper_magazine,Newspaper/magazine,,,,
info_channels,telephone_voice,Telephone voice call,,,,
info_channels,sms,SMS message,,,,
info_channels,internet_news,Internet news sites,,,,
info_channels,whatsapp,Whatsapp,,,,
info_channels,facebook,Facebook,,,,
info_channels,twitter,Twitter,,,,
info_channels,notice_boards_posters,Notice boards and posters,,,,
info_channels,community_meetings,Community meetings,,,,
info_channels,loudspeakers,Loudspeakers,,,,
info_channels,none,None,,,,
info_channels,other,Other,,,,
info_sources,friends_family,"Friends, neighbours and family",,,,
info_sources,religious_leader,Religious leader,,,,
info_sources,military,Military official,,,,
info_sources,tv,TV,,,,
info_sources,govt_official,Government official,,,,
info_sources,community_leader,Community leader,,,,
info_sources,aid_worker,Aid worker,,,,
info_sources,radio,Radio,,,,
info_sources,none,None,,,,
info_sources,other,Other,,,,
information_needs,missing_persons,Missing family and friends,,,,
information_needs,food,Food,,,,
information_needs,health,Health advice and treatment,,,,
information_needs,documentation,Information on how to access personal documents such as ID cards,,,,
information_needs,security,Security,,,,
information_needs,contact_aid,How to contact aid providers,,,,
information_needs,water,Water,,,,
information_needs,shelter,Shelter (or shelter materials),,,,
information_needs,market_prices,Market prices for commodities and livestock,,,,
information_needs,weather,Weather forecasts,,,,
information_needs,other,Other,,,,
insecurity_cause,local_militias,Local militias,,,,
insecurity_cause,family_members,Family members,,,,
insecurity_cause,amisom,AMISOM,,,,
insecurity_cause,armed_groups,Armed groups,,,,
insecurity_cause,criminals,Criminals,,,,
insecurity_cause,snf,Somali National Forces,,,,
insecurity_cause,community_leaders,Community leaders,,,,
insecurity_cause,police,Police,,,,
insecurity_cause,gatekeepers,Presence of gatekeepers,,,,
insecurity_cause,none,None of the above,,,,
insecurity_cause,other,Other,,,,
internal_separation,cloth,Cloth,,,,
internal_separation,plastic_sheet,Plastic sheet,,,,
internal_separation,cardboard,Cardboard,,,,
internal_separation,organic_materials,Organic materials,,,,
internal_separation,hessian_sacks,Hessian sacks,,,,
internal_separation,cgi,CGI,,,,
internal_separation,other,Other,,,,
language,somali_standard,Standard/ Northern Somali,,,,
language,somali_benaadir,Benaadir Somali,,,,
language,somali_maay,Maay Somali,,,,
language,arabic,Arabic,,,,
language,english,English,,,,
language,italian,Italian,,,,
language,bravanese,Bravanese (Chimwiini/ Chimbalazi),,,,
language,kibajuni,Kibajuni,,,,
language,mushunguli,Mushunguli,,,,
language,somali_sign,Somali Sign Language,,,,
language,none,None of the above,,,,
latrine_access,all_use,All members have access and use it,,,,
latrine_access,some_use,All members have access but only some use it,,,,
latrine_access,some_access,Only some members have access to a latrine,,,,
latrine_access,no_access,No members have access,,,,
latrine_access,dontknow,I don't know or don’t want to answer,,,,
latrine_hygiene,v_hygienic,Very hygienic,,,,
latrine_hygiene,hygienic,Hygienic,,,,
latrine_hygiene,unhygienic,Unhygienic,,,,
latrine_hygiene,v_unhygienic,Very unhygienic,,,,
latrine_type,flush_unimproved,Flush latrine to the open,,,,
latrine_type,flush_improved,Flush latrine to a tank/sewer system/pit,,,,
latrine_type,pit_improved,Pit latrine covered/with slab,,,,
latrine_type,pit_unimproved,Pit latrine open/without slab,,,,
latrine_type,other,Other,,,,
legal_response,police,Police,,,,
legal_response,elder,Community leader or elder,,,,
legal_response,trad_court,Traditional court/customary law ,,,,
legal_response,other_comm_org,Other community organisation,,,,
legal_response,armed_group,Armed group,,,,
legal_response,no_reporting,Would not report it,,,,
legal_response,none,None,,,,
legal_response,dontknow,I don't know or don’t want to answer,,,,
legal_response,other,Other,,,,
live_coping,sold_livestock,Sold livestock to pay for basic household needs,,,,
live_coping,sold_items,"Sold household items (mobile phone, furniture, cooking equipment etc) to pay for basic needs",,,,
live_coping,sold_assets,"Sold productive assets (sewing machine, agricultural tools etc.) to pay for basic needs",,,,
live_coping,dangerous_work,Engaged in activities that put you at risk ,,,,
live_coping,migrated_food,Abnormal migration to other areas in search of food,,,,
live_coping,stop_health_edu,"Reduced household expenditure on other things (health, education) in order to pay for food",,,,
live_coping,family_sep,Send family members to live in a different place (e.g. IDP settlement),,,,
live_coping,spent_save,Spent savings on food,,,,
live_coping,borrow_money,Borrowing money ,,,,
live_coping,children_work,Send children to work,,,,
live_coping,none,None,,,,
live_coping,other,Other,,,,
live_what,animal_treat,Animal vaccinations/treatment,,,,
live_what,fodder,Fodder provision,,,,
live_what,restocking_live,Restocking livestock,,,,
live_what,water_provision,Water provision,,,,
live_what,provision_ag_inputs,"Provision of agricultural inputs (e.g. seeds, tools)",,,,
live_who,un_ngo,UN or NGO,,,,
live_who,local_com,Local community/ community-based organisation,,,,
live_who,government,Government ,,,,
live_who,private,Private sector,,,,
live_who,islamic,Islamic organisation/mosque,,,,
live_who,diaspora,Diaspora,,,,
live_who,other,Other,,,,
live_who,dontknow,I don't know or don’t want to answer,,,,
livestock_type,cattle,Cattle,,,,
livestock_type,goat,Goats,,,,
livestock_type,sheep,Sheep,,,,
livestock_type,camel,Camel,,,,
livestock_type,other,Other,,,,
male_female,male,Male,,,,
male_female,female,Female,,,,
meals_number,Less_than_1,Less than 1,,,,
meals_number,1,1,,,,
meals_number,2,2,,,,
meals_number,3,3,,,,
meals_number,3_plus,3+,,,,
meals_number,dontknow,I don’t know/ I don’t want to answer,,,,
movement_restrictions,roadblocks,Roadblocks,,,,
movement_restrictions,gatekeepers,Gatekeepers,,,,
movement_restrictions,gbv,Gender Based Violence,,,,
movement_restrictions,erws,Explosive remnants of war,,,,
movement_restrictions,armed_groups,Presence of armed actors,,,,
movement_restrictions,other,Other,,,,
nfis,cooking_pot,Cooking pots (min 5L),,,,
nfis,knives,Knives,,,,
nfis,wash_basin,Wash Basin (min 10L),,,,
nfis,mats,Mat,,,,
nfis,blankets,Blanket,,,,
nfis,plastic_sheet,Plastic sheeting,,,,
nfis,jerry_can,Jerry cans,,,,
nfis,mosq_net,Mosquito net,,,,
nfis,none,None,,,,
no_health_access,never_there,There were never any health facilities nearby,,,,
no_health_access,not_functional_flood,Health facility is not functional due to flooding,,,,
no_health_access,not-functional_other,Health facility is not functional for another reason,,,,
no_health_access,no_health_workers,There are no healthcare workers in the facility,,,,
no_health_access,no_medicine,There is no medicine or treatment available in the facility,,,,
no_health_access,cant_afford,We can't afford to use the facility,,,,
no_health_access,facility_too_far,The facility is too far away,,,,
no_health_access,inaccessible_insecurity,The facility is inaccessible due to insecurity,,,,
no_latrine,open_by_home,In the open by the home,,,,
no_latrine,open_away_home,In the open away from the home,,,,
no_latrine,community_defecation_point,Community defecation area,,,,
no_latrine,other,Other,,,,
no_soap_why,cant_afford,We can't afford it,,,,
no_soap_why,use_other,We prefer using a substitute,,,,
no_soap_why,not_in_market,Soap is not available in the market,,,,
no_soap_why,market_too_far,Market is too far,,,,
no_soap_why,waiting_distribution,We are waiting for the next distribution,,,,
no_soap_why,ran_out,We ran out of soap,,,,
no_soap_why,not_necessary,Soap is not necessary,,,,
no_soap_why,other,Other,,,,
no_vaccination,no_health_facility,I'm unable to access a healthcare facility,,,,
no_vaccination,no_vaccines_available,I didn't know that vaccinations were available,,,,
no_vaccination,didn’t_know_vaccine,I didn't know that I should vaccinate my child/children,,,,
no_vaccination,culture_no_vaccine,My culture does not allow vaccinations,,,,
no_vaccination,don’t_like_vaccine,I don't like vaccinating my child/children,,,,
not_satisfied,not_enough,Assistance was not enough to meet my needs,,,,
not_satisfied,wrong_need,I did not need the type of assistance that was given to me,,,,
not_satisfied,low_quality,Assistance was of low quality,,,,
not_satisfied,tension_hh,Assisstance caused tension within my household,,,,
not_satisfied,dontknow,I don’t know/ I don’t want to answer,,,,
not_satisfied,other,Other,,,,
nutrition_services,sc,Stabilization Center (SC),,,,
nutrition_services,otp,Out-patient Therapeutic Care Programme (OTP),,,,
nutrition_services,tsfp,Targeted Supplementary Feeding Programme (TSFP),,,,
nutrition_services,bsfp,Blanket Supplementary Feed Programme (BSFP),,,,
nutrition_services,wet_feeding,Wet Feeding,,,,
nutrition_services,iycf,Infant and young Child feeding (IYCF),,,,
nutrition_services,micronutrient_supplementation,Micronutrient supplementation,,,,
nutrition_services,none,None of the above,,,,
nutrition_services,do_not_know,Do not know,,,,
price_change,increase,The price has increased,,,,
price_change,decrease,The price has decreased,,,,
price_change,no_change,The price has not changed,,,,
priority_needs,water,Water,,,,
priority_needs,food,Food,,,,
priority_needs,shelter,Shelter,,,,
priority_needs,security,Security,,,,
priority_needs,nutrition,Nutrition Services,,,,
priority_needs,latrines,Latrines,,,,
priority_needs,education,Education,,,,
priority_needs,healthcare,Healthcare,,,,
priority_needs,cooking_equip,Cooking equipment,,,,
priority_needs,water_basin,Water basin,,,,
priority_needs,jerrycans,Jerry Cans,,,,
priority_needs,soap,Soap,,,,
priority_needs,mats_blankets,Mats or Blankets,,,,
priority_needs,community_spaces,Community spaces,,,,
priority_needs,reunification,Reunification with family members,,,,
priority_needs,livestock_support,"Livelihood support (livestock restocking, irrigation pump etc.",,,,
proportion,none,None,,,,
proportion,less_quarter,Less than one quarter,,,,
proportion,less_half,Less than one half,,,,
proportion,more_half,More than one half,,,,
proportion,more_three_quarters,More than three quarters,,,,
proportion,all,All,,,,
reason_tensions,competition_work,Competition for work,,,,
reason_tensions,crime,Crime,,,,
reason_tensions,clan_conflict,Clan conflict,,,,
reason_tensions,burden_services,Burden on local services/ infrastructure,,,,
reason_tensions,presence_ags,Presence of armed groups,,,,
reason_tensions,dnk,Do not know,,,,
reason_tensions,no_answer,Do not wish to answer,,,,
reason_tensions,other,Other,,,,
reason1,conflict_community,Actual conflict in community,,,,
reason1,conflict_surrounding,"Conflict in surrounding area, but not in my community",,,,
reason1,conflict_fear,Fear of conflict in community,,,,
reason1,arrival_ags,Arrival of armed groups,,,,
reason1,withdrawal_ags,Withdrawal of armed groups/ security forces,,,,
reason1,threats,Personal threats,,,,
reason1,flooding,Flooding,,,,
reason1,lack_job,Lack of livelihood opportunities/job,,,,
reason1,lack_health,Lack of health services,,,,
reason1,lack_edu,Lack of education services,,,,
reason1,drought,Drought,,,,
reason1,lack_water,Lack of water (not drought related),,,,
reason1,lack_food,Lack of food (not drought related),,,,
reason1,livestock_disease,Livestock disease outbreak/livestock death,,,,
reason1,pressure_authorities,Pressure from authorities,,,,
reason1,pressure_hc,Pressure from host communities,,,,
reason1,eviction,Eviction,,,,
reason1,none,None,,,,
reason1,dontknow,I don't know or don’t want to answer,,,,
reason2,no_conflict,No conflict,,,,
reason2,work_income,Availability of work/ income opportunities,,,,
reason2,health_ser,Presence of health services,,,,
reason2,educ_ser,Presence of education services,,,,
reason2,food_dist,Presence of food distribution/food aid,,,,
reason2,local_food,Availability of local food (market/cultivation),,,,
reason2,shelter,Presence of shelter,,,,
reason2,water,Presence of water,,,,
reason2,cash,Presence of cash distribution,,,,
reason2,protection,Presence of physical protection actors,,,,
reason2,family,To join family/community,,,,
reason2,none,None,,,,
reason2,dontknow,I don't know or don’t want to answer,,,,
region,lower juba,Lower Juba,,,,
region,awdal,Awdal,,,,
region,bakool,Bakool,,,,
region,banadir,Banadir,,,,
region,bari,Bari,,,,
region,bay,Bay,,,,
region,galgaduud,Galgaduud,,,,
region,gedo,Gedo,,,,
region,hiraan,Hiraan,,,,
region,lower shabelle,Lower Shabelle,,,,
region,middle_juba,Middle Juba,,,,
region,middle shabelle,Middle Shabelle,,,,
region,mudug,Mudug,,,,
region,nugaal,Nugaal,,,,
region,sanaag,Sanaag,,,,
region,sool,Sool,,,,
region,togdheer,Togdheer,,,,
region,woqooyi galbeed,Woqooyi Galbeed,,,,
rent_collector,no_answer,Do not wish to answer,,,,
rent_collector,politician,Politician,,,,
rent_collector,host_community,Host community,,,,
rent_collector,community_leader,Community leader,,,,
rent_collector,business_man,Business man,,,,
rent_collector,diaspora,Diaspora,,,,
rent_collector,clan_leader,Clan leader,,,,
rent_collector,militia,Militia,,,,
rent_collector,owner,Land Owner,,,,
rent_collector,gatekeeper,Gatekeeper,,,,
rent_collector,other,Other,,,,
rent_frequency,weekly,Weekly,,,,
rent_frequency,monthly,Monthly,,,,
rent_frequency,quarterly,Quarterly,,,,
rent_frequency,annually,Annually,,,,
rent_frequency,other,Other,,,,
rent_type,cash,Cash,,,,
rent_type,aid,Aid items,,,,
rent_type,assistance_relatives_friends,Assistance from relatives/ friends,,,,
rent_type,other,Other,,,,
return_area,dollo_ado,Dollo Ado,,,,
return_area,jijiga,Jijiga,,,,
return_area,addis_ababa,Addis Ababa,,,,
return_area,other,Other,,,,
return_area,dadaab,Dadaab,,,,
return_area,kakuma,Kakuma,,,,
return_area,nairobi,Nairobi,,,,
return_area,other,Other,,,,
return_country,kenya,Kenya,,,,
return_country,ethiopia,Ethiopia,,,,
return_country,yemen,Yemen,,,,
return_country,uganda,Uganda,,,,
return_country,djibouti,Djibouti,,,,
return_country,egypt,Egypt,,,,
return_country,eritrea,Eritrea,,,,
return_country,tanzania,Tanzania,,,,
return_country,other,Other,,,,
return_settlement,melkadida,Melkadida,,,,
return_settlement,kobe,Kobe,,,,
return_settlement,hilaweyn,Hilaweyn,,,,
return_settlement,bokolmanyo,Bokolmanyo,,,,
return_settlement,buramino,Buramino,,,,
return_settlement,other,Other,,,,
return_settlement,kebribeyah,Kebribeyah,,,,
return_settlement,aw_barre,Aw-Barre,,,,
return_settlement,sheder,Sheder,,,,
return_settlement,other,Other,,,,
return_settlement,hagadera,Hagadera,,,,
return_settlement,dagahaley,Dagahaley,,,,
return_settlement,ifo,Ifo,,,,
return_settlement,ifo_2,Ifo 2,,,,
return_settlement,kambioos,Kambioos,,,,
return_settlement,other,Other,,,,
returnee_remain,yes,"Yes, will settle here",,,,
returnee_remain,elsewhere_city,Will move elsewhere in this city,,,,
returnee_remain,elsewhere_somalia,Will move elsewhere in Somalia,,,,
returnee_remain,return_refugee,Will return to the previous country of refuge,,,,
returnee_remain,elsewhere_country,Will move to another country,,,,
returnee_remain,dontknow,I don't know if I want to move,,,,
school_type,primary,Primary,,,,
school_type,secondary,Secondary,,,,
school_type,alp,Evening class or accelerated learning programme (ALP),,,,
school_type,quranic,Quranic school,,,,
school_type,basic_literacy,Basic literacy and numeracy classes,,,,
separation_accidental,acc_conflict,Accidental during conflict,,,,
separation_accidental,acc_displacement,Accidental during displacement,,,,
separation_accidental,other,Other,,,,
separation_accidental,dontknow,I don't know or don’t want to answer,,,,
separation_circumstances,voluntary,Voluntary,,,,
separation_circumstances,accidental,Accidental,,,,
separation_circumstances,forced,Forced,,,,
separation_forced,for_abducted,Forced: abducted,,,,
separation_forced,for_groups,Forced: recruitment into armed groups,,,,
separation_forced,for_marriage,Forced: marriage,,,,
separation_forced,other,Other,,,,
separation_forced,dontknow,I don't know or don’t want to answer,,,,
separation_voluntary,vol_violence,Intentional due to family violence,,,,
separation_voluntary,vol_caregiver,Intentional due to death of a caregiver,,,,
separation_voluntary,vol_reunification,Intentional for family reunification,,,,
separation_voluntary,other,Other,,,,
separation_voluntary,dontknow,I don't know or don’t want to answer,,,,
separation_voluntary,vol_caregiver,Intentional to find work far from caregiver,,,,
separation_voluntary,vol_assistance,Intentional to join IDP site and/or access assistance,,,,
separation_voluntary,vol_other,Other,,,,
shelter_damage,structural,Damage to structural material,,,,
shelter_damage,floor,Damage to floor,,,,
shelter_damage,roof,Damage to roof,,,,
shelter_damage,wall,Damage to wall material,,,,
shelter_damage,total,Totally destroyed,,,,
shelter_damage,other,Other,,,,
shelter_type,emergency,Emergency shelter,,,,
shelter_type,tent,Temporary shelter (Tent),,,,
shelter_type,buul,Semi-permanent shelter (Buul),,,,
shelter_type,permanent,Permanent shelter,,,,
shelter_type,open_air,Open air,,,,
shelter_type,other,Other,,,,
soap_access,yes_saw,Yes (only answer if enumerator have physically SEEN soap),,,,
soap_access,yes_no_evidence,Yes (but could not show enumerator soap),,,,
soap_access,no,No,,,,
structural_material,wood,Wood,,,,
structural_material,metal,Metal,,,,
structural_material,cement,Cement,,,,
structural_material,bricks,Bricks,,,,
structural_material,stones,Stones,,,,
structural_material,other,Other,,,,
time_dist,week,In the next week,,,,
time_dist,month,In the next month,,,,
time_dist,three_months,Within three months,,,,
time_dist,six_months,Within six months,,,,
time_dist,more_six_months,More than 6 months,,,,
time_dist,never,There is no distribution expected,,,,
time_dist,dontknow,I don't know or don’t want to answer,,,,
time_dist1,under_30_minutes,Under 30 minutes,,,,
time_dist1,30_minutes_1_hour,30 minutes to less than 1 hour,,,,
time_dist1,1_hour_half_day,One hour to less than half a day,,,,
time_dist1,half_day,Half a day,,,,
time_dist1,full_day,More than half a day,,,,
time_dist1,dontknow,I don't know or don’t want to answer,,,,
unable_pay_rent,threats,Threats,,,,
unable_pay_rent,forced_labour,Forced labour,,,,
unable_pay_rent,eviction,Eviction,,,,
unable_pay_rent,sexual_expl,Demand of sexual favour or sexual exploitations ,,,,
unable_pay_rent,denial_assistance,Denial of registration processes of upcoming humanitarian services ,,,,
unable_pay_rent,do_not_know,Do not know,,,,
unable_pay_rent,other,Other,,,,
unsafe_areas,shelters,In shelters,,,,
unsafe_areas,camp_areas,When leaving the settlement/town,,,,
unsafe_areas,waterpoint,Water point,,,,
unsafe_areas,latrines,Latrines,,,,
unsafe_areas,bathing_areas,Bathing areas,,,,
unsafe_areas,market,Market,,,,
unsafe_areas,school,School,,,,
unsafe_areas,health_centre,Health centre,,,,
unsafe_areas,feeding_distribution_point,Feeding centre/ distribution point,,,,
unsafe_areas,no_answer,Chose not to answer,,,,
unsafe_areas,other,Other,,,,
usd_price,usd_0_9,Less than $10,,,,
usd_price,usd_10_99,$10-$99,,,,
usd_price,usd_more_100,More than $100,,,,
violence,beating,Beating or other ill treatment,,,,
violence,gbv,Rape or other GBV,,,,
violence,verbal,Verbal abuse/name calling,,,,
violence,no_answer,Do not wish to answer,,,,
violence,other,Other,,,,
water_none,water_source,There is not enough water at my water source so we reduced consumption,,,,
water_none,no_containers,We don't have enough containers to store or carry water,,,,
water_none,poor_quality,"The water is not good quality (taste, smell, cleanliness) so we reduced consumption",,,,
water_none,source_far,The closest water source is far away,,,,
water_none,source_long,The waiting time to collect water is too long,,,,
water_none,unsafe,We don't feel safe going to the water point,,,,
water_none,not_functional,My water source is not functional,,,,
water_none,other,Other,,,,
water_responsible,community,The community,,,,
water_responsible,household,My household,,,,
water_responsible,priv,Private vendor,,,,
water_responsible,no_one,No one,,,,
water_responsible,other,Other,,,,
water_source,water_kiosk,Water Kiosk,,,,
water_source,piped_system,Piped System,,,,
water_source,protected_well_no_hand_pump,Protected Well w/o hand pump,,,,
water_source,protected_well_with_hand_pump,Protected Well with hand Pump,,,,
water_source,unprotected_well,Unprotected Well,,,,
water_source,berkad,Berkad,,,,
water_source,river,River,,,,
water_source,tank_and_tap,Water tank and Tap,,,,
water_source,water_trucking_distrib,Water Trucking Distribution Point,,,,
water_source,borehole,Borehole with submersible pump,,,,
water_source,other,Other,,,,
water_source_live,water_kiosk,Water Kiosk,,,,
water_source_live,piped_system,Piped System,,,,
water_source_live,protected_well_no_hand_pump,Protected Well w/o hand pump,,,,
water_source_live,protected_well_with_hand_pump,Protected Well with hand Pump,,,,
water_source_live,unprotected_well,Unprotected Well,,,,
water_source_live,berkad,Berkad,,,,
water_source_live,river,River,,,,
water_source_live,tank_and_tap,Water tank and Tap,,,,
water_source_live,water_trucking_distrib,Water Trucking Distribution Point,,,,
water_source_live,borehole,Borehole with submersible pump,,,,
water_source_live,other,Other,,,,
water_source_live,no_water_needed,I do not have livelihood activities which require water,,,,
water_storage,jerry_can,Jerry Cans,,,,
water_storage,water_tank,Water tank,,,,
water_storage,water_gallon,Water gallon,,,,
water_storage,bucket_lid,Bucket with lid,,,,
water_storage,bucket_no_lid,Bucket with no lid,,,,
water_storage,plastic_bottle,Plastic bottle,,,,
water_storage,other,Other,,,,
water_time,less_week,Less than one week,,,,
water_time,week_to_month,One week to one month,,,,
water_time,two_to_six_months,Two to six months,,,,
water_time,six_months_plus,Longer than six months,,,,
water_treat_how,boiling,Boiling,,,,
water_treat_how,cloth_filter,Cloth filter,,,,
water_treat_how,other_filter,"Other kind of filter (membrane, ceramic etc)",,,,
water_treat_how,chlorine,Chlorine tablets/aquatabs,,,,
water_treat_how,other,Other,,,,
what_credit,food,Food,,,,
what_credit,health,Healthcare,,,,
what_credit,school_fees,School fees and materials ,,,,
what_credit,productive_assets,"Productive assets (seeds, farming tools, sewing machine etc.)",,,,
what_credit,livestock,Livestock,,,,
what_credit,land,Rent of land or property,,,,
what_credit,other,Other,,,,
what_support,food_voucher,Food vouchers,,,,
what_support,food_in_kind,Food in-kind,,,,
what_support,unconditional_cash_transfers,Unconditional cash transfers,,,,
what_support,cash_for_work,Cash for work,,,,
what_support,animal_vaccinations_treatment,Animal vaccinations/treatment,,,,
what_support,fodder_provision,Fodder provision,,,,
what_support,restocking_livestock,Restocking livestock,,,,
what_support,water_provision,Water provision,,,,
what_support,provision_seeds,"Provision of agricultural inputs (e.g. seeds, tools)",,,,
when_wash_hands,before_eating,Before eating,,,,
when_wash_hands,before_food_baby,Before feeding baby (including breastfeeding),,,,
when_wash_hands,before_food,Before preparing food,,,,
when_wash_hands,serving_food,Serving food,,,,
when_wash_hands,after_defecating,After defecating,,,,
when_wash_hands,after_baby_poop,After disposing of baby's faeces/washing baby's bottom,,,,
when_wash_hands,after_eating,After eating,,,,
when_wash_hands,never,I never wash my hands,,,,
where_seeds,own_seeds,Own saved seeds,,,,
where_seeds,borrow_seeds,Borrow seeds from relatives/friends ,,,,
where_seeds,market,Bought in market,,,,
where_seeds,un_ngo,Received from UN/NGO,,,,
where_seeds,govt,Received from government,,,,
where_seeds,comm,Received from community seed multipliers,,,,
where_seeds,other,Other,,,,
who_credit,un_ngo1,UN/NGO,,,,
who_credit,govern,Government,,,,
who_credit,com_org,Community organisation,,,,
who_credit,savings_loans,Savings and Loans Association,,,,
who_credit,relatives,Relatives or neighbours,,,,
who_credit,hawala,Hawala ,,,,
why_not_attend,emergency,"Result of an emergency (conflict, drought, flood, eviction, etc.)",,,,
why_not_attend,fees,Unable to pay school fees,,,,
why_not_attend,chores,Domestic chores,,,,
why_not_attend,age,Children too young to attend school,,,,
why_not_attend,distance,School is too far,,,,
why_not_attend,no_school,No open school in the area,,,,
why_not_attend,overcrowding,Overcrowded classes,,,,
why_not_attend,teaching_quality,Quality of teaching is low,,,,
why_not_attend,labour,Need to work,,,,
why_not_attend,violence_on_the_way,Fear of violence on the way to school,,,,
why_not_attend,violence_at_school,Fear of violence at school,,,,
why_not_attend,no_gendered_facilities,Lack of gendered facilities,,,,
why_not_attend,lack_wash_facilities,Lack of proper WASH facilities,,,,
why_not_attend,other,Other,,,,
why_not_attend,dontknow,I don't know or don’t want to answer,,,,
y_n_dk,yes,Yes,,,,
y_n_dk,no,No,,,,
y_n_dk,dontknow,Don't know,,,,
yes_no,yes,Yes,,,,
yes_no,no,No,,,,
population_status,host,Host community,,,,
population_status,IDP,IDP,,,,
population_status,returnee,Returnee,,,,
population_status,refugee,Refugee,,,,
ranking_FCS,acceptable,Acceptable,,,,
ranking_FCS,bordeline,Borderline,,,,
ranking_FCS,poor,Poor,,,,
ranking_HDDS,high,High,,,,
ranking_HDDS,medium,Medium,,,,
ranking_HDDS,low,Low,,,,
ranking_HHS,little,Little,,,,
ranking_HHS,moderate,Moderate,,,,
ranking_HHS,severe,Severe,,,,
house_age_dependent,dependent,Dependent,,,,
house_age_dependent,non-dependent,Non Dependent,,,,
female_headedhousehold,female_headed_household,Female headed household,,,,
female_headedhousehold,non_female_headed_household,Non Female headed household,,,,
child_headedhousehold,child_headed_household,Child headed household,,,,
child_headedhousehold,non_child_headedhousehold,Non child headed household,,,,
house_plw_dc,household_wihtout_dependent,Household with dependent(s),,,,
house_plw_dc,household_with_dependent,Household without dependent,,,,
group_length_displacement,less_3_months,Less than 3 months,,,,
group_length_displacement,Between_3_6_months,Between than 3 6 months,,,,
group_length_displacement,Between_6_months_3_years,Between than 6 months 3 years,,,,
group_length_displacement,above_3_years,Above than 3 years,,,,
severity,low,Low,,,,
severity,medium,Medium,,,,
severity,high,High,,,,
district_local,gebiley,Gebiley,,,,
district_local,buur_hakaba,Buur Hakaba,,,,
district_local,baardheere,Baardheere,,,,
district_local,baidoa,Baidoa,,,,
district_local,gaalkacyo north,Gaalkacyo North,,,,
district_local,kismayo,Kismayo,,,,
district_local,luuq,Luuq,,,,
district_local,bossaso,Bossaso,,,,
district_local,afgooye,Afgooye,,,,
district_local,burco,Burco,,,,
district_local,cadale,Cadale,,,,
district_local,marka,Marka,,,,
district_local,hobyo,Hobyo,,,,
district_local,afmadow,Afmadow,,,,
district_local,mogadishu-kahda,Mogadishu Kahda,,,,
district_local,caynabo,Caynabo,,,,
district_local,hargeysa,Hargeysa,,,,
district_local,qoryooley,Qoryooley,,,,
district_local,waajid,Waajid,,,,
district_local,mogadishu-daynile,Mogadishu Daynile,,,,
district_local,lughaye,Lughaye,,,,
district_local,laasqoray,Laasqoray,,,,
district_local,wanla_weyn,Wanla Weyn,,,,
district_local,ceel_barde,Ceel Barde,,,,
district_local,cabudwaaq,Cabudwaaq,,,,
district_local,jowhar,Jowhar,,,,
district_local,xudur,Xudur,,,,
district_local,gaalkacyo south,Gaalkacyo South,,,,
district_local,belet_weyne,Belet Weyne,,,,
district_local,ceerigaabo,Ceerigaabo,,,,
district_local,ceel_afweyn,Ceel Afweyn,,,,
district_local,balcad,Balcad,,,,
district_local,garowe,Garowe,,,,
district_local,iskushuban,Iskushuban,,,,
district_local,bandarbayla,Bandarbayla,,,,
district_local,badhaadhe,Badhaadhe,,,,
district_local,matabaan,Matabaan,,,,
district_local,mogadishu-hodan,Mogadishu Hodan,,,,
district_local,cadaado,Cadaado,,,,
district_local,belet_xaawo,Belet Xaawo,,,,
district_local,berbera,Berbera,,,,
district_local,borama,Borama,,,,
district_local,bulo burto,Bulo Burto,,,,
district_local,garbahaarrey,Garbahaarrey,,,,
district_local,burtinle,Burtinle,,,,
district_local,qardho,Qardho,,,,
district_local,dhuusamarreeb,Dhuusamarreeb,,,,
district_local,zeylac,Zeylac,,,,
district_local,badhan,Badhan,,,,
district_local,ceel_waaq,Ceel Waaq,,,,
district_local,eyl,Eyl,,,,
district_local,jariiban,Jariiban,,,,
district_local,qandala,Qandala,,,,
district_local,qansax_dheere,Qansax Dheere,,,,
district_ocha,gebiley_,Gebiley,,,,
district_ocha,buur_hakaba_,Buur Hakaba,,,,
district_ocha,baardheere_,Baardheere,,,,
district_ocha,baidoa_,Baidoa,,,,
district_ocha,gaalkacyo_,Gaalkacyo,,,,
district_ocha,kismayo_,Kismayo,,,,
district_ocha,luuq_,Luuq,,,,
district_ocha,bossaso_,Bossaso,,,,
district_ocha,afgooye_,Afgooye,,,,
district_ocha,burco_,Burco,,,,
district_ocha,cadale_,Cadale,,,,
district_ocha,marka_,Marka,,,,
district_ocha,hobyo_,Hobyo,,,,
district_ocha,afmadow_,Afmadow,,,,
district_ocha,mogadishu-kahda_,Mogadishu Kahda,,,,
district_ocha,caynabo_,Caynabo,,,,
district_ocha,hargeysa_,Hargeysa,,,,
district_ocha,qoryooley_,Qoryooley,,,,
district_ocha,waajid_,Waajid,,,,
district_ocha,mogadishu-daynile_,Mogadishu Daynile,,,,
district_ocha,lughaye_,Lughaye,,,,
district_ocha,laasqoray_,Laasqoray,,,,
district_ocha,wanla_weyn_,Wanla Weyn,,,,
district_ocha,ceel_barde_,Ceel Barde,,,,
district_ocha,belet_weyne_,Belet Weyne,,,,
district_ocha,jowhar_,Jowhar,,,,
district_ocha,xudur_,Xudur,,,,
district_ocha,ceel_afweyn_,Ceel Afweyn,,,,
district_ocha,cabudwaaq_,Cabudwaaq,,,,
district_ocha,balcad_,Balcad,,,,
district_ocha,garowe_,Garowe,,,,
district_ocha,iskushuban_,Iskushuban,,,,
district_ocha,bandarbayla_,Bandarbayla,,,,
district_ocha,badhaadhe_,Badhaadhe,,,,
district_ocha,mogadishu-hodan_,Mogadishu Hodan,,,,
district_ocha,cadaado_,Cadaado,,,,
district_ocha,belet_xaawo_,Belet Xaawo,,,,
district_ocha,berbera_,Berbera,,,,
district_ocha,borama_,Borama,,,,
district_ocha,bulo burto_,Bulo Burto,,,,
district_ocha,garbahaarrey_,Garbahaarrey,,,,
district_ocha,burtinle_,Burtinle,,,,
district_ocha,qardho_,Qardho,,,,
district_ocha,dhuusamarreeb_,Dhuusamarreeb,,,,
district_ocha,zeylac_,Zeylac,,,,
district_ocha,ceerigaabo_,Ceerigaabo,,,,
district_ocha,ceel_waaq_,Ceel Waaq,,,,
district_ocha,eyl_,Eyl,,,,
district_ocha,jariiban_,Jariiban,,,,
district_ocha,qandala_,Qandala,,,,
district_ocha,qansax_dheere_,Qansax Dheere,,,,
region_local,woqooyi galbeed,Woqooyi Galbeed,,,,
region_local,bay,Bay,,,,
region_local,gedo,Gedo,,,,
region_local,mudug,Mudug,,,,
region_local,lower juba,Lower Juba,,,,
region_local,bari,Bari,,,,
region_local,lower shabelle,Lower Shabelle,,,,
region_local,togdheer,Togdheer,,,,
region_local,middle shabelle,Middle Shabelle,,,,
region_local,banadir,Banadir,,,,
region_local,sool,Sool,,,,
region_local,bakool,Bakool,,,,
region_local,awdal,Awdal,,,,
region_local,sanaag,Sanaag,,,,
region_local,galgaduud,Galgaduud,,,,
region_local,hiraan,Hiraan,,,,
region_local,nugaal,Nugaal,,,,
region_ocha,Woqooyi Galbeed_,Woqooyi Galbeed,,,,
region_ocha,Bay_,Bay,,,,
region_ocha,Gedo_,Gedo,,,,
region_ocha,Mudug_,Mudug,,,,
region_ocha,Lower Juba_,Lower Juba,,,,
region_ocha,Bari_,Bari,,,,
region_ocha,Lower Shabelle_,Lower Shabelle,,,,
region_ocha,Togdheer_,Togdheer,,,,
region_ocha,Middle Shabelle_,Middle Shabelle,,,,
region_ocha,Banadir_,Banadir,,,,
region_ocha,Sool_,Sool,,,,
region_ocha,Bakool_,Bakool,,,,
region_ocha,Awdal_,Awdal,,,,
region_ocha,Sanaag_,Sanaag,,,,
region_ocha,Hiraan_,Hiraan,,,,
region_ocha,Galgaduud_,Galgaduud,,,,
region_ocha,Nugaal_,Nugaal,,,,
state_ocha,Somaliland_,Somaliland,,,,
state_ocha,Central_,Central,,,,
state_ocha,Jubaland_,Jubaland,,,,
state_ocha,Puntland_,Puntland,,,,
seven_states,Somaliland,Somaliland,,,,
seven_states,South West State,South West State,,,,
seven_states,Jubaland,Jubaland,,,,
seven_states,Galmudug,Galmudug,,,,
seven_states,Puntland,Puntland,,,,
seven_states,Hir-Shabelle,Hir-Shabelle,,,,
seven_states,Banadir,Banadir,,,,
0,0,0,,,,
0,0,0,,,,
0,0,0,,,,
0,0,0,,,,
0,0,0,,,,
0,0,0,,,,
0,0,0,,,,
0,0,0,,,,
0,0,0,,,,
0,0,0,,,,
0,0,0,,,,
0,0,0,,,,
0,0,0,,,,
0,0,0,,,,
0,0,0,,,,
0,0,0,,,,
0,0,0,,,,
0,0,0,,,,
0,0,0,,,,
0,0,0,,,,
0,0,0,,,,
0,0,0,,,,
0,0,0,,,,
0,0,0,,,,
0,0,0,,,,
0,0,0,,,,
0,0,0,,,,
0,0,0,,,,
0,0,0,,,,
0,0,0,,,,
0,0,0,,,,
0,0,0,,,,
0,0,0,,,,
0,0,0,,,,
0,0,0,,,,
0,0,0,,,,
0,0,0,,,,
0,0,0,,,,
0,0,0,,,,
0,0,0,,,,
0,0,0,,,,
0,0,0,,,,
0,0,0,,,,
0,0,0,,,,
0,0,0,,,,
0,0,0,,,,
0,0,0,,,,
0,0,0,,,,
0,0,0,,,,
0,0,0,,,,
0,0,0,,,,
0,0,0,,,,
0,0,0,,,,
0,0,0,,,,
0,0,0,,,,
0,0,0,,,,
0,0,0,,,,
0,0,0,,,,
0,0,0,,,,
0,0,0,,,,
0,0,0,,,,
0,0,0,,,,
0,0,0,,,,
0,0,0,,,,
0,0,0,,,,
0,0,0,,,,
0,0,0,,,,
0,0,0,,,,
0,0,0,,,,
0,0,0,,,,
0,0,0,,,,
0,0,0,,,,
0,0,0,,,,
0,0,0,,,,
0,0,0,,,,
0,0,0,,,,
0,0,0,,,,
0,0,0,,,,
0,0,0,,,,
0,0,0,,,,
0,0,0,,,,
0,0,0,,,,
0,0,0,,,,
0,0,0,,,,
0,0,0,,,,
0,0,0,,,,
0,0,0,,,,
0,0,0,,,,
0,0,0,,,,
0,0,0,,,,
0,0,0,,,,
0,0,0,,,,
0,0,0,,,,
0,0,0,,,,
0,0,0,,,,
0,0,0,,,,
0,0,0,,,,
0,0,0,,,,
0,0,0,,,,
0,0,0,,,,
0,0,0,,,,
0,0,0,,,,
0,0,0,,,,
0,0,0,,,,
0,0,0,,,,
0,0,0,,,,
0,0,0,,,,
0,0,0,,,,
0,0,0,,,,
0,0,0,,,,
0,0,0,,,,
0,0,0,,,,
0,0,0,,,,
0,0,0,,,,
0,0,0,,,,
0,0,0,,,,
0,0,0,,,,
0,0,0,,,,
0,0,0,,,,
0,0,0,,,,
0,0,0,,,,
0,0,0,,,,
0,0,0,,,,
0,0,0,,,,
0,0,0,,,,
0,0,0,,,,
0,0,0,,,,
0,0,0,,,,
0,0,0,,,,
0,0,0,,,,
0,0,0,,,,
0,0,0,,,,
0,0,0,,,,
0,0,0,,,,
0,0,0,,,,
0,0,0,,,,
0,0,0,,,,
0,0,0,,,,
0,0,0,,,,
0,0,0,,,,
0,0,0,,,,
0,0,0,,,,
0,0,0,,,,
0,0,0,,,,
0,0,0,,,,
0,0,0,,,,
0,0,0,,,,
0,0,0,,,,
0,0,0,,,,
0,0,0,,,,
0,0,0,,,,
0,0,0,,,,
0,0,0,,,,
0,0,0,,,,
0,0,0,,,,
0,0,0,,,,
0,0,0,,,,
0,0,0,,,,
0,0,0,,,,
0,0,0,,,,
0,0,0,,,,
0,0,0,,,,
0,0,0,,,,
0,0,0,,,,
0,0,0,,,,
0,0,0,,,,
0,0,0,,,,
0,0,0,,,,
0,0,0,,,,
0,0,0,,,,
0,0,0,,,,
0,0,0,,,,
0,0,0,,,,
0,0,0,,,,
0,0,0,,,,
0,0,0,,,,
0,0,0,,,,
0,0,0,,,,
0,0,0,,,,
0,0,0,,,,
0,0,0,,,,
0,0,0,,,,
0,0,0,,,,
0,0,0,,,,
0,0,0,,,,
0,0,0,,,,
0,0,0,,,,
0,0,0,,,,
0,0,0,,,,
0,0,0,,,,
0,0,0,,,,
0,0,0,,,,
0,0,0,,,,
0,0,0,,,,
0,0,0,,,,
0,0,0,,,,
0,0,0,,,,
0,0,0,,,,
0,0,0,,,,
0,0,0,,,,
0,0,0,,,,
0,0,0,,,,
0,0,0,,,,
0,0,0,,,,
0,0,0,,,,
0,0,0,,,,
0,0,0,,,,
0,0,0,,,,
0,0,0,,,,
0,0,0,,,,
0,0,0,,,,
0,0,0,,,,
0,0,0,,,,
0,0,0,,,,
0,0,0,,,,
0,0,0,,,,
0,0,0,,,,
0,0,0,,,,
0,0,0,,,,
0,0,0,,,,
0,0,0,,,,
0,0,0,,,,
0,0,0,,,,
0,0,0,,,,
0,0,0,,,,
0,0,0,,,,
0,0,0,,,,
0,0,0,,,,
0,0,0,,,,
0,0,0,,,,
0,0,0,,,,
0,0,0,,,,
0,0,0,,,,
0,0,0,,,,
0,0,0,,,,
0,0,0,,,,
0,0,0,,,,
0,0,0,,,,
0,0,0,,,,
0,0,0,,,,
0,0,0,,,,
0,0,0,,,,
0,0,0,,,,
0,0,0,,,,
0,0,0,,,,
0,0,0,,,,
0,0,0,,,,
0,0,0,,,,
0,0,0,,,,
0,0,0,,,,
0,0,0,,,,
0,0,0,,,,
0,0,0,,,,
0,0,0,,,,
0,0,0,,,,
0,0,0,,,,
0,0,0,,,,
0,0,0,,,,
0,0,0,,,,
0,0,0,,,,
0,0,0,,,,
0,0,0,,,,
0,0,0,,,,
0,0,0,,,,
0,0,0,,,,
0,0,0,,,,
0,0,0,,,,
0,0,0,,,,
0,0,0,,,,
0,0,0,,,,
0,0,0,,,,
0,0,0,,,,
0,0,0,,,,
0,0,0,,,,
0,0,0,,,,
0,0,0,,,,
0,0,0,,,,
0,0,0,,,,
0,0,0,,,,
0,0,0,,,,
0,0,0,,,,
0,0,0,,,,
0,0,0,,,,
0,0,0,,,,
0,0,0,,,,
0,0,0,,,,
0,0,0,,,,
0,0,0,,,,
0,0,0,,,,
0,0,0,,,,
0,0,0,,,,
0,0,0,,,,
0,0,0,,,,
0,0,0,,,,
0,0,0,,,,
0,0,0,,,,
0,0,0,,,,
0,0,0,,,,
0,0,0,,,,
0,0,0,,,,
0,0,0,,,,
0,0,0,,,,
0,0,0,,,,
0,0,0,,,,
0,0,0,,,,
0,0,0,,,,
0,0,0,,,,
0,0,0,,,,
0,0,0,,,,
0,0,0,,,,
0,0,0,,,,
0,0,0,,,,
0,0,0,,,,
0,0,0,,,,
0,0,0,,,,
0,0,0,,,,
0,0,0,,,,
0,0,0,,,,
0,0,0,,,,
0,0,0,,,,
0,0,0,,,,
0,0,0,,,,
0,0,0,,,,
0,0,0,,,,
0,0,0,,,,
0,0,0,,,,
0,0,0,,,,
0,0,0,,,,
0,0,0,,,,
0,0,0,,,,
0,0,0,,,,
0,0,0,,,,
0,0,0,,,,
0,0,0,,,,
0,0,0,,,,
0,0,0,,,,
0,0,0,,,,
0,0,0,,,,
0,0,0,,,,
0,0,0,,,,
0,0,0,,,,
0,0,0,,,,
0,0,0,,,,
0,0,0,,,,
0,0,0,,,,
0,0,0,,,,
0,0,0,,,,
0,0,0,,,,
0,0,0,,,,
0,0,0,,,,
0,0,0,,,,
0,0,0,,,,
0,0,0,,,,
0,0,0,,,,
0,0,0,,,,
0,0,0,,,,
0,0,0,,,,
0,0,0,,,,
0,0,0,,,,
0,0,0,,,,
0,0,0,,,,
0,0,0,,,,
0,0,0,,,,
0,0,0,,,,
0,0,0,,,,
0,0,0,,,,
0,0,0,,,,
0,0,0,,,,
0,0,0,,,,
0,0,0,,,,
0,0,0,,,,
0,0,0,,,,
0,0,0,,,,
0,0,0,,,,
0,0,0,,,,
0,0,0,,,,
0,0,0,,,,
0,0,0,,,,
0,0,0,,,,
0,0,0,,,,
0,0,0,,,,
0,0,0,,,,
0,0,0,,,,
0,0,0,,,,
0,0,0,,,,
0,0,0,,,,
0,0,0,,,,
0,0,0,,,,
0,0,0,,,,
0,0,0,,,,
0,0,0,,,,
0,0,0,,,,
0,0,0,,,,
0,0,0,,,,
0,0,0,,,,
0,0,0,,,,
0,0,0,,,,
0,0,0,,,,
0,0,0,,,,
0,0,0,,,,
0,0,0,,,,
0,0,0,,,,
0,0,0,,,,
0,0,0,,,,
0,0,0,,,,
0,0,0,,,,
0,0,0,,,,
0,0,0,,,,
0,0,0,,,,
0,0,0,,,,
0,0,0,,,,
0,0,0,,,,
0,0,0,,,,
0,0,0,,,,
0,0,0,,,,
0,0,0,,,,
0,0,0,,,,
0,0,0,,,,
0,0,0,,,,
0,0,0,,,,
0,0,0,,,,
0,0,0,,,,
0,0,0,,,,
0,0,0,,,,
0,0,0,,,,
0,0,0,,,,
0,0,0,,,,
0,0,0,,,,
0,0,0,,,,
0,0,0,,,,
0,0,0,,,,
0,0,0,,,,
0,0,0,,,,
0,0,0,,,,
0,0,0,,,,
0,0,0,,,,
0,0,0,,,,
0,0,0,,,,
0,0,0,,,,
0,0,0,,,,
0,0,0,,,,
0,0,0,,,,
0,0,0,,,,
0,0,0,,,,
0,0,0,,,,
0,0,0,,,,
0,0,0,,,,
0,0,0,,,,
0,0,0,,,,
0,0,0,,,,
0,0,0,,,,
0,0,0,,,,
0,0,0,,,,
0,0,0,,,,
0,0,0,,,,
0,0,0,,,,
0,0,0,,,,
0,0,0,,,,
0,0,0,,,,
0,0,0,,,,
0,0,0,,,,
0,0,0,,,,
0,0,0,,,,
0,0,0,,,,
0,0,0,,,,
0,0,0,,,,
0,0,0,,,,
0,0,0,,,,
0,0,0,,,,
0,0,0,,,,
0,0,0,,,,
0,0,0,,,,
0,0,0,,,,
0,0,0,,,,
0,0,0,,,,
0,0,0,,,,
0,0,0,,,,
0,0,0,,,,
0,0,0,,,,
0,0,0,,,,
0,0,0,,,,
0,0,0,,,,
0,0,0,,,,
0,0,0,,,,
0,0,0,,,,
0,0,0,,,,
0,0,0,,,,
0,0,0,,,,
0,0,0,,,,
0,0,0,,,,
0,0,0,,,,
0,0,0,,,,
0,0,0,,,,
0,0,0,,,,
0,0,0,,,,
0,0,0,,,,
0,0,0,,,,
0,0,0,,,,
0,0,0,,,,
0,0,0,,,,
0,0,0,,,,
0,0,0,,,,
0,0,0,,,,
0,0,0,,,,
0,0,0,,,,
0,0,0,,,,
0,0,0,,,,
0,0,0,,,,
0,0,0,,,,
0,0,0,,,,
0,0,0,,,,
0,0,0,,,,
0,0,0,,,,
0,0,0,,,,
0,0,0,,,,
0,0,0,,,,
0,0,0,,,,
0,0,0,,,,
0,0,0,,,,
0,0,0,,,,
0,0,0,,,,
0,0,0,,,,
0,0,0,,,,
0,0,0,,,,
0,0,0,,,,
0,0,0,,,,
0,0,0,,,,
0,0,0,,,,
0,0,0,,,,
0,0,0,,,,
0,0,0,,,,
0,0,0,,,,
0,0,0,,,,
0,0,0,,,,
0,0,0,,,,
0,0,0,,,,
0,0,0,,,,
0,0,0,,,,
0,0,0,,,,
0,0,0,,,,
0,0,0,,,,
0,0,0,,,,
0,0,0,,,,
0,0,0,,,,
0,0,0,,,,
0,0,0,,,,
0,0,0,,,,
0,0,0,,,,
0,0,0,,,,
0,0,0,,,,
0,0,0,,,,
0,0,0,,,,
0,0,0,,,,
0,0,0,,,,
0,0,0,,,,
0,0,0,,,,
0,0,0,,,,
0,0,0,,,,
0,0,0,,,,
0,0,0,,,,
0,0,0,,,,
0,0,0,,,,
0,0,0,,,,
0,0,0,,,,
0,0,0,,,,
0,0,0,,,,
0,0,0,,,,
0,0,0,,,,
0,0,0,,,,
0,0,0,,,,
0,0,0,,,,
0,0,0,,,,
0,0,0,,,,
0,0,0,,,,
0,0,0,,,,
0,0,0,,,,
0,0,0,,,,
0,0,0,,,,
0,0,0,,,,
0,0,0,,,,
0,0,0,,,,
0,0,0,,,,
0,0,0,,,,
0,0,0,,,,
0,0,0,,,,
0,0,0,,,,
0,0,0,,,,
0,0,0,,,,
0,0,0,,,,
0,0,0,,,,
0,0,0,,,,
0,0,0,,,,
0,0,0,,,,
0,0,0,,,,
0,0,0,,,,
0,0,0,,,,
0,0,0,,,,
0,0,0,,,,
0,0,0,,,,
0,0,0,,,,
0,0,0,,,,
0,0,0,,,,
0,0,0,,,,
0,0,0,,,,
0,0,0,,,,
0,0,0,,,,
0,0,0,,,,
0,0,0,,,,
0,0,0,,,,
0,0,0,,,,
0,0,0,,,,
0,0,0,,,,
0,0,0,,,,
0,0,0,,,,
0,0,0,,,,
0,0,0,,,,
0,0,0,,,,
0,0,0,,,,
0,0,0,,,,
0,0,0,,,,
0,0,0,,,,
0,0,0,,,,
0,0,0,,,,
0,0,0,,,,
0,0,0,,,,
0,0,0,,,,
0,0,0,,,,
0,0,0,,,,
0,0,0,,,,
0,0,0,,,,
0,0,0,,,,
0,0,0,,,,
0,0,0,,,,
0,0,0,,,,
0,0,0,,,,
0,0,0,,,,
0,0,0,,,,
0,0,0,,,,
0,0,0,,,,
0,0,0,,,,
0,0,0,,,,
0,0,0,,,,
0,0,0,,,,
0,0,0,,,,
0,0,0,,,,
0,0,0,,,,
0,0,0,,,,
0,0,0,,,,
0,0,0,,,,
0,0,0,,,,
0,0,0,,,,
0,0,0,,,,
0,0,0,,,,
0,0,0,,,,
0,0,0,,,,
0,0,0,,,,
0,0,0,,,,
0,0,0,,,,
0,0,0,,,,
0,0,0,,,,
0,0,0,,,,
0,0,0,,,,
0,0,0,,,,
0,0,0,,,,
0,0,0,,,,
0,0,0,,,,
0,0,0,,,,
0,0,0,,,,
0,0,0,,,,
0,0,0,,,,
0,0,0,,,,
0,0,0,,,,
0,0,0,,,,
0,0,0,,,,
0,0,0,,,,
0,0,0,,,,
0,0,0,,,,
0,0,0,,,,
0,0,0,,,,
0,0,0,,,,
0,0,0,,,,
0,0,0,,,,
0,0,0,,,,
0,0,0,,,,
0,0,0,,,,
0,0,0,,,,
0,0,0,,,,
0,0,0,,,,
0,0,0,,,,
0,0,0,,,,
0,0,0,,,,
0,0,0,,,,
0,0,0,,,,
0,0,0,,,,
0,0,0,,,,
0,0,0,,,,
0,0,0,,,,
0,0,0,,,,
0,0,0,,,,
0,0,0,,,,
0,0,0,,,,
0,0,0,,,,
0,0,0,,,,
0,0,0,,,,
0,0,0,,,,
0,0,0,,,,
0,0,0,,,,
0,0,0,,,,
0,0,0,,,,
0,0,0,,,,
0,0,0,,,,
0,0,0,,,,
0,0,0,,,,
0,0,0,,,,
0,0,0,,,,
0,0,0,,,,
0,0,0,,,,
0,0,0,,,,
0,0,0,,,,
0,0,0,,,,
0,0,0,,,,
0,0,0,,,,
0,0,0,,,,
0,0,0,,,,
0,0,0,,,,
0,0,0,,,,
0,0,0,,,,
0,0,0,,,,
0,0,0,,,,
0,0,0,,,,
0,0,0,,,,
0,0,0,,,,
0,0,0,,,,
0,0,0,,,,
0,0,0,,,,
0,0,0,,,,
0,0,0,,,,
0,0,0,,,,
0,0,0,,,,
0,0,0,,,,
0,0,0,,,,
0,0,0,,,,
0,0,0,,,,
0,0,0,,,,
0,0,0,,,,
0,0,0,,,,
0,0,0,,,,
0,0,0,,,,
0,0,0,,,,
0,0,0,,,,
0,0,0,,,,
0,0,0,,,,
0,0,0,,,,
0,0,0,,,,
0,0,0,,,,
0,0,0,,,,
0,0,0,,,,
0,0,0,,,,
0,0,0,,,,
0,0,0,,,,
0,0,0,,,,
0,0,0,,,,
0,0,0,,,,
0,0,0,,,,
0,0,0,,,,
0,0,0,,,,
0,0,0,,,,
0,0,0,,,,
0,0,0,,,,
0,0,0,,,,
0,0,0,,,,
0,0,0,,,,
0,0,0,,,,
0,0,0,,,,
0,0,0,,,,
0,0,0,,,,
0,0,0,,,,
0,0,0,,,,
0,0,0,,,,
0,0,0,,,,
0,0,0,,,,
0,0,0,,,,
0,0,0,,,,
0,0,0,,,,
0,0,0,,,,
0,0,0,,,,
0,0,0,,,,
0,0,0,,,,
0,0,0,,,,
0,0,0,,,,
0,0,0,,,,
0,0,0,,,,
0,0,0,,,,
0,0,0,,,,
0,0,0,,,,
0,0,0,,,,
0,0,0,,,,
0,0,0,,,,
0,0,0,,,,
0,0,0,,,,
0,0,0,,,,
0,0,0,,,,
0,0,0,,,,
0,0,0,,,,
0,0,0,,,,
0,0,0,,,,
0,0,0,,,,
0,0,0,,,,
0,0,0,,,,
0,0,0,,,,
0,0,0,,,,
0,0,0,,,,
0,0,0,,,,
0,0,0,,,,
0,0,0,,,,
0,0,0,,,,
0,0,0,,,,
0,0,0,,,,
0,0,0,,,,
0,0,0,,,,
0,0,0,,,,
0,0,0,,,,
0,0,0,,,,
0,0,0,,,,
0,0,0,,,,
0,0,0,,,,
0,0,0,,,,
0,0,0,,,,
0,0,0,,,,
0,0,0,,,,
0,0,0,,,,
0,0,0,,,,
0,0,0,,,,
0,0,0,,,,
0,0,0,,,,
0,0,0,,,,
0,0,0,,,,
0,0,0,,,,
0,0,0,,,,
0,0,0,,,,
0,0,0,,,,
0,0,0,,,,
0,0,0,,,,
0,0,0,,,,
0,0,0,,,,
0,0,0,,,,
0,0,0,,,,
0,0,0,,,,
0,0,0,,,,
0,0,0,,,,
0,0,0,,,,
0,0,0,,,,
0,0,0,,,,
0,0,0,,,,
0,0,0,,,,
0,0,0,,,,
0,0,0,,,,
0,0,0,,,,
0,0,0,,,,
0,0,0,,,,
0,0,0,,,,
0,0,0,,,,
0,0,0,,,,
0,0,0,,,,
0,0,0,,,,
0,0,0,,,,
0,0,0,,,,
0,0,0,,,,
0,0,0,,,,
0,0,0,,,,
0,0,0,,,,
0,0,0,,,,
0,0,0,,,,
0,0,0,,,,
0,0,0,,,,
0,0,0,,,,
0,0,0,,,,
0,0,0,,,,
0,0,0,,,,
0,0,0,,,,
0,0,0,,,,
0,0,0,,,,
0,0,0,,,,
0,0,0,,,,
0,0,0,,,,
0,0,0,,,,
0,0,0,,,,
0,0,0,,,,
0,0,0,,,,
0,0,0,,,,
0,0,0,,,,
0,0,0,,,,
0,0,0,,,,
0,0,0,,,,
0,0,0,,,,
0,0,0,,,,
0,0,0,,,,
0,0,0,,,,
0,0,0,,,,
0,0,0,,,,
0,0,0,,,,
0,0,0,,,,
0,0,0,,,,
0,0,0,,,,
0,0,0,,,,
0,0,0,,,,
0,0,0,,,,
0,0,0,,,,
0,0,0,,,,
0,0,0,,,,
0,0,0,,,,
0,0,0,,,,
0,0,0,,,,
0,0,0,,,,
0,0,0,,,,
0,0,0,,,,
0,0,0,,,,
0,0,0,,,,
0,0,0,,,,
0,0,0,,,,
0,0,0,,,,
0,0,0,,,,
0,0,0,,,,
0,0,0,,,,
0,0,0,,,,
0,0,0,,,,
0,0,0,,,,
0,0,0,,,,
0,0,0,,,,
0,0,0,,,,
0,0,0,,,,
0,0,0,,,,
0,0,0,,,,
0,0,0,,,,
0,0,0,,,,
0,0,0,,,,
0,0,0,,,,
0,0,0,,,,
0,0,0,,,,
0,0,0,,,,
0,0,0,,,,
0,0,0,,,,
0,0,0,,,,
0,0,0,,,,
0,0,0,,,,
0,0,0,,,,
0,0,0,,,,
0,0,0,,,,
0,0,0,,,,
0,0,0,,,,
0,0,0,,,,
0,0,0,,,,
0,0,0,,,,
0,0,0,,,,
0,0,0,,,,
0,0,0,,,,
0,0,0,,,,
0,0,0,,,,
0,0,0,,,,
0,0,0,,,,
0,0,0,,,,
0,0,0,,,,
0,0,0,,,,
0,0,0,,,,
0,0,0,,,,
0,0,0,,,,
0,0,0,,,,
0,0,0,,,,
0,0,0,,,,
0,0,0,,,,
0,0,0,,,,
0,0,0,,,,
0,0,0,,,,
0,0,0,,,,
0,0,0,,,,
0,0,0,,,,
0,0,0,,,,
0,0,0,,,,
0,0,0,,,,
0,0,0,,,,
0,0,0,,,,
0,0,0,,,,
0,0,0,,,,
0,0,0,,,,
0,0,0,,,,
0,0,0,,,,
0,0,0,,,,
0,0,0,,,,
0,0,0,,,,
0,0,0,,,,
0,0,0,,,,
0,0,0,,,,
0,0,0,,,,
0,0,0,,,,
0,0,0,,,,
0,0,0,,,,
0,0,0,,,,
0,0,0,,,,
0,0,0,,,,
0,0,0,,,,
0,0,0,,,,
0,0,0,,,,
0,0,0,,,,
0,0,0,,,,
0,0,0,,,,
0,0,0,,,,
0,0,0,,,,
0,0,0,,,,
0,0,0,,,,
0,0,0,,,,
0,0,0,,,,
0,0,0,,,,
0,0,0,,,,
0,0,0,,,,
0,0,0,,,,
0,0,0,,,,
0,0,0,,,,
0,0,0,,,,
0,0,0,,,,
0,0,0,,,,
0,0,0,,,,
0,0,0,,,,
0,0,0,,,,
0,0,0,,,,
0,0,0,,,,
0,0,0,,,,
0,0,0,,,,
0,0,0,,,,
0,0,0,,,,
0,0,0,,,,
0,0,0,,,,
0,0,0,,,,
0,0,0,,,,
0,0,0,,,,
0,0,0,,,,
0,0,0,,,,
0,0,0,,,,
0,0,0,,,,
0,0,0,,,,
0,0,0,,,,
0,0,0,,,,
0,0,0,,,,
0,0,0,,,,
0,0,0,,,,
0,0,0,,,,
0,0,0,,,,
0,0,0,,,,
0,0,0,,,,
0,0,0,,,,
0,0,0,,,,
0,0,0,,,,
0,0,0,,,,
0,0,0,,,,
0,0,0,,,,
0,0,0,,,,
0,0,0,,,,
0,0,0,,,,
0,0,0,,,,
0,0,0,,,,
0,0,0,,,,
0,0,0,,,,
0,0,0,,,,
0,0,0,,,,
0,0,0,,,,
0,0,0,,,,
0,0,0,,,,
0,0,0,,,,
0,0,0,,,,
0,0,0,,,,
0,0,0,,,,
0,0,0,,,,
0,0,0,,,,
0,0,0,,,,
0,0,0,,,,
0,0,0,,,,
0,0,0,,,,
0,0,0,,,,
0,0,0,,,,
0,0,0,,,,
0,0,0,,,,
0,0,0,,,,
0,0,0,,,,
0,0,0,,,,
0,0,0,,,,
0,0,0,,,,
0,0,0,,,,
0,0,0,,,,
0,0,0,,,,
0,0,0,,,,
0,0,0,,,,
0,0,0,,,,
0,0,0,,,,
0,0,0,,,,
0,0,0,,,,
0,0,0,,,,
0,0,0,,,,
0,0,0,,,,
0,0,0,,,,
0,0,0,,,,
0,0,0,,,,
0,0,0,,,,
0,0,0,,,,
0,0,0,,,,
0,0,0,,,,
0,0,0,,,,
0,0,0,,,,
0,0,0,,,,
0,0,0,,,,
0,0,0,,,,
0,0,0,,,,
0,0,0,,,,
0,0,0,,,,
0,0,0,,,,
0,0,0,,,,
0,0,0,,,,
0,0,0,,,,
0,0,0,,,,
0,0,0,,,,
0,0,0,,,,
0,0,0,,,,
0,0,0,,,,
0,0,0,,,,
0,0,0,,,,
0,0,0,,,,
0,0,0,,,,
0,0,0,,,,
0,0,0,,,,
0,0,0,,,,
0,0,0,,,,
0,0,0,,,,
0,0,0,,,,
0,0,0,,,,
0,0,0,,,,
0,0,0,,,,
0,0,0,,,,
0,0,0,,,,
0,0,0,,,,
0,0,0,,,,
0,0,0,,,,
0,0,0,,,,
0,0,0,,,,
0,0,0,,,,
0,0,0,,,,
0,0,0,,,,
0,0,0,,,,
0,0,0,,,,
0,0,0,,,,
0,0,0,,,,
0,0,0,,,,
0,0,0,,,,
0,0,0,,,,
0,0,0,,,,
0,0,0,,,,
0,0,0,,,,
0,0,0,,,,
0,0,0,,,,
0,0,0,,,,
0,0,0,,,,
0,0,0,,,,
0,0,0,,,,
0,0,0,,,,
0,0,0,,,,
0,0,0,,,,
0,0,0,,,,
0,0,0,,,,
0,0,0,,,,
0,0,0,,,,
0,0,0,,,,
0,0,0,,,,
0,0,0,,,,
0,0,0,,,,
0,0,0,,,,
0,0,0,,,,
0,0,0,,,,
0,0,0,,,,
0,0,0,,,,
0,0,0,,,,
0,0,0,,,,
0,0,0,,,,
0,0,0,,,,
0,0,0,,,,
0,0,0,,,,
0,0,0,,,,
0,0,0,,,,
0,0,0,,,,
0,0,0,,,,
0,0,0,,,,
0,0,0,,,,
0,0,0,,,,
0,0,0,,,,
0,0,0,,,,
0,0,0,,,,
0,0,0,,,,
0,0,0,,,,
0,0,0,,,,
0,0,0,,,,
0,0,0,,,,
0,0,0,,,,
0,0,0,,,,
0,0,0,,,,
0,0,0,,,,
0,0,0,,,,
0,0,0,,,,
0,0,0,,,,
0,0,0,,,,
0,0,0,,,,
0,0,0,,,,
0,0,0,,,,
0,0,0,,,,
0,0,0,,,,
0,0,0,,,,
0,0,0,,,,
0,0,0,,,,
0,0,0,,,,
0,0,0,,,,
0,0,0,,,,
0,0,0,,,,
0,0,0,,,,
0,0,0,,,,
0,0,0,,,,
0,0,0,,,,
0,0,0,,,,
0,0,0,,,,
0,0,0,,,,
0,0,0,,,,
0,0,0,,,,
0,0,0,,,,
0,0,0,,,,
0,0,0,,,,
0,0,0,,,,
0,0,0,,,,
0,0,0,,,,
0,0,0,,,,
0,0,0,,,,
0,0,0,,,,
0,0,0,,,,
0,0,0,,,,
0,0,0,,,,
0,0,0,,,,
0,0,0,,,,
0,0,0,,,,
0,0,0,,,,
0,0,0,,,,
0,0,0,,,,
0,0,0,,,,
0,0,0,,,,
0,0,0,,,,
0,0,0,,,,
0,0,0,,,,
0,0,0,,,,
0,0,0,,,,
0,0,0,,,,
0,0,0,,,,
0,0,0,,,,
0,0,0,,,,
0,0,0,,,,
0,0,0,,,,
0,0,0,,,,
0,0,0,,,,
0,0,0,,,,
0,0,0,,,,
0,0,0,,,,
0,0,0,,,,
0,0,0,,,,
0,0,0,,,,
0,0,0,,,,
0,0,0,,,,
0,0,0,,,,
0,0,0,,,,
0,0,0,,,,
0,0,0,,,,
0,0,0,,,,
0,0,0,,,,
0,0,0,,,,
0,0,0,,,,
0,0,0,,,,
0,0,0,,,,
0,0,0,,,,
0,0,0,,,,
0,0,0,,,,
0,0,0,,,,
0,0,0,,,,
0,0,0,,,,
0,0,0,,,,
0,0,0,,,,
0,0,0,,,,
0,0,0,,,,
0,0,0,,,,
0,0,0,,,,
0,0,0,,,,
0,0,0,,,,
0,0,0,,,,
0,0,0,,,,
0,0,0,,,,
0,0,0,,,,
0,0,0,,,,
0,0,0,,,,
0,0,0,,,,
0,0,0,,,,
0,0,0,,,,
0,0,0,,,,
0,0,0,,,,
0,0,0,,,,
0,0,0,,,,
0,0,0,,,,
0,0,0,,,,
0,0,0,,,,
0,0,0,,,,
0,0,0,,,,
0,0,0,,,,
0,0,0,,,,
0,0,0,,,,
0,0,0,,,,
0,0,0,,,,
0,0,0,,,,
0,0,0,,,,
0,0,0,,,,
0,0,0,,,,
0,0,0,,,,
0,0,0,,,,
0,0,0,,,,
0,0,0,,,,
0,0,0,,,,
0,0,0,,,,
0,0,0,,,,
0,0,0,,,,
0,0,0,,,,
0,0,0,,,,
0,0,0,,,,
0,0,0,,,,
0,0,0,,,,
0,0,0,,,,
0,0,0,,,,
0,0,0,,,,
0,0,0,,,,
0,0,0,,,,
0,0,0,,,,
0,0,0,,,,
0,0,0,,,,
0,0,0,,,,
0,0,0,,,,
0,0,0,,,,
0,0,0,,,,
0,0,0,,,,
0,0,0,,,,
0,0,0,,,,
0,0,0,,,,
0,0,0,,,,
0,0,0,,,,
0,0,0,,,,
0,0,0,,,,
0,0,0,,,,
0,0,0,,,,
0,0,0,,,,
0,0,0,,,,
0,0,0,,,,
0,0,0,,,,
0,0,0,,,,
0,0,0,,,,
0,0,0,,,,
0,0,0,,,,
0,0,0,,,,
0,0,0,,,,
0,0,0,,,,
0,0,0,,,,
0,0,0,,,,
0,0,0,,,,
0,0,0,,,,
0,0,0,,,,
0,0,0,,,,
0,0,0,,,,
0,0,0,,,,
0,0,0,,,,
0,0,0,,,,
0,0,0,,,,
0,0,0,,,,
0,0,0,,,,
0,0,0,,,,
0,0,0,,,,
0,0,0,,,,
0,0,0,,,,
0,0,0,,,,
0,0,0,,,,
0,0,0,,,,
0,0,0,,,,
0,0,0,,,,
0,0,0,,,,
0,0,0,,,,
0,0,0,,,,
0,0,0,,,,
0,0,0,,,,
0,0,0,,,,
0,0,0,,,,
0,0,0,,,,
0,0,0,,,,
0,0,0,,,,
0,0,0,,,,
0,0,0,,,,
0,0,0,,,,
0,0,0,,,,
0,0,0,,,,
0,0,0,,,,
0,0,0,,,,
0,0,0,,,,
0,0,0,,,,
0,0,0,,,,
0,0,0,,,,
0,0,0,,,,
0,0,0,,,,
0,0,0,,,,
0,0,0,,,,
0,0,0,,,,
0,0,0,,,,
0,0,0,,,,
0,0,0,,,,
0,0,0,,,,
0,0,0,,,,
0,0,0,,,,
0,0,0,,,,
0,0,0,,,,
0,0,0,,,,
0,0,0,,,,
0,0,0,,,,
0,0,0,,,,
0,0,0,,,,
0,0,0,,,,
0,0,0,,,,
0,0,0,,,,
0,0,0,,,,
0,0,0,,,,
0,0,0,,,,
0,0,0,,,,
0,0,0,,,,
0,0,0,,,,
0,0,0,,,,
0,0,0,,,,
0,0,0,,,,
0,0,0,,,,
0,0,0,,,,
0,0,0,,,,
0,0,0,,,,
0,0,0,,,,
0,0,0,,,,
0,0,0,,,,
0,0,0,,,,
0,0,0,,,,
0,0,0,,,,
0,0,0,,,,
0,0,0,,,,
0,0,0,,,,
0,0,0,,,,
0,0,0,,,,
0,0,0,,,,
0,0,0,,,,
0,0,0,,,,
0,0,0,,,,
0,0,0,,,,
0,0,0,,,,
0,0,0,,,,
0,0,0,,,,
0,0,0,,,,
0,0,0,,,,
0,0,0,,,,
0,0,0,,,,
0,0,0,,,,
0,0,0,,,,
0,0,0,,,,
0,0,0,,,,
0,0,0,,,,
0,0,0,,,,
0,0,0,,,,
0,0,0,,,,
0,0,0,,,,
0,0,0,,,,
0,0,0,,,,
0,0,0,,,,
0,0,0,,,,
0,0,0,,,,
0,0,0,,,,
0,0,0,,,,
0,0,0,,,,
0,0,0,,,,
0,0,0,,,,
0,0,0,,,,
0,0,0,,,,
0,0,0,,,,
0,0,0,,,,
0,0,0,,,,
0,0,0,,,,
0,0,0,,,,
0,0,0,,,,
0,0,0,,,,
0,0,0,,,,
0,0,0,,,,
0,0,0,,,,
0,0,0,,,,
0,0,0,,,,
0,0,0,,,,
0,0,0,,,,
0,0,0,,,,
0,0,0,,,,
0,0,0,,,,
0,0,0,,,,
0,0,0,,,,
0,0,0,,,,
0,0,0,,,,
0,0,0,,,,
0,0,0,,,,
0,0,0,,,,
0,0,0,,,,
0,0,0,,,,
0,0,0,,,,
0,0,0,,,,
0,0,0,,,,
0,0,0,,,,
0,0,0,,,,
0,0,0,,,,
0,0,0,,,,
0,0,0,,,,
0,0,0,,,,
0,0,0,,,,
0,0,0,,,,
0,0,0,,,,
0,0,0,,,,
0,0,0,,,,
0,0,0,,,,
0,0,0,,,,
0,0,0,,,,
0,0,0,,,,
0,0,0,,,,
0,0,0,,,,
0,0,0,,,,
0,0,0,,,,
0,0,0,,,,
0,0,0,,,,
0,0,0,,,,
0,0,0,,,,
0,0,0,,,,
0,0,0,,,,
0,0,0,,,,
0,0,0,,,,
0,0,0,,,,
0,0,0,,,,
0,0,0,,,,
0,0,0,,,,
0,0,0,,,,
0,0,0,,,,
0,0,0,,,,
0,0,0,,,,
0,0,0,,,,
0,0,0,,,,
0,0,0,,,,
0,0,0,,,,
0,0,0,,,,
0,0,0,,,,
0,0,0,,,,
0,0,0,,,,
0,0,0,,,,
0,0,0,,,,
0,0,0,,,,
0,0,0,,,,
0,0,0,,,,
0,0,0,,,,
0,0,0,,,,
0,0,0,,,,
0,0,0,,,,
0,0,0,,,,
0,0,0,,,,
0,0,0,,,,
0,0,0,,,,
0,0,0,,,,
0,0,0,,,,
0,0,0,,,,
0,0,0,,,,
0,0,0,,,,
0,0,0,,,,
0,0,0,,,,
0,0,0,,,,
0,0,0,,,,
0,0,0,,,,
0,0,0,,,,
0,0,0,,,,
0,0,0,,,,
0,0,0,,,,
0,0,0,,,,
0,0,0,,,,
0,0,0,,,,
0,0,0,,,,
0,0,0,,,,
0,0,0,,,,
0,0,0,,,,
0,0,0,,,,
0,0,0,,,,
0,0,0,,,,
0,0,0,,,,
0,0,0,,,,
0,0,0,,,,
0,0,0,,,,
0,0,0,,,,
0,0,0,,,,
0,0,0,,,,
0,0,0,,,,
0,0,0,,,,
0,0,0,,,,
0,0,0,,,,
0,0,0,,,,
0,0,0,,,,
0,0,0,,,,
0,0,0,,,,
0,0,0,,,,
0,0,0,,,,
0,0,0,,,,
0,0,0,,,,
0,0,0,,,,
0,0,0,,,,
0,0,0,,,,
0,0,0,,,,
0,0,0,,,,
0,0,0,,,,
0,0,0,,,,
0,0,0,,,,
0,0,0,,,,
0,0,0,,,,
0,0,0,,,,
0,0,0,,,,
0,0,0,,,,
0,0,0,,,,
0,0,0,,,,
0,0,0,,,,
0,0,0,,,,
0,0,0,,,,
0,0,0,,,,
0,0,0,,,,
0,0,0,,,,
0,0,0,,,,
0,0,0,,,,
0,0,0,,,,
0,0,0,,,,
0,0,0,,,,
0,0,0,,,,
0,0,0,,,,
0,0,0,,,,
0,0,0,,,,
0,0,0,,,,
0,0,0,,,,
0,0,0,,,,
0,0,0,,,,
0,0,0,,,,
0,0,0,,,,
0,0,0,,,,
0,0,0,,,,
0,0,0,,,,
0,0,0,,,,
0,0,0,,,,
0,0,0,,,,
0,0,0,,,,
0,0,0,,,,
0,0,0,,,,
0,0,0,,,,
0,0,0,,,,
0,0,0,,,,
0,0,0,,,,
0,0,0,,,,
0,0,0,,,,
0,0,0,,,,
0,0,0,,,,
0,0,0,,,,
0,0,0,,,,
0,0,0,,,,
0,0,0,,,,
0,0,0,,,,
0,0,0,,,,
0,0,0,,,,
0,0,0,,,,
0,0,0,,,,
0,0,0,,,,
0,0,0,,,,
0,0,0,,,,
0,0,0,,,,
0,0,0,,,,
0,0,0,,,,
0,0,0,,,,
0,0,0,,,,
0,0,0,,,,
0,0,0,,,,
0,0,0,,,,
0,0,0,,,,
0,0,0,,,,
0,0,0,,,,
0,0,0,,,,
0,0,0,,,,
0,0,0,,,,
0,0,0,,,,
0,0,0,,,,
0,0,0,,,,
0,0,0,,,,
0,0,0,,,,
0,0,0,,,,
0,0,0,,,,
0,0,0,,,,
0,0,0,,,,
0,0,0,,,,
0,0,0,,,,
0,0,0,,,,
0,0,0,,,,
0,0,0,,,,
0,0,0,,,,
0,0,0,,,,
0,0,0,,,,
0,0,0,,,,
0,0,0,,,,
0,0,0,,,,
0,0,0,,,,
0,0,0,,,,
0,0,0,,,,
0,0,0,,,,
0,0,0,,,,
0,0,0,,,,
0,0,0,,,,
0,0,0,,,,
0,0,0,,,,
0,0,0,,,,
0,0,0,,,,
0,0,0,,,,
0,0,0,,,,
0,0,0,,,,
0,0,0,,,,
0,0,0,,,,
0,0,0,,,,
0,0,0,,,,
0,0,0,,,,
0,0,0,,,,
0,0,0,,,,
0,0,0,,,,
0,0,0,,,,
0,0,0,,,,
0,0,0,,,,
0,0,0,,,,
0,0,0,,,,
0,0,0,,,,
0,0,0,,,,
0,0,0,,,,
0,0,0,,,,
0,0,0,,,,
0,0,0,,,,
0,0,0,,,,
0,0,0,,,,
0,0,0,,,,
0,0,0,,,,
0,0,0,,,,
0,0,0,,,,
0,0,0,,,,
0,0,0,,,,
0,0,0,,,,
0,0,0,,,,
0,0,0,,,,
0,0,0,,,,
0,0,0,,,,
0,0,0,,,,
0,0,0,,,,
0,0,0,,,,
0,0,0,,,,
0,0,0,,,,
0,0,0,,,,
0,0,0,,,,
0,0,0,,,,
0,0,0,,,,
0,0,0,,,,
0,0,0,,,,
0,0,0,,,,
0,0,0,,,,
0,0,0,,,,
0,0,0,,,,
0,0,0,,,,
0,0,0,,,,
0,0,0,,,,
0,0,0,,,,
0,0,0,,,,
0,0,0,,,,
0,0,0,,,,
0,0,0,,,,
0,0,0,,,,
0,0,0,,,,
0,0,0,,,,
0,0,0,,,,
0,0,0,,,,
0,0,0,,,,
0,0,0,,,,
0,0,0,,,,
0,0,0,,,,
0,0,0,,,,
0,0,0,,,,
0,0,0,,,,
0,0,0,,,,
0,0,0,,,,
0,0,0,,,,
0,0,0,,,,
0,0,0,,,,
0,0,0,,,,
0,0,0,,,,
0,0,0,,,,
0,0,0,,,,
0,0,0,,,,
0,0,0,,,,
0,0,0,,,,
0,0,0,,,,
0,0,0,,,,
0,0,0,,,,
0,0,0,,,,
0,0,0,,,,
0,0,0,,,,
0,0,0,,,,
0,0,0,,,,
0,0,0,,,,
0,0,0,,,,
0,0,0,,,,
0,0,0,,,,
0,0,0,,,,
0,0,0,,,,
0,0,0,,,,
0,0,0,,,,
0,0,0,,,,
0,0,0,,,,
0,0,0,,,,
0,0,0,,,,
0,0,0,,,,
0,0,0,,,,
0,0,0,,,,
0,0,0,,,,
0,0,0,,,,
0,0,0,,,,
0,0,0,,,,
0,0,0,,,,
0,0,0,,,,
0,0,0,,,,
0,0,0,,,,
0,0,0,,,,
0,0,0,,,,
0,0,0,,,,
0,0,0,,,,
0,0,0,,,,
0,0,0,,,,
0,0,0,,,,
0,0,0,,,,
0,0,0,,,,
0,0,0,,,,
0,0,0,,,,
0,0,0,,,,
0,0,0,,,,
0,0,0,,,,
0,0,0,,,,
0,0,0,,,,
0,0,0,,,,
0,0,0,,,,
0,0,0,,,,
0,0,0,,,,
0,0,0,,,,
0,0,0,,,,
0,0,0,,,,
0,0,0,,,,
0,0,0,,,,
0,0,0,,,,
0,0,0,,,,
0,0,0,,,,
0,0,0,,,,
0,0,0,,,,
0,0,0,,,,
0,0,0,,,,
0,0,0,,,,
0,0,0,,,,
0,0,0,,,,
0,0,0,,,,
0,0,0,,,,
0,0,0,,,,
0,0,0,,,,
0,0,0,,,,
0,0,0,,,,
0,0,0,,,,
0,0,0,,,,
0,0,0,,,,
0,0,0,,,,
0,0,0,,,,
0,0,0,,,,
0,0,0,,,,
0,0,0,,,,
0,0,0,,,,
0,0,0,,,,
0,0,0,,,,
0,0,0,,,,
0,0,0,,,,
0,0,0,,,,
0,0,0,,,,
0,0,0,,,,
0,0,0,,,,
0,0,0,,,,
0,0,0,,,,
0,0,0,,,,
0,0,0,,,,
0,0,0,,,,
0,0,0,,,,
0,0,0,,,,
0,0,0,,,,
0,0,0,,,,
0,0,0,,,,
0,0,0,,,,
0,0,0,,,,
0,0,0,,,,
0,0,0,,,,
0,0,0,,,,
0,0,0,,,,
0,0,0,,,,
0,0,0,,,,
0,0,0,,,,
0,0,0,,,,
0,0,0,,,,
0,0,0,,,,
0,0,0,,,,
0,0,0,,,,
0,0,0,,,,
0,0,0,,,,
0,0,0,,,,
0,0,0,,,,
0,0,0,,,,
0,0,0,,,,
0,0,0,,,,
0,0,0,,,,
0,0,0,,,,
0,0,0,,,,
0,0,0,,,,
0,0,0,,,,
0,0,0,,,,
0,0,0,,,,
0,0,0,,,,
0,0,0,,,,
0,0,0,,,,
0,0,0,,,,
0,0,0,,,,
0,0,0,,,,
0,0,0,,,,
0,0,0,,,,
0,0,0,,,,
0,0,0,,,,
0,0,0,,,,
0,0,0,,,,
0,0,0,,,,
0,0,0,,,,
0,0,0,,,,
0,0,0,,,,
0,0,0,,,,
0,0,0,,,,
0,0,0,,,,
0,0,0,,,,
0,0,0,,,,
0,0,0,,,,
0,0,0,,,,
0,0,0,,,,
0,0,0,,,,
0,0,0,,,,
0,0,0,,,,
0,0,0,,,,
0,0,0,,,,
0,0,0,,,,
0,0,0,,,,
0,0,0,,,,
0,0,0,,,,
0,0,0,,,,
0,0,0,,,,
0,0,0,,,,
0,0,0,,,,
0,0,0,,,,
0,0,0,,,,
0,0,0,,,,
0,0,0,,,,
0,0,0,,,,
0,0,0,,,,
0,0,0,,,,
0,0,0,,,,
0,0,0,,,,
0,0,0,,,,
0,0,0,,,,
0,0,0,,,,
0,0,0,,,,
0,0,0,,,,
0,0,0,,,,
0,0,0,,,,
0,0,0,,,,
0,0,0,,,,
0,0,0,,,,
0,0,0,,,,
0,0,0,,,,
0,0,0,,,,
0,0,0,,,,
0,0,0,,,,
0,0,0,,,,
0,0,0,,,,
0,0,0,,,,
0,0,0,,,,
0,0,0,,,,
0,0,0,,,,
0,0,0,,,,
0,0,0,,,,
0,0,0,,,,
0,0,0,,,,
0,0,0,,,,
0,0,0,,,,
0,0,0,,,,
0,0,0,,,,
0,0,0,,,,
0,0,0,,,,
0,0,0,,,,
0,0,0,,,,
0,0,0,,,,
0,0,0,,,,
0,0,0,,,,
0,0,0,,,,
0,0,0,,,,
0,0,0,,,,
0,0,0,,,,
0,0,0,,,,
0,0,0,,,,
0,0,0,,,,
0,0,0,,,,
0,0,0,,,,
0,0,0,,,,
0,0,0,,,,
0,0,0,,,,
0,0,0,,,,
0,0,0,,,,
0,0,0,,,,
0,0,0,,,,
0,0,0,,,,
0,0,0,,,,
0,0,0,,,,
0,0,0,,,,
0,0,0,,,,
0,0,0,,,,
0,0,0,,,,
0,0,0,,,,
0,0,0,,,,
0,0,0,,,,
0,0,0,,,,
0,0,0,,,,
0,0,0,,,,
0,0,0,,,,
0,0,0,,,,
0,0,0,,,,
0,0,0,,,,
0,0,0,,,,
0,0,0,,,,
0,0,0,,,,
0,0,0,,,,
0,0,0,,,,
0,0,0,,,,
0,0,0,,,,
0,0,0,,,,
0,0,0,,,,
0,0,0,,,,
0,0,0,,,,
0,0,0,,,,
0,0,0,,,,
0,0,0,,,,
0,0,0,,,,
0,0,0,,,,
0,0,0,,,,
0,0,0,,,,
0,0,0,,,,
0,0,0,,,,
0,0,0,,,,
0,0,0,,,,
0,0,0,,,,
0,0,0,,,,
0,0,0,,,,
0,0,0,,,,
0,0,0,,,,
0,0,0,,,,
0,0,0,,,,
0,0,0,,,,
0,0,0,,,,
0,0,0,,,,
0,0,0,,,,
0,0,0,,,,
0,0,0,,,,
0,0,0,,,,
0,0,0,,,,
0,0,0,,,,
0,0,0,,,,
0,0,0,,,,
0,0,0,,,,
0,0,0,,,,
0,0,0,,,,
0,0,0,,,,
0,0,0,,,,
0,0,0,,,,
0,0,0,,,,
0,0,0,,,,
0,0,0,,,,
0,0,0,,,,
0,0,0,,,,
0,0,0,,,,
0,0,0,,,,
0,0,0,,,,
0,0,0,,,,
0,0,0,,,,
0,0,0,,,,
0,0,0,,,,
0,0,0,,,,
0,0,0,,,,
0,0,0,,,,
0,0,0,,,,
0,0,0,,,,
0,0,0,,,,
0,0,0,,,,
0,0,0,,,,
0,0,0,,,,
0,0,0,,,,
0,0,0,,,,
0,0,0,,,,
0,0,0,,,,
0,0,0,,,,
0,0,0,,,,
0,0,0,,,,
0,0,0,,,,
0,0,0,,,,
0,0,0,,,,
0,0,0,,,,
0,0,0,,,,
0,0,0,,,,
0,0,0,,,,
0,0,0,,,,
0,0,0,,,,
0,0,0,,,,
0,0,0,,,,
0,0,0,,,,
0,0,0,,,,
0,0,0,,,,
0,0,0,,,,
0,0,0,,,,
0,0,0,,,,
0,0,0,,,,
0,0,0,,,,
0,0,0,,,,
0,0,0,,,,
0,0,0,,,,
0,0,0,,,,
0,0,0,,,,
0,0,0,,,,
0,0,0,,,,
0,0,0,,,,
0,0,0,,,,
0,0,0,,,,
0,0,0,,,,
0,0,0,,,,
0,0,0,,,,
0,0,0,,,,
0,0,0,,,,
0,0,0,,,,
0,0,0,,,,
0,0,0,,,,
0,0,0,,,,
0,0,0,,,,
0,0,0,,,,
0,0,0,,,,
0,0,0,,,,
0,0,0,,,,
0,0,0,,,,
0,0,0,,,,
0,0,0,,,,
0,0,0,,,,
0,0,0,,,,
0,0,0,,,,
0,0,0,,,,
0,0,0,,,,
0,0,0,,,,
0,0,0,,,,
0,0,0,,,,
0,0,0,,,,
0,0,0,,,,
0,0,0,,,,
0,0,0,,,,
0,0,0,,,,
0,0,0,,,,
0,0,0,,,,
0,0,0,,,,
0,0,0,,,,
0,0,0,,,,
0,0,0,,,,
0,0,0,,,,
0,0,0,,,,
0,0,0,,,,
0,0,0,,,,
0,0,0,,,,
0,0,0,,,,
0,0,0,,,,
0,0,0,,,,
0,0,0,,,,
0,0,0,,,,
0,0,0,,,,
0,0,0,,,,
0,0,0,,,,
0,0,0,,,,
0,0,0,,,,
0,0,0,,,,
0,0,0,,,,
0,0,0,,,,
0,0,0,,,,
0,0,0,,,,
0,0,0,,,,
0,0,0,,,,
0,0,0,,,,
0,0,0,,,,
0,0,0,,,,
0,0,0,,,,
0,0,0,,,,
0,0,0,,,,
0,0,0,,,,
0,0,0,,,,
0,0,0,,,,
0,0,0,,,,
0,0,0,,,,
0,0,0,,,,
0,0,0,,,,
0,0,0,,,,
0,0,0,,,,
0,0,0,,,,
0,0,0,,,,
0,0,0,,,,
0,0,0,,,,
0,0,0,,,,
0,0,0,,,,
0,0,0,,,,
0,0,0,,,,
0,0,0,,,,
0,0,0,,,,
0,0,0,,,,
0,0,0,,,,
0,0,0,,,,
0,0,0,,,,
0,0,0,,,,
0,0,0,,,,
0,0,0,,,,
0,0,0,,,,
0,0,0,,,,
0,0,0,,,,
0,0,0,,,,
0,0,0,,,,
0,0,0,,,,
0,0,0,,,,
0,0,0,,,,
0,0,0,,,,
0,0,0,,,,
0,0,0,,,,
0,0,0,,,,
0,0,0,,,,
0,0,0,,,,
0,0,0,,,,
0,0,0,,,,
0,0,0,,,,
0,0,0,,,,
0,0,0,,,,
0,0,0,,,,
0,0,0,,,,
0,0,0,,,,
0,0,0,,,,
0,0,0,,,,
0,0,0,,,,
0,0,0,,,,
0,0,0,,,,
0,0,0,,,,
0,0,0,,,,
0,0,0,,,,
0,0,0,,,,
0,0,0,,,,
0,0,0,,,,
0,0,0,,,,
0,0,0,,,,
0,0,0,,,,
0,0,0,,,,
0,0,0,,,,
0,0,0,,,,
0,0,0,,,,
0,0,0,,,,
0,0,0,,,,
0,0,0,,,,
0,0,0,,,,
0,0,0,,,,
0,0,0,,,,
0,0,0,,,,
0,0,0,,,,
0,0,0,,,,
0,0,0,,,,
0,0,0,,,,
0,0,0,,,,
0,0,0,,,,
0,0,0,,,,
0,0,0,,,,
0,0,0,,,,
0,0,0,,,,
0,0,0,,,,
0,0,0,,,,
0,0,0,,,,
0,0,0,,,,
0,0,0,,,,
0,0,0,,,,
0,0,0,,,,
0,0,0,,,,
0,0,0,,,,
0,0,0,,,,
0,0,0,,,,
0,0,0,,,,
0,0,0,,,,
0,0,0,,,,
0,0,0,,,,
0,0,0,,,,
0,0,0,,,,
0,0,0,,,,
0,0,0,,,,
0,0,0,,,,
0,0,0,,,,
0,0,0,,,,
0,0,0,,,,
0,0,0,,,,
0,0,0,,,,
0,0,0,,,,
0,0,0,,,,
0,0,0,,,,
0,0,0,,,,
0,0,0,,,,
0,0,0,,,,
0,0,0,,,,
0,0,0,,,,
0,0,0,,,,
0,0,0,,,,
0,0,0,,,,
0,0,0,,,,
0,0,0,,,,
0,0,0,,,,
0,0,0,,,,
0,0,0,,,,
0,0,0,,,,
0,0,0,,,,
0,0,0,,,,
0,0,0,,,,
0,0,0,,,,
0,0,0,,,,
0,0,0,,,,
0,0,0,,,,
0,0,0,,,,
0,0,0,,,,
0,0,0,,,,
0,0,0,,,,
0,0,0,,,,
0,0,0,,,,
0,0,0,,,,
0,0,0,,,,
0,0,0,,,,
0,0,0,,,,
0,0,0,,,,
0,0,0,,,,
0,0,0,,,,
0,0,0,,,,
0,0,0,,,,
0,0,0,,,,
0,0,0,,,,
0,0,0,,,,
0,0,0,,,,
0,0,0,,,,
0,0,0,,,,
0,0,0,,,,
0,0,0,,,,
0,0,0,,,,
0,0,0,,,,
0,0,0,,,,
0,0,0,,,,
0,0,0,,,,
0,0,0,,,,
0,0,0,,,,
0,0,0,,,,
0,0,0,,,,
0,0,0,,,,
0,0,0,,,,
0,0,0,,,,
0,0,0,,,,
0,0,0,,,,
0,0,0,,,,
0,0,0,,,,
0,0,0,,,,
0,0,0,,,,
0,0,0,,,,
0,0,0,,,,
0,0,0,,,,
0,0,0,,,,
0,0,0,,,,
0,0,0,,,,
0,0,0,,,,
0,0,0,,,,
0,0,0,,,,
0,0,0,,,,
0,0,0,,,,
0,0,0,,,,
0,0,0,,,,
0,0,0,,,,
0,0,0,,,,
0,0,0,,,,
0,0,0,,,,
0,0,0,,,,
0,0,0,,,,
0,0,0,,,,
0,0,0,,,,
0,0,0,,,,
0,0,0,,,,
0,0,0,,,,
0,0,0,,,,
0,0,0,,,,
0,0,0,,,,
0,0,0,,,,
0,0,0,,,,
0,0,0,,,,
0,0,0,,,,
0,0,0,,,,
0,0,0,,,,
0,0,0,,,,
0,0,0,,,,
0,0,0,,,,
0,0,0,,,,
0,0,0,,,,
0,0,0,,,,
0,0,0,,,,
0,0,0,,,,
0,0,0,,,,
0,0,0,,,,
0,0,0,,,,
0,0,0,,,,
0,0,0,,,,
0,0,0,,,,
0,0,0,,,,
0,0,0,,,,
0,0,0,,,,
0,0,0,,,,
0,0,0,,,,
0,0,0,,,,
0,0,0,,,,
0,0,0,,,,
0,0,0,,,,
0,0,0,,,,
0,0,0,,,,
0,0,0,,,,
0,0,0,,,,
0,0,0,,,,
0,0,0,,,,
0,0,0,,,,
0,0,0,,,,
0,0,0,,,,
0,0,0,,,,
0,0,0,,,,
0,0,0,,,,
0,0,0,,,,
0,0,0,,,,
0,0,0,,,,
0,0,0,,,,
0,0,0,,,,
0,0,0,,,,
0,0,0,,,,
0,0,0,,,,
0,0,0,,,,
0,0,0,,,,
0,0,0,,,,
0,0,0,,,,
0,0,0,,,,
0,0,0,,,,
0,0,0,,,,
0,0,0,,,,
0,0,0,,,,
0,0,0,,,,
0,0,0,,,,
0,0,0,,,,
0,0,0,,,,
0,0,0,,,,
0,0,0,,,,
0,0,0,,,,
0,0,0,,,,
0,0,0,,,,
0,0,0,,,,
0,0,0,,,,
0,0,0,,,,
0,0,0,,,,
0,0,0,,,,
0,0,0,,,,
0,0,0,,,,
0,0,0,,,,
0,0,0,,,,
0,0,0,,,,
0,0,0,,,,
0,0,0,,,,
0,0,0,,,,
0,0,0,,,,
0,0,0,,,,
0,0,0,,,,
0,0,0,,,,
0,0,0,,,,
0,0,0,,,,
0,0,0,,,,
0,0,0,,,,
0,0,0,,,,
0,0,0,,,,
0,0,0,,,,
0,0,0,,,,
0,0,0,,,,
0,0,0,,,,
0,0,0,,,,
0,0,0,,,,
0,0,0,,,,
0,0,0,,,,
0,0,0,,,,
0,0,0,,,,
0,0,0,,,,
0,0,0,,,,
0,0,0,,,,
0,0,0,,,,
0,0,0,,,,
0,0,0,,,,
0,0,0,,,,
0,0,0,,,,
0,0,0,,,,
0,0,0,,,,
0,0,0,,,,
0,0,0,,,,
0,0,0,,,,
0,0,0,,,,
0,0,0,,,,
0,0,0,,,,
0,0,0,,,,
0,0,0,,,,
0,0,0,,,,
0,0,0,,,,
0,0,0,,,,
0,0,0,,,,
0,0,0,,,,
0,0,0,,,,
0,0,0,,,,
0,0,0,,,,
0,0,0,,,,
0,0,0,,,,
0,0,0,,,,
0,0,0,,,,
0,0,0,,,,
0,0,0,,,,
0,0,0,,,,
0,0,0,,,,
0,0,0,,,,
0,0,0,,,,
0,0,0,,,,
0,0,0,,,,
0,0,0,,,,
0,0,0,,,,
0,0,0,,,,
0,0,0,,,,
0,0,0,,,,
0,0,0,,,,
0,0,0,,,,
0,0,0,,,,
0,0,0,,,,
0,0,0,,,,
0,0,0,,,,
0,0,0,,,,
0,0,0,,,,
0,0,0,,,,
0,0,0,,,,
0,0,0,,,,
0,0,0,,,,
0,0,0,,,,
0,0,0,,,,
0,0,0,,,,
0,0,0,,,,
0,0,0,,,,
0,0,0,,,,
0,0,0,,,,
0,0,0,,,,
0,0,0,,,,
0,0,0,,,,
0,0,0,,,,
0,0,0,,,,
0,0,0,,,,
0,0,0,,,,
0,0,0,,,,
0,0,0,,,,
0,0,0,,,,
0,0,0,,,,
0,0,0,,,,
0,0,0,,,,
0,0,0,,,,
0,0,0,,,,
0,0,0,,,,
0,0,0,,,,
0,0,0,,,,
0,0,0,,,,
0,0,0,,,,
0,0,0,,,,
0,0,0,,,,
0,0,0,,,,
0,0,0,,,,
0,0,0,,,,
0,0,0,,,,
0,0,0,,,,
0,0,0,,,,
0,0,0,,,,
0,0,0,,,,
0,0,0,,,,
0,0,0,,,,
0,0,0,,,,
0,0,0,,,,
0,0,0,,,,
0,0,0,,,,
0,0,0,,,,
0,0,0,,,,
0,0,0,,,,
0,0,0,,,,
0,0,0,,,,
0,0,0,,,,
0,0,0,,,,
0,0,0,,,,
0,0,0,,,,
0,0,0,,,,
0,0,0,,,,
0,0,0,,,,
0,0,0,,,,
0,0,0,,,,
0,0,0,,,,
0,0,0,,,,
0,0,0,,,,
0,0,0,,,,
0,0,0,,,,
0,0,0,,,,
0,0,0,,,,
0,0,0,,,,
0,0,0,,,,
0,0,0,,,,
0,0,0,,,,
0,0,0,,,,
0,0,0,,,,
0,0,0,,,,
0,0,0,,,,
0,0,0,,,,
0,0,0,,,,
0,0,0,,,,
0,0,0,,,,
0,0,0,,,,
0,0,0,,,,
0,0,0,,,,
0,0,0,,,,
0,0,0,,,,
0,0,0,,,,
0,0,0,,,,
0,0,0,,,,
0,0,0,,,,
0,0,0,,,,
0,0,0,,,,
0,0,0,,,,
0,0,0,,,,
0,0,0,,,,
0,0,0,,,,
0,0,0,,,,
0,0,0,,,,
0,0,0,,,,
0,0,0,,,,
0,0,0,,,,
0,0,0,,,,
0,0,0,,,,
0,0,0,,,,
0,0,0,,,,
0,0,0,,,,
0,0,0,,,,
0,0,0,,,,
0,0,0,,,,
0,0,0,,,,
0,0,0,,,,
0,0,0,,,,
0,0,0,,,,
0,0,0,,,,
0,0,0,,,,
0,0,0,,,,
0,0,0,,,,
0,0,0,,,,
0,0,0,,,,
0,0,0,,,,
0,0,0,,,,
0,0,0,,,,
0,0,0,,,,
0,0,0,,,,
0,0,0,,,,
0,0,0,,,,
0,0,0,,,,
0,0,0,,,,
0,0,0,,,,
0,0,0,,,,
0,0,0,,,,
0,0,0,,,,
0,0,0,,,,
0,0,0,,,,
0,0,0,,,,
0,0,0,,,,
0,0,0,,,,
0,0,0,,,,
0,0,0,,,,
0,0,0,,,,
0,0,0,,,,
0,0,0,,,,
0,0,0,,,,
0,0,0,,,,
0,0,0,,,,
0,0,0,,,,
0,0,0,,,,
0,0,0,,,,
0,0,0,,,,
0,0,0,,,,
0,0,0,,,,
0,0,0,,,,
0,0,0,,,,
0,0,0,,,,
0,0,0,,,,
0,0,0,,,,
0,0,0,,,,
0,0,0,,,,
0,0,0,,,,
0,0,0,,,,
0,0,0,,,,
0,0,0,,,,
0,0,0,,,,
0,0,0,,,,
0,0,0,,,,
0,0,0,,,,
0,0,0,,,,
0,0,0,,,,
0,0,0,,,,
0,0,0,,,,
0,0,0,,,,
0,0,0,,,,
0,0,0,,,,
0,0,0,,,,
0,0,0,,,,
0,0,0,,,,
0,0,0,,,,
0,0,0,,,,
0,0,0,,,,
0,0,0,,,,
0,0,0,,,,
0,0,0,,,,
0,0,0,,,,
0,0,0,,,,
0,0,0,,,,
0,0,0,,,,
0,0,0,,,,
0,0,0,,,,
0,0,0,,,,
0,0,0,,,,
0,0,0,,,,
0,0,0,,,,
0,0,0,,,,
0,0,0,,,,
0,0,0,,,,
0,0,0,,,,
0,0,0,,,,
0,0,0,,,,
0,0,0,,,,
0,0,0,,,,
0,0,0,,,,
0,0,0,,,,
0,0,0,,,,
0,0,0,,,,
0,0,0,,,,
0,0,0,,,,
0,0,0,,,,
0,0,0,,,,
0,0,0,,,,
0,0,0,,,,
0,0,0,,,,
0,0,0,,,,
0,0,0,,,,
0,0,0,,,,
0,0,0,,,,
0,0,0,,,,
0,0,0,,,,
0,0,0,,,,
0,0,0,,,,
0,0,0,,,,
0,0,0,,,,
0,0,0,,,,
0,0,0,,,,
0,0,0,,,,
0,0,0,,,,
0,0,0,,,,
0,0,0,,,,
0,0,0,,,,
0,0,0,,,,
0,0,0,,,,
0,0,0,,,,
0,0,0,,,,
0,0,0,,,,
0,0,0,,,,
0,0,0,,,,
0,0,0,,,,
0,0,0,,,,
0,0,0,,,,
0,0,0,,,,
0,0,0,,,,
0,0,0,,,,
0,0,0,,,,
0,0,0,,,,
0,0,0,,,,
0,0,0,,,,
0,0,0,,,,
0,0,0,,,,
0,0,0,,,,
0,0,0,,,,
0,0,0,,,,
0,0,0,,,,
0,0,0,,,,
0,0,0,,,,
0,0,0,,,,
0,0,0,,,,
0,0,0,,,,
0,0,0,,,,
0,0,0,,,,
0,0,0,,,,
0,0,0,,,,
0,0,0,,,,
0,0,0,,,,
0,0,0,,,,
0,0,0,,,,
0,0,0,,,,
0,0,0,,,,
0,0,0,,,,
0,0,0,,,,
0,0,0,,,,
0,0,0,,,,
0,0,0,,,,
0,0,0,,,,
0,0,0,,,,
0,0,0,,,,
0,0,0,,,,
0,0,0,,,,
0,0,0,,,,
0,0,0,,,,
0,0,0,,,,
0,0,0,,,,
0,0,0,,,,
0,0,0,,,,
0,0,0,,,,
0,0,0,,,,
0,0,0,,,,
0,0,0,,,,
0,0,0,,,,
0,0,0,,,,
0,0,0,,,,
0,0,0,,,,
0,0,0,,,,
0,0,0,,,,
0,0,0,,,,
0,0,0,,,,
0,0,0,,,,
0,0,0,,,,
0,0,0,,,,
0,0,0,,,,
0,0,0,,,,
0,0,0,,,,
0,0,0,,,,
0,0,0,,,,
0,0,0,,,,
0,0,0,,,,
0,0,0,,,,
0,0,0,,,,
0,0,0,,,,
0,0,0,,,,
0,0,0,,,,
0,0,0,,,,
0,0,0,,,,
0,0,0,,,,
0,0,0,,,,
0,0,0,,,,
0,0,0,,,,
0,0,0,,,,
