list_name,name,label::English,label::Somali,label::Graph,country,area,district,region,choice
age,age12_17,Age 12-17,Da'da qofka u dhaxeysa 12 ilaa 17,Age 12-17,,,,,
age,age18_25,Age 18-25,Da'da qofka u dhaxeysa 18 ilaa 25,Age 18-25,,,,,
age,age26_30,Age 26-30,Da'da qofka u dhaxeysa 26 ilaa 30,Age 26-30,,,,,
age,age31_35,Age 31-35,Da'da qofka u dhaxeysa 31 ilaa 35,Age 31-35,,,,,
age,age36_40,Age 36-40,Da'da qofka u dhaxeysa 36 ilaa 40,Age 36-40,,,,,
age,age41_45,Age 41-45,Da'da qofka u dhaxeysa 41 ilaa 45,Age 41-45,,,,,
age,age46_50,Age 46-50,Da'da qofka u dhaxeysa 46 ilaa 50,Age 46-50,,,,,
age,age51_55,Age 51-55,Da'da qofka u dhaxeysa 51 ilaa 55,Age 51-55,,,,,
age,age56_59,Age 56-59,Da'da qofka u dhaxeysa 56 ilaa 59,Age 56-59,,,,,
age,age60_65,Age 60-65,Da'da qofka u dhaxeysa 60 ilaa 65,Age 60-65,,,,,
age,age66_70,Age 66-70,Da'da qofka u dhaxeysa 66 ilaa 70,Age 66-70,,,,,
age,age71_75,Age 71-75,Da'da qofka u dhaxeysa 71 ilaa 75,Age 71-75,,,,,
age,age76_80,Age 76-80,Da'da qofka u dhaxeysa 76 ilaa 80,Age 76-80,,,,,
age,age81_85,Age 81-85,Da'da qofka u dhaxeysa 81 ilaa 85,Age 81-85,,,,,
age,age86_90,Age 86-90,Da'da qofka u dhaxeysa 86 ilaa 90,Age 86-90,,,,,
age,age91_95,Age 91-95,Da'da qofka u dhaxeysa 91 ilaa 95,Age 91-95,,,,,
age,age96_100,Age 96-100,Da'da qofka u dhaxeysa 96 ilaa 100,Age 96-100,,,,,
age,age100+,Age 100+,Da'da qofka 100 ka wayn,Age 100+,,,,,
assistance_types,food,Food (in kind),Raashiin (caddaan),Food (in kind),,,,,
assistance_types,food_voucher,Food voucher,Raashiin (Kaar),Food voucher,,,,,
assistance_types,food_cash,Cash for food,Raashiin (lacag cadaan ah),Cash for food,,,,,
assistance_types,nfis,Non-food items (in kind),Alaabta aan cuntada aheyn (caddaan),Non-food items (in kind),,,,,
assistance_types,nfis_cash,NFI Cash or voucher,Lacag cadaan ah mise kaar foojar ah,NFI Cash or voucher,,,,,
assistance_types,shelter_materials,Shelter materials,Qalabka dhismaha/hooyga/guriga,Shelter materials,,,,,
assistance_types,shelter_cash,Cash for shelter,Lacag aqalka/dhismo loogu talagalay,Cash for shelter,,,,,
assistance_types,shelter_training,Shelter training,Tababar aqalka dhisidiisa,Shelter training,,,,,
assistance_types,uncond_cash,Unconditional cash,Lacag aan shuruud laheyn,Unconditional cash,,,,,
assistance_types,tvet,Vocational training,Tababar farsamo gacmeed,Vocational training,,,,,
assistance_types,livelihood_cash,Livelihood cash,Nolol maalmeed oo lacag ahaan ah,Livelihood cash,,,,,
assistance_types,water_voucher,Water voucher,Kaarka biyaha,Water voucher,,,,,
assistance_types,water_treatment,Water treatment products,Daawooyinka biyaha,Water treatment products,,,,,
assistance_types,hygiene_kits,Hygiene Items,Qalabka fayadhowrka,Hygiene Items,,,,,
assistance_types,legal_assistance,Legal assistance,Kaalmo sharciga ah ,Legal assistance,,,,,
assistance_types,eviction_support,Eviction support,Kaalmo loogu tala galay barakicinta/guurida,Eviction support,,,,,
assistance_types,hlp_training,HLP capacity training,"Tababar xuquuqda guryaha, dhulka iyo hantida",HLP capacity training,,,,,
assistance_types,hlp_information,HLP information services,"Adeegyada warbixinta guryaha, dhulka iyo hantida",HLP information services,,,,,
assistance_types,support_elderly,Support to elderly household members,Kaalmo dadka da'da ah ee qoyska ka tirsan,Support to elderly,,,,,
assistance_types,support_disabled,Support to disabled members,Kaalmo dadka naafada ah,Support to disabled,,,,,
assistance_types,psychosocial_support,Psychosocial support,Taageero arimaha nafsaaniga ah,Psychosocial support,,,,,
assistance_types,none,None of the above,Midnaba,None of the above,,,,,
behavior_change,none,No change,Isbedel ma jiro,No change,,,,,
behavior_change,crying,Unusual crying and screaming,Oohin iyo qeylo aan looga baran,Unusual crying and screaming,,,,,
behavior_change,aggressive,More aggressive behavior,Dabeecad dagaal doon ah,More aggressive behavior,,,,,
behavior_change,violence,Violence against younger children,Qalalaaso ka dhan ah carruurta yaryar,Violence against younger children,,,,,
behavior_change,disrespectful,Disrespectful behavior in the family,Xushmad daro dhank qoyska ah,Disrespectful behavior in the family,,,,,
behavior_change,sadness,"Sadness (e.g. not talking, not playing, etc.)","Murugo ( tusaale, ma hadlayo, ma dheelayo, iwm)","Sadness (e.g. not talking, not playing, etc.)",,,,,
behavior_change,substance_abuse,Substance abuse,Isticmaalka mukhaadaraadka,Substance abuse,,,,,
behavior_change,crimes,Committing crimes,Dembi gelid/ samayn,Committing crimes,,,,,
behavior_change,school_unwillingness,Unwillingness to go to school,Aan rabin inuu aado iskuulka,Unwillingness to go to school,,,,,
behavior_change,not_willing_to_help,Less willingness to help caregivers and siblings,Aan rabin inuu caawiyo dadka daryeelayo,Less willingness to help caregivers and siblings,,,,,
behavior_change,having_nightmares,Having nightmares and/or not being able to sleep,Qaraw ama aan awoodin inuu seexdo,Having nightmares and/or not being able to sleep,,,,,
behavior_change,anti_social,Anti-social (isolating themselves),Bulsho naceyb/ gooni u socod,Anti-social (isolating themselves),,,,,
behavior_change,wanting_to_join_armed_groups,Wanting to join/joining armed forces or groups,rabitaanka ku biirista ciidamada qalabka sida ama kooxo hubeysan,Wanting to join/joining armed forces or groups,,,,,
behavior_change,other,Other,Wax Kale,Other,,,,,
behavior_change,dontknow,I don't know or don’t want to answer,Ma garanayo ama ma doonayo inaan ka jawaabo,I don't know or don’t want to answer,,,,,
breadwinner ,father,Father of household,Aabaha qoyska,Father of household,,,,,
breadwinner ,mother,Mother of household ,Hooyada qosyka,Mother of household ,,,,,
breadwinner ,adult_male,Adult male (aged 18+) other than father of the household,Qof rag ah (18 sano ama ka weyn) oo aan ahayn aabaha qoyska,Adult male (aged 18+) other than father of the household,,,,,
breadwinner ,adult_female,Adult female (aged 18+) other than mother of the household,Qof dumar ah (18 sano ama ka weyn) oo aan ahayn hooyada qoyska,Adult female (aged 18+) other than mother of the household,,,,,
breadwinner ,male_14_17,Male child (aged 14-17),Qof rag ah (14 ilaa 17 sano jir ah),Male child (aged 14-17),,,,,
breadwinner ,female_14_17,Female child (aged 14-17),Qof dumar ah (14 ilaa 17 sano jir ah),Female child (aged 14-17),,,,,
breadwinner ,male_13,Male child (aged 13 or below),Qof rag ah (13 sano ama ka yar),Male child (aged 13 or below),,,,,
breadwinner ,female_13,Female child (aged 13 or below),Qof dumar ah (13 sano ama ka yar),Female child (aged 13 or below),,,,,
child_feeding,only_breastfed,Only breastfed,Kaliya waa la naas nuujiyaa,Only breastfed,,,,,
child_feeding,mostly_bf,Mostly breastfed,Badanaa waa la naas nuujiyaa,Mostly breastfed,,,,,
child_feeding,sometimes_bf,Sometimes breastfed,Mararka qaarkood waa la naas nuujiyaa,Sometimes breastfed,,,,,
child_feeding,not_bf,Not breastfed,Mala naas nuujiyo,Not breastfed,,,,,
clean_containers,every_day,Every day,Maalin walba,Every day,,,,,
clean_containers,once_week,Once a week,1 mar isbuucii,Once a week,,,,,
clean_containers,once_month,Once a month,1 mar bishii,Once a month,,,,,
clean_containers,two_months,Once every two months,1 mar 2-dii bilood,Once every two months,,,,,
clean_containers,six_months,Once every six months,1 mar 6-dii bilood,Once every six months,,,,,
clean_containers,six_months_plus,Longer than six months,In ka badan 6 bil,Longer than six months,,,,,
clean_containers,never,Never ,Marnaba,Never ,,,,,
clean_containers_what,water,Water only,Biyo kaliya,Water only,,,,,
clean_containers_what,water_soap,Water and soap,Biyo iyo saabuun,Water and soap,,,,,
clean_containers_what,water_omo,Water and OMO,Biyo iyo omo/tide,Water and OMO,,,,,
clean_containers_what,water_bleach,Water and bleach,Biyo iyo waxyaabaha wax lagu cadeeyo (bleach),Water and bleach,,,,,
clean_containers_what,nothing,Nothing,Waxba,Nothing,,,,,
covering_material,plastic_sheet,Plastic sheet,Baco,Plastic sheet,,,,,
covering_material,clothes_rags,Clothes/ rags,Dhar/roog/kubeerto,Clothes/ rags,,,,,
covering_material,vegetation,Vegetation,Dhir,Vegetation,,,,,
covering_material,iron_sheet,Iron sheet,Laamyeeri,Iron sheet,,,,,
covering_material,nido,Tin can (Nido),Gasaca caano booraha,Tin can (Nido),,,,,
covering_material,earth,Earth,Dhullka,Earth,,,,,
covering_material,other,Other,Wax Kale,Other,,,,,
currency,sos,Somali shilling,Shillin Soomaali,Somali shilling,,,,,
currency,slsh,Somaliland Shilling,Shillin Soomaaliland,Somaliland Shilling,,,,,
currency,kes,Kenyan shilling,Shillin Kenya,Kenyan shilling,,,,,
currency,etb,Ethiopian Birr,Birta Itoobiya,Ethiopian Birr,,,,,
date1,last_week,In the last week,Isbuucii lasoo dhaafay,In the last week,,,,,
date1,last_month,In the last month,Bishii lasoo dhaafay,In the last month,,,,,
date1,last_three_months,In the last three months,Saddexdii bil ee lasoo dhaafay,In the last three months,,,,,
date1,last_six_months,In the last six months,Lixdii bil ee lasoo dhaafay,In the last six months,,,,,
date1,six_months_plus,More than six months ago,In ka badan 6 bil,More than six months ago,,,,,
date2,next_week,In the next week,Isbuuca xiga,In the next week,,,,,
date2,next_month,In the next month,Bisha xigta,In the next month,,,,,
date2,next_three_months,In the next three months,Inta lagu guda jiro saddex bil ee socota,In the next three months,,,,,
date2,next_six_months,In the next six months,Inta lagu guda jiro lixda bil ee socota,In the next six months,,,,,
date2,more_six_months,More than six months from now,"In ka badan, laga bilaabo hadda",More than six months from now,,,,,
decision_making,camp_committee,Camp committee (if in an IDP camp),Guriga kaamka (Haddii ay kaam dhex joogtid),Camp committee (if in an IDP camp),,,,,
decision_making,comm_leader,Community leader or elder,Oday bulsheed/dhaqameed,Community leader or elder,,,,,
decision_making,gatekeeper,Gatekeeper/land owner,Horjooge/Milkiilaha dhulka,Gatekeeper/land owner,,,,,
decision_making,cso,Civil Society Organisations ,Hey'adda bulshada,Civil Society Organisations ,,,,,
decision_making,demonstrations,I participate in demonstrations/political movements ,Waxaan ka qeyb qaataa banaan baxyada iyo dhaqdhaqaaqyadda siyaasadda,I participate in demonstrations/political movements ,,,,,
decision_making,none,None,Midna,None,,,,,
decision_making,dontknow,I don't know or don’t want to answer,Ma garanayo ama ma doonayo inaan ka jawaabo,I don't know or don’t want to answer,,,,,
decision_making,other,Other,Wax Kale,Other,,,,,
diarrhoea_cause,garbage_water,Water contaminated by garbage,Biyaha waxaa wasakheeya shiishka/qashinka,Water contaminated by garbage,,,,,
diarrhoea_cause,faeces_water,Water contaminated by human faeces,Biyaha waxaa wasakheeya saxarada dadka,Water contaminated by human faeces,,,,,
diarrhoea_cause,faeces_growing_food,Growing food using water contaminated by human faeces,Raashiinka oo lagu beero biyaha wasakheeyeen saxarada dadka,Growing food using water contaminated by human faeces,,,,,
diarrhoea_cause,dirty_containers,Storing water in dirty containers,Biyaha oo lagu keediyo weelal/haan/fuusto wasakh ah,Storing water in dirty containers,,,,,
diarrhoea_cause,cooking_dirty_water,Cooking food washed in dirty water,Karinta cunto lagu dhaqay/meedhay biyo wasakh ah,Cooking food washed in dirty water,,,,,
diarrhoea_cause,bathing_dirty_water,Bathing in dirty water,Qubeeska/meedhasho biyo wasakh ah,Bathing in dirty water,,,,,
diarrhoea_cause,other,Other,Wax kale,Other,,,,,
diarrhoea_frequency,none,None,Midna,None,,,,,
diarrhoea_frequency,once,Once,1 mar,Once,,,,,
diarrhoea_frequency,2_5,2 to 5 times,2 ilaa 5 jeer,2 to 5 times,,,,,
diarrhoea_frequency,6_10,6 to 10 times,6 ilaa 10 jeer,6 to 10 times,,,,,
diarrhoea_frequency,10_plus,More than ten times,In ka badan 10 jeer,More than ten times,,,,,
diarrhoea_prevention,washing_soap,Washing hands with soap,Gacmaha oo sabuun lagu dhaqo/xalo,Washing hands with soap,,,,,
diarrhoea_prevention,treating_supply,Treating water supply,Daaweynta goobta biyaha,Treating water supply,,,,,
diarrhoea_prevention,latrines_separate,Avoiding contamination of water source by keeping latrines far away from source of drinking water,In goobta biyaha laga fogeeyo wasakhda iyadoo suuliga aad looga fogeenayo goobta biyaha,Avoiding contamination of water source by keeping latrines far away from source of drinking water,,,,,
diarrhoea_prevention,clean_containers,Regularly cleaning water containers,In si joogto ah loo nadiifiyo goobta biyaha,Regularly cleaning water containers,,,,,
diarrhoea_prevention,no_open_defecation,Not practicing open defecation,Aan ku saxaroon meel banaan,Not practicing open defecation,,,,,
diarrhoea_prevention,wash_food,Washing food in clean water before cooking or eating,In cuntada lagu dhaqo biyo nadiif ah ka hor intaan la karin ama la cunin,Washing food in clean water before cooking or eating,,,,,
diarrhoea_prevention,other,Other,Wax kale,Other,,,,,
disp_status,idp,IDP,Barakace (qof ku barakacay wadanka gudahiisa),IDP,,,,,
disp_status,refugee,Refugee (from another country),Qaxooti (aan Soomaali ahayn),Refugee (from another country),,,,,
disp_status,returnee,Returnee (Somali previously displaced in another country),Qaxooti (Soomaali ah) oo kasoo noqde qaxootinimo wadan kale ah ,Returnee (Somali previously displaced in another country),,,,,
disp_status,host_comm,Host community ,Qof deegaan ah,Host community ,,,,,
disp_status,host_non,Host non-resident (moving to this location from the same city/town),"Qof aan deegaan aheyn (usoo guuray goobtaan, kasoo guuray meel kale oo isla magaalada ah)",Host non-resident (moving to this location from the same city/town),,,,,
dispose_waste,latrine,In the latrine,Suuliga/musqusha dhexdiisa,In the latrine,,,,,
dispose_waste,garbage,In the garbage dump,meesha qashinka/shiishka lagu shubo,In the garbage dump,,,,,
dispose_waste,bury_it,We bury it,Waan duugnaa/aasnaa,We bury it,,,,,
dispose_waste,burn_it,We burn it,Waan gubnaa,We burn it,,,,,
dispose_waste,open_near_home,In the open near the home,Meel banaan guriga u dhow,In the open near the home,,,,,
dispose_waste,open_away_home,In the open away from the home,Meel banaan guriga ka fog,In the open away from the home,,,,,
dispose_waste,dontknow,I don’t know/ I don’t want to answer,Ma garanayo / ma doonayo inaan ka jawaabo,I don’t know/ I don’t want to answer,,,,,
district,kismayo,Kismayo,Kismayo,Kismayo,,,,lower_juba,
district,baki,Baki,Baki,Baki,,,,awdal,
district,borama,Borama,Borama,Borama,,,,awdal,
district,lughaye,Lughaye,Lughaye,Lughaye,,,,awdal,
district,zeylac,Zeylac,Zeylac,Zeylac,,,,awdal,
district,ceel_barde,Ceel Barde,Ceel Barde,Ceel Barde,,,,bakool,
district,rab_dhuure,Rab Dhuure,Rab Dhuure,Rab Dhuure,,,,bakool,
district,tayeeglow,Tayeeglow,Tayeeglow,Tayeeglow,,,,bakool,
district,waajid,Waajid,Waajid,Waajid,,,,bakool,
district,xudur,Xudur,Xudur,Xudur,,,,bakool,
district,mogadishu,Mogadishu,Mogadishu,Mogadishu,,,,banadir,
district,mogadishu_boondheere,Mogadishu-Boondheere,Mogadishu-Boondheere,Mogadishu-Boondheere,,,,banadir,
district,mogadishu_cabdulcasiis,Mogadishu-Cabdulcasiis,Mogadishu-Cabdulcasiis,Mogadishu-Cabdulcasiis,,,,banadir,
district,mogadishu-daynile,Mogadishu-Daynile,Mogadishu-Daynile,Mogadishu-Daynile,,,,banadir,
district,mogadishu_dharkenley,Mogadishu-Dharkenley,Mogadishu-Dharkenley,Mogadishu-Dharkenley,,,,banadir,
district,mogadishu_hawl_wadaag,Mogadishu-Hawl Wadaag,Mogadishu-Hawl Wadaag,Mogadishu-Hawl Wadaag,,,,banadir,
district,mogadishu_heliwa,Mogadishu-Heliwa,Mogadishu-Heliwa,Mogadishu-Heliwa,,,,banadir,
district,mogadishu-hodan,Mogadishu-Hodan,Mogadishu-Hodan,Mogadishu-Hodan,,,,banadir,
district,mogadishu_karaan,Mogadishu-Karaan,Mogadishu-Karaan,Mogadishu-Karaan,,,,banadir,
district,mogadishu_shangaani,Mogadishu-Shangaani,Mogadishu-Shangaani,Mogadishu-Shangaani,,,,banadir,
district,mogadishu_shibis,Mogadishu-Shibis,Mogadishu-Shibis,Mogadishu-Shibis,,,,banadir,
district,mogadishu_waaberi,Mogadishu-Waaberi,Mogadishu-Waaberi,Mogadishu-Waaberi,,,,banadir,
district,mogadishu_wadajir,Mogadishu-Wadajir,Mogadishu-Wadajir,Mogadishu-Wadajir,,,,banadir,
district,mogadishu_wardhiigleey,Mogadishu-Wardhiigleey,Mogadishu-Wardhiigleey,Mogadishu-Wardhiigleey,,,,banadir,
district,mogadishu_xamar_jabjab,Mogadishu-Xamar Jabjab,Mogadishu-Xamar Jabjab,Mogadishu-Xamar Jabjab,,,,banadir,
district,mogadishu_xamar_weyne,Mogadishu-Xamar Weyne,Mogadishu-Xamar Weyne,Mogadishu-Xamar Weyne,,,,banadir,
district,mogadishu_yaaqshiid,Mogadishu-Yaaqshiid,Mogadishu-Yaaqshiid,Mogadishu-Yaaqshiid,,,,banadir,
district,bandarbayla,Bandarbayla,Bandarbayla,Bandarbayla,,,,bari,
district,bossaso,Bossaso,Bossaso,Bossaso,,,,bari,
district,caluula,Caluula,Caluula,Caluula,,,,bari,
district,iskushuban,Iskushuban,Iskushuban,Iskushuban,,,,bari,
district,qandala,Qandala,Qandala,Qandala,,,,bari,
district,qardho,Qardho,Qardho,Qardho,,,,bari,
district,baidoa,Baidoa,Baidoa,Baidoa,,,,bay,
district,buur_hakaba,Buur Hakaba,Buur Hakaba,Buur Hakaba,,,,bay,
district,diinsoor,Diinsoor,Diinsoor,Diinsoor,,,,bay,
district,qansax_dheere,Qansax Dheere,Qansax Dheere,Qansax Dheere,,,,bay,
district,cabudwaaq,Cabudwaaq,Cabudwaaq,Cabudwaaq,,,,galgaduud,
district,cadaado,Cadaado,Cadaado,Cadaado,,,,galgaduud,
district,ceel_buur,Ceel Buur,Ceel Buur,Ceel Buur,,,,galgaduud,
district,ceel_dheer,Ceel Dheer,Ceel Dheer,Ceel Dheer,,,,galgaduud,
district,dhuusamarreeb,Dhuusamarreeb,Dhuusamarreeb,Dhuusamarreeb,,,,galgaduud,
district,baardheere,Baardheere,Baardheere,Baardheere,,,,gedo,
district,belet_xaawo,Belet Xaawo,Belet Xaawo,Belet Xaawo,,,,gedo,
district,ceel_waaq,Ceel Waaq,Ceel Waaq,Ceel Waaq,,,,gedo,
district,doolow,Doolow,Doolow,Doolow,,,,gedo,
district,garbahaarrey,Garbahaarrey,Garbahaarey,Garbahaarrey,,,,gedo,
district,luuq,Luuq,Luuq,Luuq,,,,gedo,
district,belet_weyne,Belet Weyne,Belet Weyne,Belet Weyne,,,,hiraan,
district,bulo burto,Bulo Burto,Bulo Burto,Bulo Burto,,,,hiraan,
district,jalalaqsi,Jalalaqsi,Jalalaqsi,Jalalaqsi,,,,hiraan,
district,afmadow,Afmadow,Afmadow,Afmadow,,,,lower_juba,
district,badhaadhe,Badhaadhe,Badhaadhe,Badhaadhe,,,,lower_juba,
district,jamaame,Jamaame,Jamaame,Jamaame,,,,lower_juba,
district,afgooye,Afgooye,Afgooye,Afgooye,,,,lower_shabelle,
district,baraawe,Baraawe,Baraawe,Baraawe,,,,lower_shabelle,
district,kurtunwaarey,Kurtunwaarey,Kurtunwaarey,Kurtunwaarey,,,,lower_shabelle,
district,marka,Marka,Marka,Marka,,,,lower_shabelle,
district,qoryooley,Qoryooley,Qoryooley,Qoryooley,,,,lower_shabelle,
district,sablaale,Sablaale,Sablaale,Sablaale,,,,lower_shabelle,
district,wanla_weyn,Wanla Weyn,Wanla Weyn,Wanla Weyn,,,,lower_shabelle,
district,buaale,Buaale,Buaale,Buaale,,,,middle_juba,
district,jilib,Jilib,Jilib,Jilib,,,,middle_juba,
district,sakow,Sakow,Sakow,Sakow,,,,middle_juba,
district,aden_yabaal,Aden Yabaal,Aden Yabaal,Aden Yabaal,,,,middle_shabelle,
district,balcad,Balcad,Balcad,Balcad,,,,middle_shabelle,
district,cadale,Cadale,Cadale,Cadale,,,,middle_shabelle,
district,jowhar,Jowhar,Jowhar,Jowhar,,,,middle_shabelle,
district,gaalkacyo,Gaalkacyo,Gaalkacyo,Gaalkacyo,,,,mudug,
district,galdogob,Galdogob,Galdogob,Galdogob,,,,mudug,
district,hobyo,Hobyo,Hobyo,Hobyo,,,,mudug,
district,jariiban,Jariiban,Jariiban,Jariiban,,,,mudug,
district,xarardheere,Xarardheere,Xarardheere,Xarardheere,,,,mudug,
district,burtinle,Burtinle,Burtinle,Burtinle,,,,nugaal,
district,eyl,Eyl,Eyl,Eyl,,,,nugaal,
district,garowe,Garowe,Garowe,Garowe,,,,nugaal,
district,ceel_afweyn,Ceel Afweyn,Ceel Afweyn,Ceel Afweyn,,,,sanaag,
district,ceerigaabo,Ceerigaabo,Ceerigaabo,Ceerigaabo,,,,sanaag,
district,laasqoray,Laasqoray,Laasqoray,Laasqoray,,,,sanaag,
district,caynabo,Caynabo,Caynabo,Caynabo,,,,sool,
district,laas_caanood,Laas Caanood,Laas Caanood,Laas Caanood,,,,sool,
district,taleex,Taleex,Taleex,Taleex,,,,sool,
district,xudun,Xudun,Xudun,Xudun,,,,sool,
district,burco,Burco,Burco,Burco,,,,togdheer,
district,buuhoodle,Buuhoodle,Buuhoodle,Buuhoodle,,,,togdheer,
district,owdweyne,Owdweyne,Owdweyne,Owdweyne,,,,togdheer,
district,sheikh,Sheikh,Sheikh,Sheikh,,,,togdheer,
district,berbera,Berbera,Berbera,Berbera,,,,woqooyi_galbeed,
district,gebiley,Gebiley,Gebiley,Gebiley,,,,woqooyi_galbeed,
district,hargeysa,Hargeysa,Hargeysa,Hargeysa,,,,woqooyi_galbeed,
district,badhan,Badhan,,Badhan,,,,,
district,gaalkacyo north,Gaalkacyo North,,Gaalkacyo North,,,,,
district,gaalkacyo south,Gaalkacyo South,,Gaalkacyo South,,,,,
district,matabaan,Matabaan,,Matabaan,,,,,
district,mogadishu-kahda,Mogadishu Kahda,,Mogadishu Kahda,,,,,
education_types,primary,Primary ,Hoose/Dhexe,Primary ,,,,,
education_types,secondary,Secondary ,Sare (13-17),Secondary ,,,,,
education_types,vocational,Vocational,Tababar farsamo gacmeed,Vocational,,,,,
education_types,basic,Basic literacy/ numeracy,Qorista iyo xisaabta caadiga ah,Basic literacy/ numeracy,,,,,
education_types,informal,Informal,Aaan nimaadi aheyn,Informal,,,,,
floor_material,earth,Earth,Dhullka,Earth,,,,,
floor_material,cement,Cement,Shamiindo,Cement,,,,,
floor_material,plastic_sheet,Plastic sheet,Baco,Plastic sheet,,,,,
floor_material,bricks,Bricks,Bulkeeti,Bricks,,,,,
floor_material,other,Other,Wax Kale,Other,,,,,
food_change,amount_reduced,Amount of food available has reduced,Cadadka cuntada taala oo hoos u dhacay,Amount of food available has reduced,,,,,
food_change,amount_increased,Amount of food available has increased,Cadadka cuntada taala oo sare u kacay,Amount of food available has increased,,,,,
food_change,quality_reduced,Quality of food has reduced,Tayada cuntada oo hoos u dhacay,Quality of food has reduced,,,,,
food_change,quality_increased,Quality of food has increased,Tayada cuntada oo sare u kacay,Quality of food has increased,,,,,
food_change,variety_reduced,Variety of food has reduced,Kala duwanaashaha cuntada oo hoos u dhacay,Variety of food has reduced,,,,,
food_change,variety_increased,Variety of food has increased,Kala duwanaashaha cuntada oo sare u kacay,Variety of food has increased,,,,,
food_change,none,Not changed,Ma is bedelin,Not changed,,,,,
food_distr_who,un_ngo,UN or NGO,Hey'ad UN ama Hey'ad maxali ah (aan dowli aheyn),UN or NGO,,,,,
food_distr_who,local_com,Local community/ community-based organisation (CBOs),Bulshada deegaanka/Hey'adda bulshada,Local community/ community-based organisation (CBOs),,,,,
food_distr_who,government,Government ,Dowlad,Government ,,,,,
food_distr_who,armed_group,AMISOM,Ciidamaha AMISOM,AMISOM,,,,,
food_distr_who,islamic,Islamic organisation/ mosque,Hey'addaha gargaarka ee islaamiga ah ,Islamic organisation/ mosque,,,,,
food_distr_who,dontknow,I don't know or don’t want to answer,Ma garanayo ama ma doonayo inaan ka jawaabo,I don't know or don’t want to answer,,,,,
food_no,unsafe,Unsafe to access land,Aan nabad aheyn si dhul u helo ,Unsafe to access land,,,,,
food_no,lack_land,There is not enough cultivation land available,Ma jirto dhul beereed ku filan,There is not enough cultivation land available,,,,,
food_no,crops_destroyed_natural,Crops have been destroyed by natural disaster,Dalaga waxaa burburiyay masiibooyinka dabiiciga ah,Crops have been destroyed by natural disaster,,,,,
food_no,crops_destroyed_fight,Crops have been destroyed by conflict,Dalaga waxaa baabi'yay dagaalada,Crops have been destroyed by conflict,,,,,
food_no,grow_short,Growing season was too short,Bixida oo aad u gaaban,Growing season was too short,,,,,
food_no,crops_stolen,Crops have been stolen,Dalaga waa la xaday,Crops have been stolen,,,,,
food_no,no_livestock,Livestock have disease/died,Xoolahii way dhinteen/ama cudur baa ku dhacay,Livestock have disease/died,,,,,
food_no,food_dist_stop,Food distribution no longer occurs,Raashiin lama qeybiyo ,Food distribution no longer occurs,,,,,
food_no,no_market,No functioning market,Suuq shaqeynaayo ma jiro ,No functioning market,,,,,
food_no,high_prices,Prices too high to buy food,Qiimaha raashiin oo sare noqday,Prices too high to buy food,,,,,
food_no,no_nets,Lack of fishing nets,Shabak kaluumeysi la'aan,Lack of fishing nets,,,,,
food_no,nothing,No reason,Sabab la'aan,No reason,,,,,
food_no,dontknow,I don't know or don’t want to answer,Ma garanayo ama ma doonayo inaan ka jawaabo,I don't know or don’t want to answer,,,,,
food_no,other,Other,Wax kale,Other,,,,,
food_source,cultivated,Cultivated/own production,Beertay/Abuurtay/Wax soo saarkeyga,Cultivated/own production,,,,,
food_source,forage,Foraged for wild foods,Soo aruursaday miro duureedka,Foraged for wild foods,,,,,
food_source,fishing_hunting,Fishing / Hunting,Kalluumaysi/Ugaarsasho,Fishing / Hunting,,,,,
food_source,bought,Bought with cash or credit,Cku iibsaday lacag cadaan ah ama deen ,Bought with cash or credit,,,,,
food_source,barter,Exchange goods for food,Isku-badalasho alaab/badeeco iyo raashiinka,Exchange goods for food,,,,,
food_source,family_friends,"Given by family, friends, or other local people","Siiyay qaraabada, asxaabta ama dadka kale","Given by family, friends, or other local people",,,,,
food_source,ngo,NGO or UN agency food distribution,Cunto ay qeybisay hey'ad UN ama hey'ad aan dowli aheyn ,NGO or UN agency food distribution,,,,,
food_source,govt,Government food distribution,Raashiin ay dowladda qeybisay,Government food distribution,,,,,
food_source,ffa_vouchers,Food for assets/ food vouchers,Kaarka raashiinka /Raashiinka lagu bixiyo dayactirka hanti ma guurtada,Food for assets/ food vouchers,,,,,
food_source,dontknow,I don't know or don’t want to answer,Ma garanayo ama ma doonayo inaan ka jawaabo,I don't know or don’t want to answer,,,,,
food_source,other,Other,Wax kale,Other,,,,,
food_type,cereals,"Cereals (sorghum, rice, maize, millet, bread, spaghetti etc)","Xubuubta (Masago, bariis, galey, masago, rooto/canjeero/muufo, moxog, barado, iyo bataati dhuleed)","Cereals (sorghum, rice, maize, millet, bread, spaghetti etc)",,,,,
food_type,vit_a_veg,"Vitamin A rich vegetables and tubers (yellow pubmkin, orange sweet potatoes, yellow cassava)","Khudaarta ay ka buuxdo Vitamin A (Bocor jaallaha, moxogta jaallaha ah, bataatiga macaan oo oranjada ah)","Vitamin A rich vegetables and tubers (yellow pubmkin, orange sweet potatoes, yellow cassava)",,,,,
food_type,roots,"White roots and tubers (white potatoes, cassava, arrowroot)","Jirida cad (Bataatiga cad, moxogta)","White roots and tubers (white potatoes, cassava, arrowroot)",,,,,
food_type,pulses,"Legumes, nuts and seeds (cowpeas, lentils, peanut, beans)","Digirta (digir, loos, misir, salbuko, fuulka)","Legumes, nuts and seeds (cowpeas, lentils, peanut, beans)",,,,,
food_type,vegetables,"Dark green leafy vegetables (pumpkin leaves, cassava leaves, kale)",Khudaarta cagaaran iyo caleemaha iyo khudrada duurka laga helo,"Dark green leafy vegetables (pumpkin leaves, cassava leaves, kale)",,,,,
food_type,other_veg,"Other vegetables (tomatoes, onion, cabbage, bell pepper)","Khudaarta kale (Yaanyo, basal, kabash, barbarooni)","Other vegetables (tomatoes, onion, cabbage, bell pepper)",,,,,
food_type,fruits,"Vitamin A rich fruits (ripe mango, pawpaw, gob, hobob)",Miraha iyo miraha duurka laga helo,"Vitamin A rich fruits (ripe mango, pawpaw, gob, hobob)",,,,,
food_type,other_fruit,"Other fruit (banana, orange, apple, grapes, wild fruits)","Furuutka sida (mooska, liimo oranjo, tufaax, canab, miro duureedka)","Other fruit (banana, orange, apple, grapes, wild fruits)",,,,,
food_type,meat,Meat & poultry,"Hilibka, sida (Lo'da, ariga, iyo digaaga)",Meat & poultry,,,,,
food_type,fish,Fish,Kalluunka,Fish,,,,,
food_type,dairy,Milk & milk products (cheese or yoghurt),"Caano, farmaajo ama caano fadhi iyo ukunta",Milk & milk products (cheese or yoghurt),,,,,
food_type,eggs,Eggs,Ukun/naalo/beyd,Eggs,,,,,
food_type,sweet,"Sugar, honey and sweets","Sonkor, malab ama/iyo macmacaanka kale","Sugar, honey and sweets",,,,,
food_type,fats,"Oils, fats or butter","Saliid, dufin ama/iyo subag","Oils, fats or butter",,,,,
food_type,condiments,"Condiments, tea, coffee","Iidaan, shaah iyo qaxwo","Condiments, tea, coffee",,,,,
food_type,dontknow,I don't know or don’t want to answer,Ma garanayo ama ma doonayo inaan ka jawaabo,I don't know or don’t want to answer,,,,,
food_type,other,Other,Wax kale,Other,,,,,
gbv_services,community_leader,Community leader,Gudoomiye Bulsheed,Community leader,,,,,
gbv_services,health_centre,Health centre,Xarun caafimaad,Health centre,,,,,
gbv_services,un_agency,UN or NGO agency,Hey'ad UN ama NGO,UN or NGO agency,,,,,
gbv_services,police,Police,Boolis,Police,,,,,
gbv_services,dontknow,I don’t know/ I don’t want to answer,Ma garanayo / ma doonayo inaan ka jawaabo,I don’t know/ I don’t want to answer,,,,,
gbv_services,other,Other,Wax Kale,Other,,,,,
handwashing_techniques,water_only,Water only,Biyo kaliya,Water only,,,,,
handwashing_techniques,water_soap,Water with soap,Biyo iyo saabuun,Water with soap,,,,,
handwashing_techniques,water_ash,Water with ash,Biyo iyo dambas,Water with ash,,,,,
handwashing_techniques,water_sand,Water with sand,Biyo iyo caro,Water with sand,,,,,
handwashing_techniques,none,Nothing,Waxba,Nothing,,,,,
harsh_work,machinery,Involves heavy machinery or lifting,Ka qeyb qaata xamaaliga waxyaabaha culeyska badan sida mashiinada,Involves heavy machinery or lifting,,,,,
harsh_work,heat_exposure,"Involves exposure to extreme heat (i.e.furnace, bakery)",Ka shaqeeya shaqo dab kulul lagu shaqeeyo (sida foornada iyo rooti sameynta),"Involves exposure to extreme heat (i.e.furnace, bakery)",,,,,
harsh_work,overnight,Works at night (between 8pm and 6am),Shaqeynta xilliga dambe habeenkii (Inta u dhaxeysa 8.00 galabnimo ilaa 6.00 subaxnimo),Works at night (between 8pm and 6am),,,,,
harsh_work,sharp_objects,Uses sharp objects,Isticmaalaya waxyaabo af leh (sida toori),Uses sharp objects,,,,,
harsh_work,factory,Factory work/good production,Shaqada warshada (wax soo saarka),Factory work/good production,,,,,
harsh_work,vendor,Street vending,Wadadda ka dhex shaqeysto,Street vending,,,,,
harsh_work,domestic_work,Domestic work (in and outside the home),Shaqada caadiga ah (gudaha iyo dibadda guriga),Domestic work (in and outside the home),,,,,
harsh_work,armed_groups,Engagement with armed groups,Faraha kula jiro kooxo hubeysan,Engagement with armed groups,,,,,
harsh_work,agricultural_work,Agricultural work ,Shaqo beereed,Agricultural work ,,,,,
harsh_work,family_business,Family business,Ganacsiga qoys,Family business,,,,,
harsh_work,none,None,Waxba,None,,,,,
harsh_work,other,Other,Wax Kale,Other,,,,,
harsh_work,dontknow,I don't know or don’t want to answer,Ma garanayo ama ma doonayo inaan ka jawaabo,I don't know or don’t want to answer,,,,,
health_issues,malaria,Malaria,Malaariyo,Malaria,,,,,
health_issues,stomach_pain,Stomach pain,Calool xanuun,Stomach pain,,,,,
health_issues,wounds,Wounds or physical injury (such as broken leg),Dhaawacyada/jabka (sida lug jabtay),Wounds or physical injury (such as broken leg),,,,,
health_issues,breathing_problems,Breathing problems,Dhibaatooyinka Neefsashada,Breathing problems,,,,,
health_issues,eye_infection,Eye infection,Caabuqa indhaha,Eye infection,,,,,
health_issues,measles,Skin diseases/rash,xanuunada maqaarka/firiiric,Skin diseases/rash,,,,,
health_issues,awd,Diarrhoea,Shuban,Diarrhoea,,,,,
health_issues,malnutrition,Malnutrition,Nafaqo darada,Malnutrition,,,,,
health_issues,khat,Problems with khat consumption,Dhibaatooyinka keena cunista qaadka,Problems with khat consumption,,,,,
health_issues,fever,Fever,Xumad/Qandho,Fever,,,,,
health_issues,none,No issue,Dhibaato caafimaad ma jirto,No issue,,,,,
health_issues,dontknow,I don't know or don’t want to answer,Ma garanayo ama ma doonayo inaan ka jawaabo,I don't know or don’t want to answer,,,,,
health_satisfied,very_satisfied,Very satisfied,Aad ugu qanacsanahay,Very satisfied,,,,,
health_satisfied,quite_satisfied,Quite satisfied,Xoogaa/In yar ugu qanacsanahay,Quite satisfied,,,,,
health_satisfied,quite_unsatisfied,Quite unsatisfied,Xoogaa/In yar aan ku qanacsaneyn,Quite unsatisfied,,,,,
health_satisfied,very_unsatisfied,Very unsatisfied,Aad aan ugu qanacsaneyn,Very unsatisfied,,,,,
health_services,treat_disease,Treatment for diseases,Daaweynta cudurada,Treatment for diseases,,,,,
health_services,treat_awd,Treatment for diarrhea,Daaweynta shubanka,Treatment for diarrhea,,,,,
health_services,treat_wounds,Treatment of wounds,Daaweynta dhaawacyada,Treatment of wounds,,,,,
health_services,sexual_health,Sexual and reproductive health,caafimaadka jinsiga ah iyo taranka,Sexual and reproductive health,,,,,
health_services,mental_health,Mental health services,Xanuunada dhimirka,Mental health services,,,,,
health_services,maternal_health,Maternal and child healthcare,Adeega dhalmada ama dhalaanka iyo hooyooyinka,Maternal and child healthcare,,,,,
health_services,drug_treatment,Treatment for drug problems,Daaweynta dhibaatooyinka daroogada,Treatment for drug problems,,,,,
health_services,surgery,Surgery,Qaliinka,Surgery,,,,,
health_services,other,Other,Wax kale,Other,,,,,
health_source,government_clinic,Government clinic or hospital,Goob caafimaad ama Isbitaalka dowlada,Government clinic or hospital,,,,,
health_source,private_clinic,Private clinic or hospital,Goob caafimaad ama Isbitaal aan dowlada aheyn (private ah),Private clinic or hospital,,,,,
health_source,ngo_clinic,NGO run clinic or hospital,Goob caafimaad ama Isbitaal NGO ay gacanta ku heyso,NGO run clinic or hospital,,,,,
health_source,traditional_healer,Traditional healer,Daawo dhaqameed,Traditional healer,,,,,
health_source,pharmacy,Pharmacy,Farmasi,Pharmacy,,,,,
health_source,shop_drugs,Shop selling medication,Dukaamada oo daawooyinka iibinaya,Shop selling medication,,,,,
health_source,other,Other,Wax kale,Other,,,,,
hh_score,never,Never (0),Marna ma dhicin,Never (0),,,,,
hh_score,rarely,Rarely (1-10 days),Mar dhif ah/ mar- mar,Rarely (1-10 days),,,,,
hh_score,often,Often (more than 10 times),Inta badan,Often (more than 10 times),,,,,
hh_score,dontknow,I don’t know/ I don’t want to answer,Ma garanayo / ma doonayo inaan ka jawaabo,I don’t know/ I don’t want to answer,,,,,
host_relations,very_good,Very good,Aad u fiican,Very good,,,,,
host_relations,good,Good,Fiican,Good,,,,,
host_relations,fair,Fair,Dhexdhexaad,Fair,,,,,
host_relations,bad,Bad,Xun,Bad,,,,,
host_relations,very_bad,Very bad,Aad u xun,Very bad,,,,,
host_relations,dnk,Do not know,Ma garanayo,Do not know,,,,,
host_relations,no_answer,Do not wish to answer,Aanan rabin inuu ka jawaabo,Do not wish to answer,,,,,
household_member,adult_male,Adult Male/ Father (aged 18+),Rag qaangaar ah,Adult Male/ Father (aged 18+),,,,,
household_member,adult_female,Adult Female/ Mother (aged 18+),Dumar qaangaar ah ,Adult Female/ Mother (aged 18+),,,,,
household_member,elder_male,Older boy (15-18),Rag ka yar 18 sano,Older boy (15-18),,,,,
household_member,elder_female,Older girl (15-18),Dumar ka yar 18 sano,Older girl (15-18),,,,,
household_member,child_male,Boy under the age of 15,Wiilasha da'doodu ka yar tahay 15,Boy under the age of 15,,,,,
household_member,child_female,Girl under the age of 15,Gabdhaha da'doodu ka yar tahay 15,Girl under the age of 15,,,,,
hygiene_items,soap,Soap,Saabuun,Soap,,,,,
hygiene_items,shampoo,Shampoo,Shaambo,Shampoo,,,,,
hygiene_items,detergent,Detergent (omo),Omo,Detergent (omo),,,,,
hygiene_items,sanitary_items,Sanitary items,Agabbka nadaafada,Sanitary items,,,,,
hygiene_items,aquatab,Aquatab,Kaniiniyada biyaha,Aquatab,,,,,
hygiene_items,jerrycans,Jerry Cans,Jeriggaan,Jerry Cans,,,,,
hygiene_items,bucket,Bucket,Baaldi,Bucket,,,,,
hygiene_items,other,Other,Kale,Other,,,,,
hygiene_items,none,None,Midnaba,None,,,,,
hygiene_support,soap,Soap,Saabuun,Soap,,,,,
hygiene_support,shampoo,Shampoo,Shaambo,Shampoo,,,,,
hygiene_support,omo,Omo,Omo/Tide,Omo,,,,,
hygiene_support,chlorine,Chlorine tablets/aquatabs,Koloriin/Kaniinka sifeynta biyaha,Chlorine tablets/aquatabs,,,,,
hygiene_support,filter,Cloth filter,Dharka/Marada oo lagu shaandheeyo biyaha,Cloth filter,,,,,
hygiene_support,other_filter,"Other kind of filter (membrane, ceramic etc)",Shaandooyinka kale sida (dhoobada iwm),"Other kind of filter (membrane, ceramic etc)",,,,,
hygiene_support,sanitary_towels,Sanitary towels ,shukumaanka/tuwaalka nadaafada,Sanitary towels ,,,,,
hygiene_support,other,Other,Wax kale,Other,,,,,
hygiene_support,none,None,Waxba,None,,,,,
income_source,subsistence_farming,Subsistence farming,Beerasho nolol maalmeed ah,Subsistence farming,,,,,
income_source,subsistence_livestock_produce,Subsistence livestock produce,Ku tiirsanaanta wax soo saarka xoolaha la dhaqdo,Subsistence livestock produce,,,,,
income_source,subsistence_fishing,Subsistence fishing,Kalluumeysasho nolol maalmeed,Subsistence fishing,,,,,
income_source,cash_crop_farming,Farming for sale,Suuq geynta dallaga soo go'a,Farming for sale,,,,,
income_source,livestock_produce,Livestock produce for sale,Suuq geynta wax soo saarka xoolaha nool,Livestock produce for sale,,,,,
income_source,cash_fishing,Cash fishing for sale,Kalluumaysi suug geyn,Cash fishing for sale,,,,,
income_source,contracted,Contracted job,Shaqo heshiis leh,Contracted job,,,,,
income_source,business,Business/ self employed,Ganacsi/Iskii u shaqeyste,Business/ self employed,,,,,
income_source,day_labour,Day labour/casual work,Shaqo maalmeed,Day labour/casual work,,,,,
income_source,remittances,Remittances,Lacagaha lasoo xawilo,Remittances,,,,,
income_source,humanitarian_assistance,Humanitarian assistance,Kaalmada bani'aadamka,Humanitarian assistance,,,,,
income_source,allowance_community_support,Allowance/ community support,Kaalmo bulsho,Allowance/ community support,,,,,
income_source,sale_of_humanitarian_assistance,Sale of humanitarian assistance,Iska iibinta mucaawinada,Sale of humanitarian assistance,,,,,
income_source,rent_of_land_or_property,Rent of land or property,Kiro dhul ama hanti,Rent of land or property,,,,,
income_source,none,None,Midnaba,None,,,,,
income_source,other,Other,Wax kale,Other,,,,,
increase_decrease,increase,Increase,Sare u kicid,Increase,,,,,
increase_decrease,decrease,Decrease,Hoos u dhicid,Decrease,,,,,
increase_decrease,no_change,No change,Aan is badalin,No change,,,,,
industry_type,construction,Construction,Dhismo,Construction,,,,,
industry_type,agriculture,Agriculture,Beer,Agriculture,,,,,
industry_type,electrician,Electrician,Korontiiste,Electrician,,,,,
industry_type,tailoring,Tailoring,Dhar tolid,Tailoring,,,,,
industry_type,telecommunications,Telecommunications,Isgaarsiinta,Telecommunications,,,,,
industry_type,masonry,Masonry,Najaarnimo,Masonry,,,,,
industry_type,carpentry,Carpentry,Fuundinimo,Carpentry,,,,,
industry_type,beauty_salon,Beauty salon,Xarumaha qurxinta dumarka,Beauty salon,,,,,
industry_type,pastoralism,Pastoralism/ livestock,Xoolo dhaqato,Pastoralism/ livestock,,,,,
industry_type,fishing,Fishing,Kalluumeysasho,Fishing,,,,,
industry_type,petty_trade,Petty trade,Ganacsiga yar-yar,Petty trade,,,,,
industry_type,transport,Transportation,Gaadiid qaadashada,Transportation,,,,,
industry_type,handicrafts,Handicrafts,Farshaxanka,Handicrafts,,,,,
industry_type,food_industry,"Food insdustry (restaurant, tea shop)",Goobaha la cunteeyo (Maqaayad ama biibito),"Food insdustry (restaurant, tea shop)",,,,,
industry_type,humanitarian,"UN, NGO or community based organisation","Hey'ad UN, hey'ad aan dowli aheyn ama urur bulsheed","UN, NGO or community based organisation",,,,,
industry_type,other,Other,Wax kale,Other,,,,,
info_channels,radio,Radio,Radio,Radio,,,,,
info_channels,tv,TV,TV,TV,,,,,
info_channels,newspaper_magazine,Newspaper/magazine,Wargeys/jaraa’id,Newspaper/magazine,,,,,
info_channels,telephone_voice,Telephone voice call,Telephone,Telephone voice call,,,,,
info_channels,sms,SMS message,Fariin qoraal,SMS message,,,,,
info_channels,internet_news,Internet news sites,Internet,Internet news sites,,,,,
info_channels,whatsapp,Whatsapp,WhatsApp,Whatsapp,,,,,
info_channels,facebook,Facebook,Facebook,Facebook,,,,,
info_channels,twitter,Twitter,Twitter,Twitter,,,,,
info_channels,notice_boards_posters,Notice boards and posters,Ogeysiisyo,Notice boards and posters,,,,,
info_channels,community_meetings,Community meetings,Community meetings,Community meetings,,,,,
info_channels,loudspeakers,Loudspeakers,Codbaahiyayaal,Loudspeakers,,,,,
info_channels,none,None,Midna,None,,,,,
info_channels,other,Other,Wax Kale,Other,,,,,
info_sources,friends_family,"Friends, neighbours and family","Saaxiib,Deris iyo qoys","Friends, neighbours and family",,,,,
info_sources,religious_leader,Religious leader,Hogaamiye diimeed,Religious leader,,,,,
info_sources,military,Military official,Sargaal Militari,Military official,,,,,
info_sources,tv,TV,TV,TV,,,,,
info_sources,govt_official,Government official,Sarkaal dowladeed,Government official,,,,,
info_sources,community_leader,Community leader,Hogaamiye bulsho,Community leader,,,,,
info_sources,aid_worker,Aid worker,Shaqaale hay’adeed,Aid worker,,,,,
info_sources,radio,Radio,Radio,Radio,,,,,
info_sources,none,None,Midna,None,,,,,
info_sources,other,Other,Wax Kale,Other,,,,,
information_needs,missing_persons,Missing family and friends,Qoys iyo saaxibada oo ad weysay,Missing family and friends,,,,,
information_needs,food,Food,Cunto,Food,,,,,
information_needs,health,Health advice and treatment,Talo cafimaad iyo dawo,Health advice and treatment,,,,,
information_needs,documentation,Information on how to access personal documents such as ID cards,Xog ku saabsan si loo helo ducemntiyo shaqsiyadeed Card-ka aqoonsiga,Information on how to access personal documents such as ID cards,,,,,
information_needs,security,Security,Amaanka,Security,,,,,
information_needs,contact_aid,How to contact aid providers,Si loo xiriiro hay’adaha gargaarka,How to contact aid providers,,,,,
information_needs,water,Water,Biyo,Water,,,,,
information_needs,shelter,Shelter (or shelter materials),Hooy ama guri (qalabka hooyga),Shelter (or shelter materials),,,,,
information_needs,market_prices,Market prices for commodities and livestock,Sicirka suuqa iyo sicirka xoolaha,Market prices for commodities and livestock,,,,,
information_needs,weather,Weather forecasts,Cimilada,Weather forecasts,,,,,
information_needs,other,Other,Wax Kale,Other,,,,,
insecurity_cause,local_militias,Local militias,Malayshida deegaanka ah,Local militias,,,,,
insecurity_cause,family_members,Family members,Dad qoyska ah,Family members,,,,,
insecurity_cause,amisom,AMISOM,AMISOM,AMISOM,,,,,
insecurity_cause,armed_groups,Armed groups,Kooxo hubeysan,Armed groups,,,,,
insecurity_cause,criminals,Criminals,Dambi,Criminals,,,,,
insecurity_cause,snf,Somali National Forces,Ciidamada xooga dalka,Somali National Forces,,,,,
insecurity_cause,community_leaders,Community leaders,Gudoomiye Bulsheed,Community leaders,,,,,
insecurity_cause,police,Police,Boolis,Police,,,,,
insecurity_cause,gatekeepers,Presence of gatekeepers,Joogitaanka hoorjoogeyaal,Presence of gatekeepers,,,,,
insecurity_cause,none,None of the above,Midnaba,None of the above,,,,,
insecurity_cause,other,Other,Wax kale,Other,,,,,
internal_separation,cloth,Cloth,Dhar,Cloth,,,,,
internal_separation,plastic_sheet,Plastic sheet,Baco,Plastic sheet,,,,,
internal_separation,cardboard,Cardboard,Kaarboor/Kartoon,Cardboard,,,,,
internal_separation,organic_materials,Organic materials,Walxaha dhirta ah,Organic materials,,,,,
internal_separation,hessian_sacks,Hessian sacks,Jawaano,Hessian sacks,,,,,
internal_separation,cgi,CGI,Jiingad/Laamyeeri,CGI,,,,,
internal_separation,other,Other,Wax Kale,Other,,,,,
language,somali_standard,Standard/ Northern Somali,Lahjada reer waqooyiga,Standard/ Northern Somali,,,,,
language,somali_benaadir,Benaadir Somali,Somali banaadiriga,Benaadir Somali,,,,,
language,somali_maay,Maay Somali,Luuqada maayga,Maay Somali,,,,,
language,arabic,Arabic,Carabi,Arabic,,,,,
language,english,English,Ingiriis,English,,,,,
language,italian,Italian,Talyaani,Italian,,,,,
language,bravanese,Bravanese (Chimwiini/ Chimbalazi),Barwani,Bravanese (Chimwiini/ Chimbalazi),,,,,
language,kibajuni,Kibajuni,Baajuunta,Kibajuni,,,,,
language,mushunguli,Mushunguli,Mushunguliga,Mushunguli,,,,,
language,somali_sign,Somali Sign Language,Midaaritaanka,Somali Sign Language,,,,,
language,none,None of the above,Midna maahan,None of the above,,,,,
latrine_access,all_use,All members have access and use it,Dhamaan qoyska ayaa suuliga hela oo isticmaala,All members have access and use it,,,,,
latrine_access,some_use,All members have access but only some use it,Dhamaan qoyska ayaa suuliga hela laakiin qaar ayaa isticmaala,All members have access but only some use it,,,,,
latrine_access,some_access,Only some members have access to a latrine,Qaar ka mid ah qoyska ayaa suuliga hela,Only some members have access to a latrine,,,,,
latrine_access,no_access,No members have access,Qofna ma helo,No members have access,,,,,
latrine_access,dontknow,I don't know or don’t want to answer,Ma garanayo ama ma doonayo inaan ka jawaabo,I don't know or don’t want to answer,,,,,
latrine_hygiene,v_hygienic,Very hygienic,Aad nadiif u ah,Very hygienic,,,,,
latrine_hygiene,hygienic,Hygienic,Nadiif ah,Hygienic,,,,,
latrine_hygiene,unhygienic,Unhygienic,Aan nadiif aheyn,Unhygienic,,,,,
latrine_hygiene,v_unhygienic,Very unhygienic,Aad u nadiif aheyn,Very unhygienic,,,,,
latrine_type,flush_unimproved,Flush latrine to the open,Musqul ku furan banaanka,Flush to the open,,,,,
latrine_type,flush_improved,Flush latrine to a tank/sewer system/pit,"Musqul ku xeran booyad, god mise bullaacad",Flush improved,,,,,
latrine_type,pit_improved,Pit latrine covered/with slab,Godka musqusha oo daboolan,Pit latrine covered,,,,,
latrine_type,pit_unimproved,Pit latrine open/without slab,Godka musqusha oo aan daboolneyn,Pit latrine not covered,,,,,
latrine_type,other,Other,Wax kale,Other,,,,,
legal_response,police,Police,Boolis,Police,,,,,
legal_response,elder,Community leader or elder,Oday bulsheed/dhaqameed,Community leader or elder,,,,,
legal_response,trad_court,Traditional court/customary law ,Maxkamad dhaqameed/ Sharciga caadiga ah,Traditional court/customary law ,,,,,
legal_response,other_comm_org,Other community organisation,Hey'd bulsho oo kale,Other community organisation,,,,,
legal_response,armed_group,Armed group,Kooxo hubeysan,Armed group,,,,,
legal_response,no_reporting,Would not report it,Ma wargelin laheyn,Would not report it,,,,,
legal_response,none,None,Midna,None,,,,,
legal_response,dontknow,I don't know or don’t want to answer,Ma garanayo ama ma doonayo inaan ka jawaabo,I don't know or don’t want to answer,,,,,
legal_response,other,Other,Wax Kale,Other,,,,,
live_coping,sold_livestock,Sold livestock to pay for basic household needs,Iibiyay xoolaha nool si loo soo iibiyo waxyaabaha aasaasiga u ah guriga,Sold livestock to pay for basic household needs,,,,,sold_livestock
live_coping,sold_items,"Sold household items (mobile phone, furniture, cooking equipment etc) to pay for basic needs","Iibiyay agabka qoyska sida (mobile-ka, alaabta guriga (fadhiga, jiifka), qalabka cunto karinta, iwm) si cunto loo soo iibiyo","Sold household items (mobile phone, furniture, cooking equipment etc) to pay for basic needs",,,,,sold_items
live_coping,sold_assets,"Sold productive assets (sewing machine, agricultural tools etc.) to pay for basic needs","Iibiyay agab wax soo saar leh sida (harqaanka, qalabka beeraha iwm.)","Sold productive assets (sewing machine, agricultural tools etc.) to pay for basic needs",,,,,sold_assets
live_coping,dangerous_work,Engaged in activities that put you at risk ,Faraha kula jiro howlo halis u keeni karta,Engaged in activities that put you at risk ,,,,,dangerous_work
live_coping,migrated_food,Abnormal migration to other areas in search of food,Isaga guuray goobo kale si cunto loo helo,Abnormal migration to other areas in search of food,,,,,migrated_food
live_coping,stop_health_edu,"Reduced household expenditure on other things (health, education) in order to pay for food",Waxa la yareeyay isticmaalka qoyska ee (caafimaadka io waxbarashada) si cunto loo soo iibiyo,"Reduced household expenditure on other things (health, education) in order to pay for food",,,,,stop_health_edu
live_coping,family_sep,Send family members to live in a different place (e.g. IDP settlement),U dirida qoyska qaar ka mid ah inay ku noolaadaan meelo kale sida (xero barakac),Send family members to live in a different place (e.g. IDP settlement),,,,,family_sep
live_coping,spent_save,Spent savings on food,Lacagahii keydka ahaa ku bixiyay cunto,Spent savings on food,,,,,spent_save
live_coping,borrow_money,Borrowing money ,In lasoo amaahdo cunto,Borrowing money ,,,,,
live_coping,children_work,Send children to work,Caruurta oo loo diro inay soo shaqeeyaan,Send children to work,,,,,
live_coping,none,None,Midna,None,,,,,
live_coping,other,Other,Wax kale,Other,,,,,other
live_what,animal_treat,Animal vaccinations/treatment,Daaweynta iyo talaalida xoolaha,Animal vaccinations/treatment,,,,,
live_what,fodder,Fodder provision,bixinta calafka/ ama cowska ay xoolaha cunaan,Fodder provision,,,,,
live_what,restocking_live,Restocking livestock,Dib abuurida xoolaha nool,Restocking livestock,,,,,
live_what,water_provision,Water provision,Siinta biyaha,Water provision,,,,,
live_what,provision_ag_inputs,"Provision of agricultural inputs (e.g. seeds, tools)",Siinta agabka beeraha iyo abuurka,"Provision of agricultural inputs (e.g. seeds, tools)",,,,,
live_who,un_ngo,UN or NGO,Hey'ad UN ama Hey'ad aan dowli aheyn,UN or NGO,,,,,
live_who,local_com,Local community/ community-based organisation,Bulshada deegaanka/Urrurada bulshada,Local community/ community-based organisation,,,,,
live_who,government,Government ,Dowlad,Government ,,,,,
live_who,private,Private sector,Waaxda gaarka ah,Private sector,,,,,
live_who,islamic,Islamic organisation/mosque,Hey'addaha gargaarka ee islaamiga ah ,Islamic organisation/mosque,,,,,
live_who,diaspora,Diaspora,Qurbo-joog,Diaspora,,,,,
live_who,other,Other,Wax kale,Other,,,,,
live_who,dontknow,I don't know or don’t want to answer,Ma garanayo ama ma doonayo inaan ka jawaabo,I don't know or don’t want to answer,,,,,
livestock_type,cattle,Cattle,Lo',Cattle,,,,,
livestock_type,goat,Goats,Ari/ Ri',Goats,,,,,
livestock_type,sheep,Sheep,Ido / wan / lax,Sheep,,,,,
livestock_type,camel,Camel,Geel,Camel,,,,,
livestock_type,other,Other,Wax kale,Other,,,,,
male_female,male,Male,Rag,Male,,,,,
male_female,female,Female,Dumar,Female,,,,,
meals_number,Less_than_1,Less than 1,In ka yar 1,Less than 1,,,,,
meals_number,1,1,3,1,,,,,
meals_number,2,2,2,2,,,,,
meals_number,3,3,3,3,,,,,
meals_number,3_plus,3+,In ka badan 3,3+,,,,,
meals_number,dontknow,I don’t know/ I don’t want to answer,Ma garanayo ama ma doonayo inaan ka jawaabo,I don’t know/ I don’t want to answer,,,,,
movement_restrictions,roadblocks,Roadblocks,Jid gooyo,Roadblocks,,,,,
movement_restrictions,gatekeepers,Gatekeepers,Horjoogayaal,Gatekeepers,,,,,
movement_restrictions,gbv,Gender Based Violence,Xad gudub jinsi ah,Gender Based Violence,,,,,
movement_restrictions,erws,Explosive remnants of war,Haraadiga waxyaabaha qarxa ee dagaalka,Explosive remnants of war,,,,,
movement_restrictions,armed_groups,Presence of armed actors,Joogida dad hubeysan,Presence of armed actors,,,,,
movement_restrictions,other,Other,Wax kale,Other,,,,,
nfis,cooking_pot,Cooking pots (min 5L),Digsi/Surfiyo (5L qaad ah),Cooking pots (min 5L),,,,,
nfis,knives,Knives,Mindi/Toori,Knives,,,,,
nfis,wash_basin,Wash Basin (min 10L),Beeshin (10L qaad ah),Wash Basin (min 10L),,,,,
nfis,mats,Mat,Derin/Sali/Sujaayad,Mat,,,,,
nfis,blankets,Blanket,Kubeerto/Busto,Blanket,,,,,
nfis,plastic_sheet,Plastic sheeting,Bac,Plastic sheeting,,,,,
nfis,jerry_can,Jerry cans,Jeriggaan,Jerry cans,,,,,
nfis,mosq_net,Mosquito net,Maro kaneeco/Shandarwo,Mosquito net,,,,,
nfis,none,None,Midnaba,None,,,,,
no_health_access,never_there,There were never any health facilities nearby,Ma jirin goob caafimaad inoo dhow,There were never any health facilities nearby,,,,,
no_health_access,not_functional_flood,Health facility is not functional due to flooding,Goobta caafimaadka ma shaqeynayso daadka aawgiis,Health facility is not functional due to flooding,,,,,
no_health_access,not-functional_other,Health facility is not functional for another reason,Goobta caafimaadka ma shaqeynayso sababo kale aawgeed,Health facility is not functional for another reason,,,,,
no_health_access,no_health_workers,There are no healthcare workers in the facility,Goobta caafimaadka ma joogaan shaqaalo caafimaad,There are no healthcare workers in the facility,,,,,
no_health_access,no_medicine,There is no medicine or treatment available in the facility,Goobta caafimaadka ma lahan daawooyinka,There is no medicine or treatment available in the facility,,,,,
no_health_access,cant_afford,We can't afford to use the facility,Ma iska bixin karo qarashaadka adeega caafimaadka ee goobtaan,We can't afford to use the facility,,,,,
no_health_access,facility_too_far,The facility is too far away,Goobta caaafimaad aad ayee u fog tahay,The facility is too far away,,,,,
no_health_access,inaccessible_insecurity,The facility is inaccessible due to insecurity,Goobta caafimaadka lama aadi amaan daro aawgeed,The facility is inaccessible due to insecurity,,,,,
no_latrine,open_by_home,In the open by the home,Meel banaan guriga u dhow,In the open by the home,,,,,
no_latrine,open_away_home,In the open away from the home,Meel banaan guriga ka fog,In the open away from the home,,,,,
no_latrine,community_defecation_point,Community defecation area,Meel bulshada loo cayimay inay ku saxarooto,Community defecation area,,,,,
no_latrine,other,Other,Wax kale,Other,,,,,
no_soap_why,cant_afford,We can't afford it,Ma iibsan karno,We can't afford it,,,,,
no_soap_why,use_other,We prefer using a substitute,Waxaan doorbideynaa inaan isticmaalno wax kale,Use substitute,,,,,
no_soap_why,not_in_market,Soap is not available in the market,Suuqa laga helo saabuunta,Not in the market,,,,,
no_soap_why,market_too_far,Market is too far,Suuqa ayaa aad u fog,Market is too far,,,,,
no_soap_why,waiting_distribution,We are waiting for the next distribution,Saabuun qeybinta soo xigta ayaa sugeynaa,Waiting for distri.,,,,,
no_soap_why,ran_out,We ran out of soap,Saabuunta ayaa naga go'day,We ran out of soap,,,,,
no_soap_why,not_necessary,Soap is not necessary,Saabuunta muhiim ma ahan,Soap is not necessary,,,,,
no_soap_why,other,Other,Wax kale,Other,,,,,
no_vaccination,no_health_facility,I'm unable to access a healthcare facility,Ma awoodi inaan gaaro goob caafimaad,I'm unable to access a healthcare facility,,,,,
no_vaccination,no_vaccines_available,I didn't know that vaccinations were available,Ma ogeyn in tallaalka la heli karo,I didn't know that vaccinations were available,,,,,
no_vaccination,didn’t_know_vaccine,I didn't know that I should vaccinate my child/children,Ma ogeyn in caruurteyda aan tallaalo la iga rabo,I didn't know that I should vaccinate my child/children,,,,,
no_vaccination,culture_no_vaccine,My culture does not allow vaccinations,Dhaqankeena ma ogolo tallaalka caruurta,My culture does not allow vaccinations,,,,,
no_vaccination,don’t_like_vaccine,I don't like vaccinating my child/children,Ma jecli inaan tallaalo caruurteyda,I don't like vaccinating my child/children,,,,,
not_satisfied,not_enough,Assistance was not enough to meet my needs,Caawinaada kuma filneyn daboolida baahideyda,Assistance was not enough to meet my needs,,,,,
not_satisfied,wrong_need,I did not need the type of assistance that was given to me,Uma baahneyn nooca caawinaada la i siiyay,I did not need the type of assistance that was given to me,,,,,
not_satisfied,low_quality,Assistance was of low quality,Caawinaada aad ayee u tayo hooseysay,Assistance was of low quality,,,,,
not_satisfied,tension_hh,Assisstance caused tension within my household,Caawinaada ayaa xiisad ka dhex abuurtay qoyska,Assisstance caused tension within my household,,,,,
not_satisfied,dontknow,I don’t know/ I don’t want to answer,Ma garanayo / ma doonayo inaan ka jawaabo,I don’t know/ I don’t want to answer,,,,,
not_satisfied,other,Other,Wax Kale,Other,,,,,
nutrition_services,sc,Stabilization Center (SC),Xarun dejin,Stabilization Center (SC),,,,,
nutrition_services,otp,Out-patient Therapeutic Care Programme (OTP),Barnaamijka daryeelka bukaan socodka,Out-patient Therapeutic Care Programme (OTP),,,,,
nutrition_services,tsfp,Targeted Supplementary Feeding Programme (TSFP),Barnaamijka quudinta dheeriga ah ee la beegsado,Targeted Supplementary Feeding Programme (TSFP),,,,,
nutrition_services,bsfp,Blanket Supplementary Feed Programme (BSFP),Barnaamijka quudinta dheeriga ah,Blanket Supplementary Feed Programme (BSFP),,,,,
nutrition_services,wet_feeding,Wet Feeding,Cuntada karsan,Wet Feeding,,,,,
nutrition_services,iycf,Infant and young Child feeding (IYCF),Quudinta dhallaanka iyo caruurta yar,Infant and young Child feeding (IYCF),,,,,
nutrition_services,micronutrient_supplementation,Micronutrient supplementation,Nafaqada dheeriga ah,Micronutrient supplementation,,,,,
nutrition_services,none,None of the above,Midnaba,None of the above,,,,,
nutrition_services,do_not_know,Do not know,Ma garanayo,Do not know,,,,,
price_change,increase,The price has increased,Qiimaha ayaa sare u kacay,The price has increased,,,,,
price_change,decrease,The price has decreased,Qiimaha ayaa hoos u dhacay,The price has decreased,,,,,
price_change,no_change,The price has not changed,Qiimaha ma is badalin,The price has not changed,,,,,
priority_needs,water,Water,Biyo,Water,,,,,
priority_needs,food,Food,Cunto,Food,,,,,
priority_needs,shelter,Shelter,Hooy/deegaan,Shelter,,,,,
priority_needs,security,Security,Amaan,Security,,,,,
priority_needs,nutrition,Nutrition Services,Adeeg nafaqo,Nutrition Services,,,,,
priority_needs,latrines,Latrines,Musqulo,Latrines,,,,,
priority_needs,education,Education,Waxbarasho,Education,,,,,
priority_needs,healthcare,Healthcare,Daryeel caafimaad,Healthcare,,,,,
priority_needs,cooking_equip,Cooking equipment,Qalabka cuntada lagu kariyo,Cooking equipment,,,,,
priority_needs,water_basin,Water basin,Beeshin,Water basin,,,,,
priority_needs,jerrycans,Jerry Cans,Jeriggaan,Jerry Cans,,,,,
priority_needs,soap,Soap,Saabuun,Soap,,,,,
priority_needs,mats_blankets,Mats or Blankets,Sali ama Kubeerto,Mats or Blankets,,,,,
priority_needs,community_spaces,Community spaces,Barxado bulsheed,Community spaces,,,,,
priority_needs,reunification,Reunification with family members,Dib ula midobida qoyska,Reunification with family members,,,,,
priority_needs,livestock_support,"Livelihood support (livestock restocking, irrigation pump etc.","Caawinaad dhanka nolol-maalmeedka ah (sida xoolaha dib loogu hagaajiyo, mise bamka biyaha ee bacriminta loo adeegsado, iwm)","Livelihood support (livestock restocking, irrigation pump etc.",,,,,
proportion,none,None,Waxba,None,,,,,
proportion,less_quarter,Less than one quarter,In ka yar hal rubac,Less than one quarter,,,,,
proportion,less_half,Less than one half,In ka yar hal nus,Less than one half,,,,,
proportion,more_half,More than one half,In ka badan hal nus,More than one half,,,,,
proportion,more_three_quarters,More than three quarters,Wax ka badan saddex rubac,More than three quarters,,,,,
proportion,all,All,Dhamaan,All,,,,,
reason_tensions,competition_work,Competition for work,Tartan shaqo,Competition for work,,,,,
reason_tensions,crime,Crime,Dambi,Crime,,,,,
reason_tensions,clan_conflict,Clan conflict,Isku dhacyo qabiil,Clan conflict,,,,,
reason_tensions,burden_services,Burden on local services/ infrastructure,Adeegyada gudaha oo ceriiri ah,Burden on local services/ infrastructure,,,,,
reason_tensions,presence_ags,Presence of armed groups,Joogitaanka ciidamo hubeysan,Presence of armed groups,,,,,
reason_tensions,dnk,Do not know,Ma garanayo,Do not know,,,,,
reason_tensions,no_answer,Do not wish to answer,Aanan rabin inuu ka jawaabo,Do not wish to answer,,,,,
reason_tensions,other,Other,Wax Kale,Other,,,,,
reason1,conflict_community,Actual conflict in community,Dagaalo ka jira deegaanka magangalyada,Actual conflict in community,,,,,
reason1,conflict_surrounding,"Conflict in surrounding area, but not in my community","Dagaalo ka jira daafaha deegaanka, laakiin aan gudaha ahayn ","Conflict in surrounding area, but not in my community",,,,,
reason1,conflict_fear,Fear of conflict in community,Cabsi laga qabo dagaalo inay dhacaan,Fear of conflict in community,,,,,
reason1,arrival_ags,Arrival of armed groups,Imaanshaha kooxo hubeysan,Arrival of armed groups,,,,,
reason1,withdrawal_ags,Withdrawal of armed groups/ security forces,Ka baxida ciidamada hubeysan/xoogaga amniga,Withdrawal of armed groups/ security forces,,,,,
reason1,threats,Personal threats,Handadaad shakhsiyeed ,Personal threats,,,,,
reason1,flooding,Flooding,Daad/Fatahaad,Flooding,,,,,
reason1,lack_job,Lack of livelihood opportunities/job,Fursado nolol-maalmeed oo aan jirin,Lack of livelihood opportunities/job,,,,,
reason1,lack_health,Lack of health services,Adeeg caafimaad la'aan,Lack of health services,,,,,
reason1,lack_edu,Lack of education services,Waxbarasho la'aan,Lack of education services,,,,,
reason1,drought,Drought,Abaar,Drought,,,,,
reason1,lack_water,Lack of water (not drought related),Biyo la'aan (aan quseyn abaarta),Lack of water (not drought related),,,,,
reason1,lack_food,Lack of food (not drought related),Cunto la'aan (aan quseyn abaarta),Lack of food (not drought related),,,,,
reason1,livestock_disease,Livestock disease outbreak/livestock death,Xoolaha oo oo cudur ku dhacay,Livestock disease outbreak/livestock death,,,,,
reason1,pressure_authorities,Pressure from authorities,Cadaadis maamulka ah,Pressure from authorities,,,,,
reason1,pressure_hc,Pressure from host communities,Cadaadis dadka deegaanka ah ,Pressure from host communities,,,,,
reason1,eviction,Eviction,Dhul/Guri ka saarid,Eviction,,,,,
reason1,none,None,Midnaba,None,,,,,
reason1,dontknow,I don't know or don’t want to answer,Ma garanayo ama ma doonayo inaan ka jawaabo,I don't know or don’t want to answer,,,,,
reason2,no_conflict,No conflict,Aan dagaalo jirin,No conflict,,,,,
reason2,work_income,Availability of work/ income opportunities,Helida shaqo iyo fursad dhaqaale sameyn,Availability of work/ income opportunities,,,,,
reason2,health_ser,Presence of health services,Jiritaanka/helitaanka adeeg caafimaad,Presence of health services,,,,,
reason2,educ_ser,Presence of education services,Jiritaanka/helitaanka adeeg waxbarasho,Presence of education services,,,,,
reason2,food_dist,Presence of food distribution/food aid,Helitaanka kaalmo raashiin,Presence of food distribution/food aid,,,,,
reason2,local_food,Availability of local food (market/cultivation),Helitaanka raashiinka dalka (Suuqa ama beerasho),Availability of local food (market/cultivation),,,,,
reason2,shelter,Presence of shelter,Helitaanka aqal/hooy/guri,Presence of shelter,,,,,
reason2,water,Presence of water,Helitaanka biyo,Presence of water,,,,,
reason2,cash,Presence of cash distribution,Helitaanka lacag qeybinta,Presence of cash distribution,,,,,
reason2,protection,Presence of physical protection actors,Jiritaanka difaac/ilaalo,Presence of physical protection actors,,,,,
reason2,family,To join family/community,In aan ku biiro qoyskeyga,To join family/community,,,,,
reason2,none,None,Midnaba,None,,,,,
reason2,dontknow,I don't know or don’t want to answer,Ma garanayo ama ma doonayo inaan ka jawaabo,I don't know or don’t want to answer,,,,,
region,lower juba,Lower Juba,Jubadda Hoose,Lower Juba,,,,,
region,awdal,Awdal,Awdal,Awdal,,,,,
region,bakool,Bakool,Bakool,Bakool,,,,,
region,banadir,Banadir,Banadir,Banadir,,,,,
region,bari,Bari,Bari,Bari,,,,,
region,bay,Bay,Bay,Bay,,,,,
region,galgaduud,Galgaduud,Galgaduud,Galgaduud,,,,,
region,gedo,Gedo,Gedo,Gedo,,,,,
region,hiraan,Hiraan,Hiraan,Hiraan,,,,,
region,lower shabelle,Lower Shabelle,Shabellada Hoose,Lower Shabelle,,,,,
region,middle_juba,Middle Juba,Jubadda Dhexe,Middle Juba,,,,,
region,middle shabelle,Middle Shabelle,Shabellada Dhexe,Middle Shabelle,,,,,
region,mudug,Mudug,Mudug,Mudug,,,,,
region,nugaal,Nugaal,Nugaal,Nugaal,,,,,
region,sanaag,Sanaag,Sanaag,Sanaag,,,,,
region,sool,Sool,Sool,Sool,,,,,
region,togdheer,Togdheer,Togdheer,Togdheer,,,,,
region,woqooyi galbeed,Woqooyi Galbeed,Woqooyi Galbeed,Woqooyi Galbeed,,,,,
rent_collector,no_answer,Do not wish to answer,Aanan rabin inuu ka jawaabo,Do not wish to answer,,,,,
rent_collector,politician,Politician,Siyaasi,Politician,,,,,
rent_collector,host_community,Host community,Dadka deegaanka,Host community,,,,,
rent_collector,community_leader,Community leader,Oday bulsheed,Community leader,,,,,
rent_collector,business_man,Business man,Ganacsade,Business man,,,,,
rent_collector,diaspora,Diaspora,Qurba joog,Diaspora,,,,,
rent_collector,clan_leader,Clan leader,Oday beeleed,Clan leader,,,,,
rent_collector,militia,Militia,Malayshiyo,Militia,,,,,
rent_collector,owner,Land Owner,Milkiilaha dhulka,Land Owner,,,,,
rent_collector,gatekeeper,Gatekeeper,Horjooge,Gatekeeper,,,,,
rent_collector,other,Other,Wax Kale,Other,,,,,
rent_frequency,weekly,Weekly,Isbuucii mar,Weekly,,,,,
rent_frequency,monthly,Monthly,Bishii mar,Monthly,,,,,
rent_frequency,quarterly,Quarterly,3-dii bil mar,Quarterly,,,,,
rent_frequency,annually,Annually,Sanadkii mar,Annually,,,,,
rent_frequency,other,Other,Wax Kale,Other,,,,,
rent_type,cash,Cash,Lacag cadaan ah,Cash,,,,,
rent_type,aid,Aid items,Mucaawinada,Aid items,,,,,
rent_type,assistance_relatives_friends,Assistance from relatives/ friends,Taakuleyn qaraabada/asxaabta ah,Assistance from relatives/ friends,,,,,
rent_type,other,Other,Wax Kale,Other,,,,,
return_area,dollo_ado,Dollo Ado,Dollo Ado,Dollo Ado,ethiopia,,,,
return_area,jijiga,Jijiga,Jijiga,Jijiga,ethiopia,,,,
return_area,addis_ababa,Addis Ababa,Addis Ababa,Addis Ababa,ethiopia,,,,
return_area,other,Other,Wax kale,Other,ethiopia,,,,
return_area,dadaab,Dadaab,Dadaab,Dadaab,kenya,,,,
return_area,kakuma,Kakuma,Kakuma,Kakuma,kenya,,,,
return_area,nairobi,Nairobi,Nairobi,Nairobi,kenya,,,,
return_area,other,Other,Wax kale,Other,kenya,,,,
return_country,kenya,Kenya,Kenya,Kenya,,,,,
return_country,ethiopia,Ethiopia,Ethiopia,Ethiopia,,,,,
return_country,yemen,Yemen,Yemen,Yemen,,,,,
return_country,uganda,Uganda,Uganda,Uganda,,,,,
return_country,djibouti,Djibouti,Djibouti,Djibouti,,,,,
return_country,egypt,Egypt,Egypt,Egypt,,,,,
return_country,eritrea,Eritrea,Eritrea,Eritrea,,,,,
return_country,tanzania,Tanzania,Tanzania,Tanzania,,,,,
return_country,other,Other,Wax kale,Other,,,,,
return_settlement,melkadida,Melkadida,Melkadida,Melkadida,,dollo_ado,,,
return_settlement,kobe,Kobe,Kobe,Kobe,,dollo_ado,,,
return_settlement,hilaweyn,Hilaweyn,Hilaweyn,Hilaweyn,,dollo_ado,,,
return_settlement,bokolmanyo,Bokolmanyo,Bokolmanyo,Bokolmanyo,,dollo_ado,,,
return_settlement,buramino,Buramino,Buramino,Buramino,,dollo_ado,,,
return_settlement,other,Other,Wax kale,Other,,dollo_ado,,,
return_settlement,kebribeyah,Kebribeyah,Kebribeyah,Kebribeyah,,jijiga,,,
return_settlement,aw_barre,Aw-Barre,Aw-Barre,Aw-Barre,,jijiga,,,
return_settlement,sheder,Sheder,Sheder,Sheder,,jijiga,,,
return_settlement,other,Other,Wax kale,Other,,jijiga,,,
return_settlement,hagadera,Hagadera,Hagadera,Hagadera,,dadaab,,,
return_settlement,dagahaley,Dagahaley,Dagahaley,Dagahaley,,dadaab,,,
return_settlement,ifo,Ifo,Ifo,Ifo,,dadaab,,,
return_settlement,ifo_2,Ifo 2,Ifo 2,Ifo 2,,dadaab,,,
return_settlement,kambioos,Kambioos,Kambioos,Kambioos,,dadaab,,,
return_settlement,other,Other,Wax kale,Other,,dadaab,,,
returnee_remain,yes,"Yes, will settle here","Haa, meeshaan ayaan degi doonaa","Yes, will settle here",,,,,
returnee_remain,elsewhere_city,Will move elsewhere in this city,Meel kale oo magaalada ka mid ah ayaan u guuri doonaa,Will move elsewhere in this city,,,,,
returnee_remain,elsewhere_somalia,Will move elsewhere in Somalia,Meel kale oo wadanka dhaxdiisa ah ayaan aadi doonaa,Will move elsewhere in Somalia,,,,,
returnee_remain,return_refugee,Will return to the previous country of refuge,Waxaan u noqon doonaa wadanka magan galyada isiiye,Will return to the previous country of refuge,,,,,
returnee_remain,elsewhere_country,Will move to another country,Wadan kale ayaan u guuri doonaa,Will move to another country,,,,,
returnee_remain,dontknow,I don't know if I want to move,Ma aqaano haddii aan sii socon lahaa/guuri lahaa,I don't know if I want to move,,,,,
school_type,primary,Primary,Hoose,Primary,,,,,
school_type,secondary,Secondary,Sare,Secondary,,,,,
school_type,alp,Evening class or accelerated learning programme (ALP),Barnaamij waxbarasho deg-deg ah mise fasal habeenkii ah,Evening class or accelerated learning programme (ALP),,,,,
school_type,quranic,Quranic school,Dugsi Qur'aan,Quranic school,,,,,
school_type,basic_literacy,Basic literacy and numeracy classes,Aqris-qoraalka aasaasiga ah iyo tirabarashada,Basic literacy and numeracy classes,,,,,
separation_accidental,acc_conflict,Accidental during conflict,Mid aan kam aheyn oo dhacay xiliga dhagaalka,Accidental during conflict,,,,,
separation_accidental,acc_displacement,Accidental during displacement,Mid aan kam aheyn oo dhacay xiliga barakaca,Accidental during displacement,,,,,
separation_accidental,other,Other,Wax Kale,Other,,,,,
separation_accidental,dontknow,I don't know or don’t want to answer,Ma garanayo ama ma doonayo inaan ka jawaabo,I don't know or don’t want to answer,,,,,
separation_circumstances,voluntary,Voluntary,Si ikhtiyaar ah,Voluntary,,,,,
separation_circumstances,accidental,Accidental,Si aan kutalagal ahayn,Accidental,,,,,
separation_circumstances,forced,Forced,Qasab,Forced,,,,,
separation_forced,for_abducted,Forced: abducted,Afduub; si qasab ku kaxeysi,Forced: abducted,,,,,
separation_forced,for_groups,Forced: recruitment into armed groups,Si qasab ah in lagu ciidameeyo kooxaha hubeysan,Forced: recruitment into armed groups,,,,,
separation_forced,for_marriage,Forced: marriage,Guur qasab ah,Forced: marriage,,,,,
separation_forced,other,Other,Wax kale,Other,,,,,
separation_forced,dontknow,I don't know or don’t want to answer,Ma garanayo ama ma doonayo inaan ka jawaabo,I don't know or don’t want to answer,,,,,
separation_voluntary,vol_violence,Intentional due to family violence,Mid ula kac ah sababta isku dhac qoys awgiis,Intentional due to family violence,,,,,
separation_voluntary,vol_caregiver,Intentional due to death of a caregiver,Mid ula kac ah sababta qofka xannaaneeyaha/mas'uulka oo dhintay,Intentional due to death of a caregiver,,,,,
separation_voluntary,vol_reunification,Intentional for family reunification,Mid ula kac ah sababta qoyska oo midoowayo,Intentional for family reunification,,,,,
separation_voluntary,other,Other,Wax Kale,Other,,,,,
separation_voluntary,dontknow,I don't know or don’t want to answer,Ma garanayo ama ma doonayo inaan ka jawaabo,I don't know or don’t want to answer,,,,,
separation_voluntary,vol_caregiver,Intentional to find work far from caregiver,Si kam ah: si shaqo u helo meel ka fog mas'uulka/xannaaneeyaha,Intentional to find work far from caregiver,,,,,
separation_voluntary,vol_assistance,Intentional to join IDP site and/or access assistance,"Si kam ah: si uu ugu biiro xero barkaco, si uu u helo adeegyada caawinaada",Intentional to join IDP site and/or access assistance,,,,,
separation_voluntary,vol_other,Other,Wax Kale,Other,,,,,
shelter_damage,structural,Damage to structural material,Burbur dhismaha ah,Damage to structural material,,,,,
shelter_damage,floor,Damage to floor,Burbur dhulka ah,Damage to floor,,,,,
shelter_damage,roof,Damage to roof,Burbur saqafka ah,Damage to roof,,,,,
shelter_damage,wall,Damage to wall material,Burbur darbiga ah,Damage to wall material,,,,,
shelter_damage,total,Totally destroyed,Gabi ahaanba burbursan,Totally destroyed,,,,,
shelter_damage,other,Other,Wax Kale,Other,,,,,
shelter_type,emergency,Emergency shelter,Hooy deg-deg ah,Emergency shelter,,,,,
shelter_type,tent,Temporary shelter (Tent),Aqal ku meel gaar ah (sida Teendo),Temporary shelter (Tent),,,,,
shelter_type,buul,Semi-permanent shelter (Buul),Aqal ku meel gaar ah (sida Buul),Semi-permanent shelter (Buul),,,,,
shelter_type,permanent,Permanent shelter,Hooy joogto ah,Permanent shelter,,,,,
shelter_type,open_air,Open air,Meel banaan,Open air,,,,,
shelter_type,other,Other,Wax Kale,Other,,,,,
soap_access,yes_saw,Yes (only answer if enumerator have physically SEEN soap),Haa (Waa haddii xog-aruuriyaha uu arkay saabuunta),Yes (shown),,,,,
soap_access,yes_no_evidence,Yes (but could not show enumerator soap),Haa (Laakiin xog-aruuriyaha ma arkin saabuunta),Yes (not shown),,,,,
soap_access,no,No,Maya,No,,,,,
structural_material,wood,Wood,Qori/Alwaax,Wood,,,,,
structural_material,metal,Metal,Bir,Metal,,,,,
structural_material,cement,Cement,Shamiindo,Cement,,,,,
structural_material,bricks,Bricks,Bulkeeti,Bricks,,,,,
structural_material,stones,Stones,Dhagxaan,Stones,,,,,
structural_material,other,Other,Wax Kale,Other,,,,,
time_dist,week,In the next week,Isbuuca xiga,In the next week,,,,,
time_dist,month,In the next month,Bisha xigta,In the next month,,,,,
time_dist,three_months,Within three months,Inta lagu guda jiro saddex bil,Within three months,,,,,
time_dist,six_months,Within six months,Inta lagu guda jiro lix bil,Within six months,,,,,
time_dist,more_six_months,More than 6 months,In ka badan 6 bil,More than 6 months,,,,,
time_dist,never,There is no distribution expected,Ma jiro raashiin qeybin la filaayo,There is no distribution expected,,,,,
time_dist,dontknow,I don't know or don’t want to answer,Ma garanayo ama ma doonayo inaan ka jawaabo,I don't know or don’t want to answer,,,,,
time_dist1,under_30_minutes,Under 30 minutes,Wax ka yar 30 daqiiqo ,Under 30 min,,,,,
time_dist1,30_minutes_1_hour,30 minutes to less than 1 hour,30 daqiiqo ilaa 1 saac wax ka yar,30 min to 1 hour,,,,,
time_dist1,1_hour_half_day,One hour to less than half a day,1 saac ilaa iyo wax maalin ka yar,1 hour to half a day,,,,,
time_dist1,half_day,Half a day,Maalin barkeed,Half a day,,,,,
time_dist1,full_day,More than half a day,In ka badan maalin barkeed,More than half a day,,,,,
time_dist1,dontknow,I don't know or don’t want to answer,Ma garanayo ama ma doonayo inaan ka jawaabo,Don't know,,,,,
unable_pay_rent,threats,Threats,Hanjabaad,Threats,,,,,
unable_pay_rent,forced_labour,Forced labour,Shaqo qasab ah,Forced labour,,,,,
unable_pay_rent,eviction,Eviction,Barakicin,Eviction,,,,,
unable_pay_rent,sexual_expl,Demand of sexual favour or sexual exploitations ,Dalabka in jinsi/galmo la wadaago,Demand of sexual favour or sexual exploitations ,,,,,
unable_pay_rent,denial_assistance,Denial of registration processes of upcoming humanitarian services ,Diidmada diiwaan gelinta kaalmadda bani'aadamnimo ee soo socota,Denial of registration processes of upcoming humanitarian services ,,,,,
unable_pay_rent,do_not_know,Do not know,Ma garanayo,Do not know,,,,,
unable_pay_rent,other,Other,Wax Kale,Other,,,,,
unsafe_areas,shelters,In shelters,Gudaha aqalka,In shelters,,,,,
unsafe_areas,camp_areas,When leaving the settlement/town,Marka ka tagaayo kaamka/deegaanka/tuulada/magaalka,When leaving the settlement/town,,,,,
unsafe_areas,waterpoint,Water point,Goobta biyaha,Water point,,,,,
unsafe_areas,latrines,Latrines,Musqulaha,Latrines,,,,,
unsafe_areas,bathing_areas,Bathing areas,Goobaha quweyska,Bathing areas,,,,,
unsafe_areas,market,Market,Suuqa,Market,,,,,
unsafe_areas,school,School,Iskuulka,School,,,,,
unsafe_areas,health_centre,Health centre,Goobta caafimaadka,Health centre,,,,,
unsafe_areas,feeding_distribution_point,Feeding centre/ distribution point,Xarunta quudinta/goobta nafaqo qeybinta,Feeding centre/ distribution point,,,,,
unsafe_areas,no_answer,Chose not to answer,Aan ka jawaabi rabin,Chose not to answer,,,,,
unsafe_areas,other,Other,Wax kale,Other,,,,,
usd_price,usd_0_9,Less than $10,In ka yar $10,Less than $10,,,,,
usd_price,usd_10_99,$10-$99,$10-$99,$10-$99,,,,,
usd_price,usd_more_100,More than $100,Wax ka badan $100,More than $100,,,,,
violence,beating,Beating or other ill treatment,Garaacid ama silcin,Beating or other ill treatment,,,,,
violence,gbv,Rape or other GBV,Kufsi ama tacadiyo xaga jinsiga ah,Rape or other GBV,,,,,
violence,verbal,Verbal abuse/name calling,xad gudub afka ah/magacegya ku dhawaaqayo,Verbal abuse/name calling,,,,,
violence,no_answer,Do not wish to answer,Aanan rabin inuu ka jawaabo,Do not wish to answer,,,,,
violence,other,Other,Wax kale,Other,,,,,
water_none,water_source,There is not enough water at my water source so we reduced consumption,"Goobta biyaha aan kasoo qaadano malahan biyo ku filan, sidaas awgeed waan iska yareenay isticmaalkiisa",Not enough water at source,,,,,
water_none,no_containers,We don't have enough containers to store or carry water,Ma haysano weelal/haan nagu filan ee biyaha ku keydsan karno,Not enough containers,,,,,
water_none,poor_quality,"The water is not good quality (taste, smell, cleanliness) so we reduced consumption","Biyaha tayo fican ma lahan (dhadhanka, shiirka, nadiif ahaanta), sidaas awgeed waan iska yareenay isticmaalkiisa",Poor quality,,,,,
water_none,source_far,The closest water source is far away,Goobta biyaha ee noogu dhow oo aad u fog,Too far,,,,,
water_none,source_long,The waiting time to collect water is too long,Waqtiga la sugayo biyaha qaadashiisa oo aad u dheer,Waiting time too long,,,,,
water_none,unsafe,We don't feel safe going to the water point,Amaan inooma ahan aaditaanka/gaarintaanka goobta biyaha,Unsafe,,,,,
water_none,not_functional,My water source is not functional,Goobta biyaha ma shaqeynayo,Not functional,,,,,
water_none,other,Other,Wax kale,Other,,,,,
water_responsible,community,The community,Bulshada,The community,,,,,
water_responsible,household,My household,Qoyskeyga,My household,,,,,
water_responsible,priv,Private vendor,iibiyaha gaarka ah,Private vendor,,,,,
water_responsible,no_one,No one,Midna,No one,,,,,
water_responsible,other,Other,Wax kale,Other,,,,,
water_source,water_kiosk,Water Kiosk,Tabakaayo biyo,Water Kiosk,,,,,
water_source,piped_system,Piped System,Tuubooyin,Piped System,,,,,
water_source,protected_well_no_hand_pump,Protected Well w/o hand pump,Ceel daboolan - Bambo gacmeed aan laheyn,Protected Well w/o pump,,,,,
water_source,protected_well_with_hand_pump,Protected Well with hand Pump,Ceel daboolan - Bambo gacmeed leh,Protected Well with pump,,,,,
water_source,unprotected_well,Unprotected Well,Ceel aan daboolneyn,Unprotected Well,,,,,
water_source,berkad,Berkad,Berkad,Berkad,,,,,
water_source,river,River,Wabi,River,,,,,
water_source,tank_and_tap,Water tank and Tap,Haan biy iyo tuubo,Water tank and Tap,,,,,
water_source,water_trucking_distrib,Water Trucking Distribution Point,Barta lagu qeybiyo biyo dhaaminta,Water Trucking,,,,,
water_source,borehole,Borehole with submersible pump,Ceel riig oo bambo leh,Borehole with pump,,,,,
water_source,other,Other,Wax kale,Other,,,,,
water_source_live,water_kiosk,Water Kiosk,Tabakaayo biyo,Water Kiosk,,,,,
water_source_live,piped_system,Piped System,Tuubooyin,Piped System,,,,,
water_source_live,protected_well_no_hand_pump,Protected Well w/o hand pump,Ceel daboolan - Bambo gacmeed aan laheyn,Protected Well w/o hand pump,,,,,
water_source_live,protected_well_with_hand_pump,Protected Well with hand Pump,Ceel daboolan - Bambo gacmeed leh,Protected Well with hand Pump,,,,,
water_source_live,unprotected_well,Unprotected Well,Ceel aan daboolneyn,Unprotected Well,,,,,
water_source_live,berkad,Berkad,Berkad,Berkad,,,,,
water_source_live,river,River,Wabi,River,,,,,
water_source_live,tank_and_tap,Water tank and Tap,Haan biy iyo tuubo,Water tank and Tap,,,,,
water_source_live,water_trucking_distrib,Water Trucking Distribution Point,Barta lagu qeybiyo biyo dhaaminta,Water Trucking Distribution Point,,,,,
water_source_live,borehole,Borehole with submersible pump,Ceel riig oo bambo leh,Borehole with submersible pump,,,,,
water_source_live,other,Other,Wax kale,Other,,,,,
water_source_live,no_water_needed,I do not have livelihood activities which require water,Ma haysti howl nolol maalmeed ah oo biyo u baahan,I do not have livelihood activities which require water,,,,,
water_storage,jerry_can,Jerry Cans,Jeriggaan,Jerry Cans,,,,,
water_storage,water_tank,Water tank,Haanta biyaha,Water tank,,,,,
water_storage,water_gallon,Water gallon,3 ama 4 L qaad,Water gallon,,,,,
water_storage,bucket_lid,Bucket with lid,Baaldi dabool leh,Bucket with lid,,,,,
water_storage,bucket_no_lid,Bucket with no lid,Baaldi aan dabool laheyn,Bucket with no lid,,,,,
water_storage,plastic_bottle,Plastic bottle,Weelasha caaga ah,Plastic bottle,,,,,
water_storage,other,Other,Kale,Other,,,,,
water_time,less_week,Less than one week,Wax ka yar 1 isbuuc,Less than one week,,,,,
water_time,week_to_month,One week to one month,1 isbuuc ilaa 1 bil,One week to one month,,,,,
water_time,two_to_six_months,Two to six months,2 ilaa 6 bilood,Two to six months,,,,,
water_time,six_months_plus,Longer than six months,In ka badan 6 bil,Longer than six months,,,,,
water_treat_how,boiling,Boiling,Kar karinta biyaha,Boiling,,,,,
water_treat_how,cloth_filter,Cloth filter,Dharka/Marada oo lagu shaandheeyo biyaha,Cloth filter,,,,,
water_treat_how,other_filter,"Other kind of filter (membrane, ceramic etc)",Shaandooyinka kale sida (dhoobada iwm),"Other kind of filter (membrane, ceramic etc)",,,,,
water_treat_how,chlorine,Chlorine tablets/aquatabs,Koloriin/Kaniinka sifeynta biyaha,Chlorine tablets/aquatabs,,,,,
water_treat_how,other,Other,Wax kale,Other,,,,,
what_credit,food,Food,Cunto,Food,,,,,
what_credit,health,Healthcare,Adeeg caafimaad,Healthcare,,,,,
what_credit,school_fees,School fees and materials ,Fee-ga iskuulka iyo agabka waxbarasho,School fees and materials ,,,,,
what_credit,productive_assets,"Productive assets (seeds, farming tools, sewing machine etc.)","agab wax soo saar leh/waxtarka leh sida (harqaanka, qalabka beeraha iwm.)","Productive assets (seeds, farming tools, sewing machine etc.)",,,,,
what_credit,livestock,Livestock,Xoolaha nool,Livestock,,,,,
what_credit,land,Rent of land or property,Kireyn dhul ama hanti,Rent of land or property,,,,,
what_credit,other,Other,Wax kale,Other,,,,,
what_support,food_voucher,Food vouchers,Raashiin kaar ah,Food vouchers,,,,,
what_support,food_in_kind,Food in-kind,Raashiin cadaan ah ,Food in-kind,,,,,
what_support,unconditional_cash_transfers,Unconditional cash transfers,Lacag aan shuruud laheyn,Unconditional cash transfers,,,,,
what_support,cash_for_work,Cash for work,lacagta lagu bixiyo shaqo dan guud ah,Cash for work,,,,,
what_support,animal_vaccinations_treatment,Animal vaccinations/treatment,Daaweynta iyo talaalida xoolaha,Animal vaccinations/treatment,,,,,
what_support,fodder_provision,Fodder provision,bixinta calafka/ ama cowska ay xoolaha cunaan,Fodder provision,,,,,
what_support,restocking_livestock,Restocking livestock,Dib abuurida xoolaha nool,Restocking livestock,,,,,
what_support,water_provision,Water provision,Siinta biyaha,Water provision,,,,,
what_support,provision_seeds,"Provision of agricultural inputs (e.g. seeds, tools)",Siinta agabka beeraha iyo abuurka,"Provision of agricultural inputs (e.g. seeds, tools)",,,,,
when_wash_hands,before_eating,Before eating,Cunitaanka ka hor,Before eating,,,,,
when_wash_hands,before_food_baby,Before feeding baby (including breastfeeding),Ka hor intaan canuga la quudin (La jiqsiin/la naas nuujin),Before feeding baby (including breastfeeding),,,,,
when_wash_hands,before_food,Before preparing food,Cuntada inaan diyaarin ka hor,Before preparing food,,,,,
when_wash_hands,serving_food,Serving food,Cuntada intaan bixin/adeegin ka hor,Serving food,,,,,
when_wash_hands,after_defecating,After defecating,Saxarada kadib,After defecating,,,,,
when_wash_hands,after_baby_poop,After disposing of baby's faeces/washing baby's bottom,Markaan tuurayo/fogeynayo saxarada caruurta/ama aan dhaqo/meydho qeybaha hoose ee caruurta ,After disposing of baby's faeces/washing baby's bottom,,,,,
when_wash_hands,after_eating,After eating,Cunitaanka ka dib,After eating,,,,,
when_wash_hands,never,I never wash my hands,Maba dhaqo (abid) gacmaheyga,I never wash my hands,,,,,
where_seeds,own_seeds,Own saved seeds,Heystay abuur uu meel dhigtay,Own saved seeds,,,,,
where_seeds,borrow_seeds,Borrow seeds from relatives/friends ,Abuurka kasoo amaahday qaraabadda/asxaabta,Borrow seeds from relatives/friends ,,,,,
where_seeds,market,Bought in market,Ka iibsaday suuqa,Bought in market,,,,,
where_seeds,un_ngo,Received from UN/NGO,Ka helay hey'ad UN/Hey'adda aan dowli aheyn,Received from UN/NGO,,,,,
where_seeds,govt,Received from government,Ka helay dowladdda,Received from government,,,,,
where_seeds,comm,Received from community seed multipliers,Ka helay guddiga abuurka,Received from community seed multipliers,,,,,
where_seeds,other,Other,Wax kale,Other,,,,,
who_credit,un_ngo1,UN/NGO,Hey'ad UN ama Hey'ad aan dowli aheyn,UN/NGO,,,,,
who_credit,govern,Government,Dowlad,Government,,,,,
who_credit,com_org,Community organisation,Urur bulsheed,Community organisation,,,,,
who_credit,savings_loans,Savings and Loans Association,Dhigasho/keydsasho iyo barnaamijyo deyn,Savings and Loans Association,,,,,
who_credit,relatives,Relatives or neighbours,Qaraabada ama Deriska,Relatives or neighbours,,,,,
who_credit,hawala,Hawala ,Xawaalad,Hawala ,,,,,
why_not_attend,emergency,"Result of an emergency (conflict, drought, flood, eviction, etc.)","Sabab ka dhalatay xaalada deg dega ah (colaad, abaar, fatahaad, dhul ka saarid, iwm)",Emergency,,,,,
why_not_attend,fees,Unable to pay school fees,Aan bixin karin qarashka iskuulka,School fees,,,,,
why_not_attend,chores,Domestic chores,Howsha guriga,Domestic chores,,,,,
why_not_attend,age,Children too young to attend school,Da'da,Too young,,,,,
why_not_attend,distance,School is too far,Iskuulka oo aad u fog,School is too far,,,,,
why_not_attend,no_school,No open school in the area,Iskuul furan oo aan jirin,No open school in the area,,,,,
why_not_attend,overcrowding,Overcrowded classes,Fasalo buux dhaafay,Overcrowded classes,,,,,
why_not_attend,teaching_quality,Quality of teaching is low,Tayada wax barista,Quality of teaching is low,,,,,
why_not_attend,labour,Need to work,U baahan shaqo,Need to work,,,,,
why_not_attend,violence_on_the_way,Fear of violence on the way to school,Cabsi laga qabo qalalaaso ka dhacda wadada iskuulka,Violence on the way,,,,,
why_not_attend,violence_at_school,Fear of violence at school,Cabsi laga qabo inay ka dhacdo iskuulka,Violence at school,,,,,
why_not_attend,no_gendered_facilities,Lack of gendered facilities,Alaab gabdhaha iyo wiilasha loogu talo galay oo aan jirin,Gendered facilities,,,,,
why_not_attend,lack_wash_facilities,Lack of proper WASH facilities,"Xarumaha biyaha , faydhowrka iyo nadaafada haboon oo aan jirin",WASH facilities,,,,,
why_not_attend,other,Other,Wax Kale,Other,,,,,
why_not_attend,dontknow,I don't know or don’t want to answer,Ma garanayo ama ma doonayo inaan ka jawaabo,Don't know,,,,,
y_n_dk,yes,Yes,Haa,Yes,,,,,
y_n_dk,no,No,Maya,No,,,,,
y_n_dk,dontknow,Don't know,Ma garanayo ,Don't know,,,,,
yes_no,yes,Yes,Haa,Yes,,,,,
yes_no,no,No,Maya,No,,,,,
population_status,host,Host community,,Host community,,,,,
population_status,IDP,IDP,,IDP,,,,,
population_status,returnee,Returnee,,Returnee,,,,,
population_status,refugee,Refugee,,Refugee,,,,,
ranking_FCS,acceptable,Acceptable,,Acceptable,,,,,
ranking_FCS,bordeline,Borderline,,Borderline,,,,,
ranking_FCS,poor,Poor,,Poor,,,,,
ranking_HDDS,high,High,,High,,,,,
ranking_HDDS,medium,Medium,,Medium,,,,,
ranking_HDDS,low,Low,,Low,,,,,
ranking_HHS,little,Little,,Little,,,,,
ranking_HHS,moderate,Moderate,,Moderate,,,,,
ranking_HHS,severe,Severe,,Severe,,,,,
house_age_dependent,dependent,Dependent,,Dependent,,,,,
house_age_dependent,non-dependent,Non Dependent,,Non Dependent,,,,,
female_headedhousehold,female_headed_household,Female headed household,,Female headed household,,,,,
female_headedhousehold,non_female_headed_household,Non Female headed household,,Non Female headed household,,,,,
child_headedhousehold,child_headed_household,Child headed household,,Child headed household,,,,,
child_headedhousehold,non_child_headedhousehold,Non child headed household,,Non child headed household,,,,,
house_plw_dc,household_wihtout_dependent,Household with dependent(s),,Household with dependent(s),,,,,
house_plw_dc,household_with_dependent,Household without dependent,,Household without dependent,,,,,
group_length_displacement,less_3_months,Less than 3 months,,Less than 3 months,,,,,
group_length_displacement,Between_3_6_months,Between than 3 6 months,,Between than 3 6 months,,,,,
group_length_displacement,Between_6_months_3_years,Between than 6 months 3 years,,Between than 6 months 3 years,,,,,
group_length_displacement,above_3_years,Above than 3 years,,Above than 3 years,,,,,
severity,low,Low,,Low,,,,,
severity,medium,Medium,,Medium,,,,,
severity,high,High,,High,,,,,
district_local,gebiley,Gebiley,,Gebiley,,,,,
district_local,buur_hakaba,Buur Hakaba,,Buur Hakaba,,,,,
district_local,baardheere,Baardheere,,Baardheere,,,,,
district_local,baidoa,Baidoa,,Baidoa,,,,,
district_local,gaalkacyo north,Gaalkacyo North,,Gaalkacyo North,,,,,
district_local,kismayo,Kismayo,,Kismayo,,,,,
district_local,luuq,Luuq,,Luuq,,,,,
district_local,bossaso,Bossaso,,Bossaso,,,,,
district_local,afgooye,Afgooye,,Afgooye,,,,,
district_local,burco,Burco,,Burco,,,,,
district_local,cadale,Cadale,,Cadale,,,,,
district_local,marka,Marka,,Marka,,,,,
district_local,hobyo,Hobyo,,Hobyo,,,,,
district_local,afmadow,Afmadow,,Afmadow,,,,,
district_local,mogadishu-kahda,Mogadishu Kahda,,Mogadishu Kahda,,,,,
district_local,caynabo,Caynabo,,Caynabo,,,,,
district_local,hargeysa,Hargeysa,,Hargeysa,,,,,
district_local,qoryooley,Qoryooley,,Qoryooley,,,,,
district_local,waajid,Waajid,,Waajid,,,,,
district_local,mogadishu-daynile,Mogadishu Daynile,,Mogadishu Daynile,,,,,
district_local,lughaye,Lughaye,,Lughaye,,,,,
district_local,laasqoray,Laasqoray,,Laasqoray,,,,,
district_local,wanla_weyn,Wanla Weyn,,Wanla Weyn,,,,,
district_local,ceel_barde,Ceel Barde,,Ceel Barde,,,,,
district_local,cabudwaaq,Cabudwaaq,,Cabudwaaq,,,,,
district_local,jowhar,Jowhar,,Jowhar,,,,,
district_local,xudur,Xudur,,Xudur,,,,,
district_local,gaalkacyo south,Gaalkacyo South,,Gaalkacyo South,,,,,
district_local,belet_weyne,Belet Weyne,,Belet Weyne,,,,,
district_local,ceerigaabo,Ceerigaabo,,Ceerigaabo,,,,,
district_local,ceel_afweyn,Ceel Afweyn,,Ceel Afweyn,,,,,
district_local,balcad,Balcad,,Balcad,,,,,
district_local,garowe,Garowe,,Garowe,,,,,
district_local,iskushuban,Iskushuban,,Iskushuban,,,,,
district_local,bandarbayla,Bandarbayla,,Bandarbayla,,,,,
district_local,badhaadhe,Badhaadhe,,Badhaadhe,,,,,
district_local,matabaan,Matabaan,,Matabaan,,,,,
district_local,mogadishu-hodan,Mogadishu Hodan,,Mogadishu Hodan,,,,,
district_local,cadaado,Cadaado,,Cadaado,,,,,
district_local,belet_xaawo,Belet Xaawo,,Belet Xaawo,,,,,
district_local,berbera,Berbera,,Berbera,,,,,
district_local,borama,Borama,,Borama,,,,,
district_local,bulo burto,Bulo Burto,,Bulo Burto,,,,,
district_local,garbahaarrey,Garbahaarrey,,Garbahaarrey,,,,,
district_local,burtinle,Burtinle,,Burtinle,,,,,
district_local,qardho,Qardho,,Qardho,,,,,
district_local,dhuusamarreeb,Dhuusamarreeb,,Dhuusamarreeb,,,,,
district_local,zeylac,Zeylac,,Zeylac,,,,,
district_local,badhan,Badhan,,Badhan,,,,,
district_local,ceel_waaq,Ceel Waaq,,Ceel Waaq,,,,,
district_local,eyl,Eyl,,Eyl,,,,,
district_local,jariiban,Jariiban,,Jariiban,,,,,
district_local,qandala,Qandala,,Qandala,,,,,
district_local,qansax_dheere,Qansax Dheere,,Qansax Dheere,,,,,
district_ocha,gebiley_,Gebiley,,Gebiley,,,,,
district_ocha,buur_hakaba_,Buur Hakaba,,Buur Hakaba,,,,,
district_ocha,baardheere_,Baardheere,,Baardheere,,,,,
district_ocha,baidoa_,Baidoa,,Baidoa,,,,,
district_ocha,gaalkacyo_,Gaalkacyo,,Gaalkacyo,,,,,
district_ocha,kismayo_,Kismayo,,Kismayo,,,,,
district_ocha,luuq_,Luuq,,Luuq,,,,,
district_ocha,bossaso_,Bossaso,,Bossaso,,,,,
district_ocha,afgooye_,Afgooye,,Afgooye,,,,,
district_ocha,burco_,Burco,,Burco,,,,,
district_ocha,cadale_,Cadale,,Cadale,,,,,
district_ocha,marka_,Marka,,Marka,,,,,
district_ocha,hobyo_,Hobyo,,Hobyo,,,,,
district_ocha,afmadow_,Afmadow,,Afmadow,,,,,
district_ocha,mogadishu-kahda_,Mogadishu Kahda,,Mogadishu Kahda,,,,,
district_ocha,caynabo_,Caynabo,,Caynabo,,,,,
district_ocha,hargeysa_,Hargeysa,,Hargeysa,,,,,
district_ocha,qoryooley_,Qoryooley,,Qoryooley,,,,,
district_ocha,waajid_,Waajid,,Waajid,,,,,
district_ocha,mogadishu-daynile_,Mogadishu Daynile,,Mogadishu Daynile,,,,,
district_ocha,lughaye_,Lughaye,,Lughaye,,,,,
district_ocha,laasqoray_,Laasqoray,,Laasqoray,,,,,
district_ocha,wanla_weyn_,Wanla Weyn,,Wanla Weyn,,,,,
district_ocha,ceel_barde_,Ceel Barde,,Ceel Barde,,,,,
district_ocha,belet_weyne_,Belet Weyne,,Belet Weyne,,,,,
district_ocha,jowhar_,Jowhar,,Jowhar,,,,,
district_ocha,xudur_,Xudur,,Xudur,,,,,
district_ocha,ceel_afweyn_,Ceel Afweyn,,Ceel Afweyn,,,,,
district_ocha,cabudwaaq_,Cabudwaaq,,Cabudwaaq,,,,,
district_ocha,balcad_,Balcad,,Balcad,,,,,
district_ocha,garowe_,Garowe,,Garowe,,,,,
district_ocha,iskushuban_,Iskushuban,,Iskushuban,,,,,
district_ocha,bandarbayla_,Bandarbayla,,Bandarbayla,,,,,
district_ocha,badhaadhe_,Badhaadhe,,Badhaadhe,,,,,
district_ocha,mogadishu-hodan_,Mogadishu Hodan,,Mogadishu Hodan,,,,,
district_ocha,cadaado_,Cadaado,,Cadaado,,,,,
district_ocha,belet_xaawo_,Belet Xaawo,,Belet Xaawo,,,,,
district_ocha,berbera_,Berbera,,Berbera,,,,,
district_ocha,borama_,Borama,,Borama,,,,,
district_ocha,bulo burto_,Bulo Burto,,Bulo Burto,,,,,
district_ocha,garbahaarrey_,Garbahaarrey,,Garbahaarrey,,,,,
district_ocha,burtinle_,Burtinle,,Burtinle,,,,,
district_ocha,qardho_,Qardho,,Qardho,,,,,
district_ocha,dhuusamarreeb_,Dhuusamarreeb,,Dhuusamarreeb,,,,,
district_ocha,zeylac_,Zeylac,,Zeylac,,,,,
district_ocha,ceerigaabo_,Ceerigaabo,,Ceerigaabo,,,,,
district_ocha,ceel_waaq_,Ceel Waaq,,Ceel Waaq,,,,,
district_ocha,eyl_,Eyl,,Eyl,,,,,
district_ocha,jariiban_,Jariiban,,Jariiban,,,,,
district_ocha,qandala_,Qandala,,Qandala,,,,,
district_ocha,qansax_dheere_,Qansax Dheere,,Qansax Dheere,,,,,
region_local,woqooyi galbeed,Woqooyi Galbeed,,Woqooyi Galbeed,,,,,
region_local,bay,Bay,,Bay,,,,,
region_local,gedo,Gedo,,Gedo,,,,,
region_local,mudug,Mudug,,Mudug,,,,,
region_local,lower juba,Lower Juba,,Lower Juba,,,,,
region_local,bari,Bari,,Bari,,,,,
region_local,lower shabelle,Lower Shabelle,,Lower Shabelle,,,,,
region_local,togdheer,Togdheer,,Togdheer,,,,,
region_local,middle shabelle,Middle Shabelle,,Middle Shabelle,,,,,
region_local,banadir,Banadir,,Banadir,,,,,
region_local,sool,Sool,,Sool,,,,,
region_local,bakool,Bakool,,Bakool,,,,,
region_local,awdal,Awdal,,Awdal,,,,,
region_local,sanaag,Sanaag,,Sanaag,,,,,
region_local,galgaduud,Galgaduud,,Galgaduud,,,,,
region_local,hiraan,Hiraan,,Hiraan,,,,,
region_local,nugaal,Nugaal,,Nugaal,,,,,
region_ocha,Woqooyi Galbeed_,Woqooyi Galbeed,,Woqooyi Galbeed,,,,,
region_ocha,Bay_,Bay,,Bay,,,,,
region_ocha,Gedo_,Gedo,,Gedo,,,,,
region_ocha,Mudug_,Mudug,,Mudug,,,,,
region_ocha,Lower Juba_,Lower Juba,,Lower Juba,,,,,
region_ocha,Bari_,Bari,,Bari,,,,,
region_ocha,Lower Shabelle_,Lower Shabelle,,Lower Shabelle,,,,,
region_ocha,Togdheer_,Togdheer,,Togdheer,,,,,
region_ocha,Middle Shabelle_,Middle Shabelle,,Middle Shabelle,,,,,
region_ocha,Banadir_,Banadir,,Banadir,,,,,
region_ocha,Sool_,Sool,,Sool,,,,,
region_ocha,Bakool_,Bakool,,Bakool,,,,,
region_ocha,Awdal_,Awdal,,Awdal,,,,,
region_ocha,Sanaag_,Sanaag,,Sanaag,,,,,
region_ocha,Hiraan_,Hiraan,,Hiraan,,,,,
region_ocha,Galgaduud_,Galgaduud,,Galgaduud,,,,,
region_ocha,Nugaal_,Nugaal,,Nugaal,,,,,
state_ocha,Somaliland_,Somaliland,,Somaliland,,,,,
state_ocha,Central_,Central,,Central,,,,,
state_ocha,Jubaland_,Jubaland,,Jubaland,,,,,
state_ocha,Puntland_,Puntland,,Puntland,,,,,
seven_states,Somaliland,Somaliland,,Somaliland,,,,,
seven_states,South West State,South West State,,South West State,,,,,
seven_states,Jubaland,Jubaland,,Jubaland,,,,,
seven_states,Galmudug,Galmudug,,Galmudug,,,,,
seven_states,Puntland,Puntland,,Puntland,,,,,
seven_states,Hir-Shabelle,Hir-Shabelle,,Hir-Shabelle,,,,,
seven_states,Banadir,Banadir,,Banadir,,,,,
