type,name,label,label::Arabic,relevant,constraint,required,repeat_count,constraint_message,constraint_message::Arabic,read_only,appearance,choice_filter,default,calculation,hint,hint::Arabic
start,start,,,,,,,,,,,,,,,
end,end,,,,,,,,,,,,,,,
today,date_assessment,,,,,,,,,,,,,,,
deviceid,deviceid,,,,,,,,,,,,,,,
select_multiple ngo,ngo,Please select the name of your organization,??? ??????? ???? ???? ?????????,,,yes,,,,,,,,,,
text,ngo_other,"If other, please specify","??? ????? ?????? ???????","selected(${ngo},'other')",,yes,,,,,,,,,,
integer,enumerator_num,Please record your enumerator number,??? ??????,,,yes,,,,,,,,,,
select_one Governorate_MCNA,Governorate_MCNA,Current Governorate,???????? ???????,,,yes,,,,,,,,,,
select_one District_MCNA,District_MCNA,Current District,?????? ??????,,,yes,,,,,,Governorate=${Governorate_MCNA},,,,
text,subdistrict_MCNA,Current Sub-district,??????? ???????,,,yes,,,,,,,,,,
select_one Yes_No,hhh,Are you the head of household? ,?? ??? ?? ???????,,,yes,,,,,,,,,,
select_one Yes_No,will_to_response,"If no, are you willing and able to respond to the questions on behalf of the household?","??? ???, ?? ??? ???? ? ????? ??????? ??? ??????? ???????? ????","selected(${hhh}, 'no')",.='yes',yes,,,,,,,,,"??? ???? ?????? ????? ????????  ????????? ??? ???? ????","??? ???? ?????? ????? ????????  ????????? ??? ???? ????"
integer,age_respondent,What is your age? ,??? ??????,,.> 17 and .< 120,yes,,Age cannot be below 18 and above 120,,,,,,,,
select_one Sex,gender_respondent,Respondent's sex,??? ?????? ,,,yes,,,,,,,,,,
select_one Yes_No,consent,"Hello, my name is __. We are conducting interviews in order to inform the humanitarian response in Iraq. This interview will take around 45 minutes,  and your answers will remain confidential and you are free to withdraw at any moment during the survey. Do you agree to participate?","????? , ??? ???? __. ??? ???? ????????? ?? ??? ??????? ??????? ??? ????????? ????????? ?? ??????. ???? ???????? ?????? ????? 45 ?????. ?????? ??????? ????. ?? ???? ?? ?????? ?? ??????? ?? ?? ???? ?? ?????????. ?? ????? ??? ?????????",,.='yes',yes,,,,,,,,,"??? ???? ?????? ????? ????????  ????????? ??? ???? ????","??? ???? ?????? ????? ????????  ????????? ??? ???? ????"
begin group,Household_Profile,Household Profile,??????? ?????? ,,,,,,,,,,,,,
select_one Yes_No,Displace_Status,Was your household living in this subdistrict prior to January 2014?,?? ???? ????? ???? ?? ??? ??????? ??? ????? ?????? 2014?,,,yes,,,,,,,,,,
select_one Yes_No,Displace_Status_returnee,Have you been displaced from this sub-district since January 2014?,?? ??? ?????? ?? ??? ??????? ??? ????? ?????? 2014?,"selected(${Displace_Status}, 'yes')",,yes,,,,,,,,,,
note,note_returnee,This household is a returnee household.,??? ?????? ?????,"selected(${Displace_Status_returnee}, 'yes')",,,,,,,,,,,,
note,note_nondisplaced,This household is non-displaced.,??? ?????? ????? ( ?? ???? ?????),"selected(${Displace_Status_returnee}, 'no')",,,,,,,,,,,,
select_one Yes_No,Displace_Status_idp,Did you move to this subdistrict because of the conflict?,?? ?????? ??? ??? ??????? ???? ???????,"selected(${Displace_Status}, 'no')",,yes,,,,,,,,,,
note,note_IDP,This household is an IDP household.,??? ?????? ?? ???? ?????,"selected(${Displace_Status_idp}, 'yes')",,,,,,,,,,,,
note,note_inelegible,This household is not eligible for the MCNA - please end the survey and find an eligible household in the targeted category. Please cancel this form and move to the next household.,??? ?????? ??? ????? ?????????. ?????? ????? ????????? ?????? ?? ???? ???? ??? ?????? ????????,"selected(${Displace_Status_idp}, 'no')",,,,,,,,,,,,
calculate,calc_idp,,,,,,,,,,,,,"if(selected(${Displace_Status_idp}, 'yes'), 1,0)",,
calculate,calc_returnee,,,,,,,,,,,,,"if(selected(${Displace_Status_returnee}, 'yes'), 1,0)",,
calculate,calc_remainee,,,,,,,,,,,,,"if(selected(${Displace_Status_returnee}, 'no'), 1,0)",,
calculate,calc_noteligible,,,,,,,,,,,,,"if(selected(${Displace_Status_idp}, 'no'), 1,0)",,
select_one hh_type,type_hh,"According to the note prompted before, select the correct population group.","???????? ??? ???????? ???? ??? ????????? ?????? ????? ??? ???????? ???????? ???? ????? ????? ??? ??????",${calc_noteligible} = 0,,yes,,,,,,,,,,
date,return_date_returnee,When did you return to this subdistrict after your most recent incidence of displacement?,??? ???? ??? ??? ??????? ??? ??? ???? ???,${calc_returnee} = 1,. <=today(),yes,,,,,month-year,,,,,
integer,return_durationdisplace,For how many months were you displaced? ,?? ??? ?????? ???? ???? ???? ???????,${calc_returnee} = 1,.>=0 and .<=60 ,yes,,,,,,,,,The answer has to be between 0 and 60 months,??? ?? ???? ?????? ??? 0 ? 60 ????
date,displace_date_idp,When were you initially displaced from your sub-district? ,??? ????? ?? ?????? ?? ????????,${calc_idp} = 1,. <=today() and . >= date('2014-01-01'),yes,,Date cannot be before 01/01/2014,,,month-year,,,,,
select_one Yes_No,idp_first_place,Is this location your first place of displacement? ,?? ??? ?????? ?? ??? ???? ?????? ???,${calc_idp} = 1,,yes,,,,,,,,,Place of displacement should not include transit areas. Displacement implies settling down somewhere (in or out of camp).,?? ???? ????? ?????? ?? ????? ????? ( ????????? ????). ????? ??? ?? ???? ?? ????????? ??? ( ???? ?? ???? ??????)
date,arrival_date_idp,When did you arrive to this current location? ,??? ???? ??? ????? ???????,${calc_idp} = 1,. <=today() and .>=${displace_date_idp},yes,,,,,month-year,,,,,
select_one Governorate_MCNA,Governorate_origin,What governorate in Iraq were you living in before your displacement (forced to leave your home)?,?? ?? ?????? ?? ?????? ??? ???? ??? ?????? ( ??? ??????? ??? ?????? ??????),${calc_idp} = 1,,yes,,,,,,,,,,
select_one District_MCNA,District_origin,What district in Iraq were you living in before your displacement?,?? ?? ???? ??? ???? ??? ??????,${calc_idp} = 1,,yes,,,,,,Governorate=${Governorate_origin},,,,
end group,,,,,,,,,,,,,,,,
begin group,intentions,Intention survey,???????,${calc_noteligible} = 0,,,,,,,,,,,,
select_one intention,movement_intentions,What are your household's current movement intentions for the next three months?,???? ????? ???????? ??????? ??????? ?????? ???? ?????? ??????? ????????,${calc_idp} = 1,,yes,,,,,,,,,,
select_one intention_nonidp,movement_intentions_b,What are your household's current movement intentions for the next three months?,???? ????? ???????? ??????? ??????? ?????? ???? ?????? ??????? ????????,"${calc_returnee} = 1 or ${calc_remainee} = 1
",,yes,,,,,,,,,,
select_one intention_ret,movement_intentions_ret,What are the main reasons you would consider displacement again?,???? ??????? ???????? ???? ?? ????? ???? ??????? ??? ?????,"${calc_returnee} = 1 and not(selected(${movement_intentions_b}, 'remain'))",,yes,,,,,,,,,,
select_one intentions12,movement_intentions12,What are your household's current movement intentions for the next 12 months?,???? ????? ???????? ??????? ??????? ?????? ???? ?????? ??12 ????????,"${calc_idp} = 1 and not(selected(${movement_intentions},'return'))",,yes,,,,,,,,,,
select_multiple reasons_return,reason_to_return_to_aoo,What are the main reasons why you currently intend to return to your area of origin? (Select max 3),???? ??????? ???????? ???? ????? ????? ???? ??????? ??? ?????? ???????? ( ??? ????? ??? ??? ????),"${calc_idp} = 1 and selected(${movement_intentions12}, 'return') or selected(${movement_intentions},'return')",count-selected(.)<=3,yes,,You cannot select more than 3 options.,,,,,,,,
select_multiple ox8ul79,why_not_return,"If not intending to return within the next year, why not? (select max. 3)","??? ?? ??? ???? ?????? ??? ????? ????? ???? ????? ???????? ???? ??? ???? ( ??? 3 ??? ????)","${calc_idp} = 1 and not(selected(${movement_intentions}, 'return')) and not(selected(${movement_intentions12},'return'))","if(selected(.,'do_not_know') or selected(.,'decline_to_answer'), count-selected(.)=1, count-selected(.)<=3)",yes,,"You cannot select more than 3 options. You cannot select ""do not know"" or ""decline to answer"" and any other options.",?????? ????? ?? ???? ?? ???? ???,,,,,,,?? ??? ???? ?? ???? ???????? ?????? ???? ????
end group,,,,,,,,,,,,,,,,
begin group,protection,Protection survey,???????,${calc_noteligible} = 0,,,,,,,,,,,,
select_one Yes_No,documents_lost,"Are the civil documents of any members of your family lost, damaged or expired?",?? ???? ?? ????? ?? ????? ?????? ??????? ??????? ??? ??? ?? ??????? ?,,,yes,,,,,,,,,,
note,ref_docs,"Individuals in this household are missing documents, please refer to the appropiate actor.","????? ?????? ????? ????? ????? ??????? ???? ?????? ??? ??? ??????? ???????","selected(${documents_lost}, 'yes')",,,,,,,,,,,,
integer,register_MODM,How many individuals in your family are registered with MODM or DDM?,?? ??? ????? ?????? ???????? ?? ????? ?????? ????????? ?? ?? ????? ???????,"${calc_idp} = 1 or ${calc_returnee} = 1
",,yes,,,,,,,,,,
select_one YNDD,restrictions,"In the past month, has anyone in your HH experienced restrictions in their ability to move freely in your area in day light? ","?? ????? ?????? ? ?? ???? ?? ??? ?? ????? ?? ???? ?? ?????? ????? ?? ?????? ????? ???????",,,yes,,,,,,,,,,
select_multiple restriction,restriction_type,"If yes, what are the movement restrictions they have faced?","??? ???? ??????? ??? ? ????? ???? ???? ?????? ???? ????????","selected(${restrictions},'yes')",,yes,,,,,,,,,,
text,restriction_type_other,"If other, please specify","??? ????? ?????? ???????","selected(${restriction_type},'other')",count-selected(.)<=3,yes,,You cannot select more than 3 options.,,,,,,,,
select_one restriction_number,restriction_number,How many times did your HH face such movement restrictions in the past month?,?? ??? ????? ????? ??? ??? ?????? ??? ?????? ?? ????? ???????,"selected(${restrictions},'yes')",,yes,,,,,,,,,,
select_one hlp_docs,hlp_docs,"If your household owns a house, property or land in your area of origin, where are your proof of ownership documents?","??? ???? ????? ????? ?????? ?? ?????? ?? ????? ?? ?????? ??????? ? ???? ?? ??????? ????? ??????? ?????? ???",,,yes,,,,,,,,,,
note,ref_hlpdocs,"Documents attesting HLP ownership are missing, please refer to the appropiate actor.",???? ?????? ??? ??? ??????? ??????? ??? ???? ????? ??????? ???????? ?? ?????,"selected(${hlp_docs}, 'lost') or selected(${hlp_docs}, 'stolen_taken')",,,,,,,,,,,,
select_multiple places,safe_place,Where do women and girls in your community feel safe and comfortable to receive services after an incident of violence?  ,??? ???? ?????? ???????? ?? ?????? ??????? ??????? ?? ???? ??????? ??? ????? ????,,"if(selected(.,'do_not_know') or selected(.,'decline_to_answer'), count-selected(.)=1, count-selected(.)>=1)",yes,,"You cannot select ""do not know""or ""decline to answer"" and any other option",,,,,,,,
text,safe_place_other,"If other, please specify","??? ????? ?????? ???????","selected(${safe_place},'other')",,yes,,,,,,,,,,
end group,,,,,,,,,,,,,,,,
begin group,Household Roster,Household Roster,??????? ???????,${calc_noteligible} = 0,,,,,,,,,,,,
integer,num_hh_member,How many members are there in your household?,?? ??? ????? ???????,,.> 0,yes,,,,,,,,,,
note,ind_level,"I will now ask you some questions regarding each individual of your family. We define family to include anyone who is under guardianship or responsibility of this family (e.g. separated or unaccompanied children, grandparents)? **Please start with the head of your family and please don't forget to include yourself!**",??? ???? ???? ???? ??? ??????? ????? ?? ??? ?? ????? ??????. ??? ????? ??????? ?? ??? ????????? ???????? ??????? ??????? ??????? ????? ?? ??? ????? ?? ??????? ??? ??????? ( ???? : ??????? ????? ??????? ?? ????????? ?? ???????)  **?????? ????? ??? ??????? ??? ???? ?? ????? ???? ?????.**,,,,,,,,,,,,,
integer,num_family_member,How many members are there in your family?,?? ??? ????? ??????? ( ??????? ??????? ????? ?? ??? ????? ?? ??????? ??? ??????? ( ???? : ??????? ????? ??????? ?? ????????? ?? ???????)?,,.> 0,yes,,,,,,,,,,
begin_group,composition,Family Composition,????? ??????,,,,,,,,,,,,,
begin_repeat,member,Add a new group for each family member.,??? ?????? ????? ??? ??? ?? ??????? ??????? ??????? ????? ?? ??? ????? ?? ??????? ??? ??????? ( ???? : ??????? ????? ??????? ?? ????????? ?? ???????),,,yes,${num_family_member},,,,,,,,,
select_one relationship,relationship,What is [this person]'s relation to the head of household?,???? ??? ????? ??? ????? ??? ???????,,,yes,,,,,quick,,,,,
begin_group,error_start,,,"not(selected(${relationship}, 'error'))",,yes,,,,,,,,,,
select_one gender,sex,What is the sex of [this person]?,???? ??? ??? ??????,,,yes,,,,,quick,,,,,
integer,age,What is the age of [this person]? ,?? ?? ??? ??? ??????,,.< 120,yes,,,,,,,,,,
select_one marital_status,marital_status,What is [person]'s marital status? ,???? ?????? ?????????? ???? ??????,${age} >= 12,,yes,,,,,,,,,,
select_one YND,disability,Does the person have any disabilities?,?? ??? ??? ????? ??????,,,yes,,,,,,,,,,
select_one YNDD,disab_explos," Is [this person's] disability related to an explosive hazard (i.e. mines, UXO, IED)?","?? ????? ??? ????? ?????? ?????? ?????? (??? ??????? ? ??????? ??? ???????? ? ??????? ???????)?","selected(${disability}, 'yes')",,yes,,,,,,,,,,
select_one YND,daily_living,Does the medical problem/disability affect the person’s ability to perform daily living activities?,?? ???? ??????? ?? ?????? ?????? ??? ???? ????? ??? ???? ????? ?????? ????????,"selected(${disability}, 'yes')",,yes,,,,,quick,,,,"(eating, bathing, toileting, dressing, transferring)",?? ??? ?????? ?? ????????? ?? ?????? ??? ???????? ?? ??????
select_one YND,pregnant_lactating,Is the person pregnant or lactating?,?? ????? ???? ?? ??????,"selected(${sex} , 'female') and (${age} >= 12 and ${age} <= 50)",,yes,,,,,,,,,,
select_one Yes_No,person_doc_lost,"Is the civil documents of [this person] lost, damaged or expired?",?? ???? ?? ????? ?? ????? ?????? ??????? ??????? ??? ??????,"selected(${documents_lost}, 'yes')",,yes,,,,,,,,,,
select_multiple civil_documents,civil_docs,"If yes, which types of documentation are lost, damaged, or expired?","??? ???, ????? ??????? ??????? ???? ?? ??????? ?? ????? ?? ????? ?????????","selected(${person_doc_lost}, 'yes')",,yes,,,,,,,,,,
text,civil_docs_other,"if other, please describe",??? ???? ?????? ?????,"selected(${civil_docs}, 'other')",,yes,,,,,,,,,,
select_one YNDD,access_health_service,"In the last three months, has [this person] needed to access health services or treatment (including medicines)?","?? ?????? ??????? ??????? ? ?? ???[??? ?????] ????? ??? ?????? ??? ??????? ?????? ?? ?????? (??? ?? ??? ???????)?",,,yes,,,,,,,,,,
select_multiple health_barriers,healthcare_difficulties,"What difficulties, if any, did the person encounter? ",?? ???????? (?? ????) ???? ?????? ??????,"selected(${access_health_service}, 'yes')",,yes,,,,,,,,,,
select_multiple health_events,health_issues,"In the past 30 days, has the person suffered from any the following health conditions or events?

",?? ???? ????? ?? ?? ?? ??????? ?? ??????? ?????? ??????? ???? ??30 ???? ????????,,"not(selected(.,""none"") and count-selected(.) >1)
",yes,,"Cannot select ""None"" together with any other option",?? ????? ????? ( ????? ) ?? ???? ???,,field-list,,,,,
text,health_issue_other,"if other, please describe","??? ???? ???? ????,  ?????? ?????","selected(${health_issues}, 'other')",,yes,,,,,,,,,,
select_multiple chronic,chronic_health_condition,Does this person have any of the following chronic health conditions? ,?? ????? ??? ????? ?? ?? ?? ??????? ?????? ??????? ????????,,,yes,,,,,,,,,,
select_one Yes_No,child_vaccine_polio,Has the child (under 5 years old) been vaccinated against Polio?,?? ?? ????? ????? (??? ?? 5 ?????) ?? ??? ????????,${age} <= 5,,yes,,,,,,,,,,
select_one Yes_No,child_vaccine_measeles,Has the child (under 5 years old) been vaccinated against Measles?,?? ?? ????? ????? (??? ?? 5 ?????) ?? ???????,${age} <= 5,,yes,,,,,,,,,,
select_one Yes_No,child_vaccine_penta3,Has the person (under 2 years old) been vaccinated against Penta 3?,?? ?? ????? ????? (??? ?? ?????) ??????? ??????? ( ?????? ??????? ??????? ??????)?,${age} <= 2,,yes,,,,,,,,,"A combined vaccine with three individual vaccines (whooping cough, diphtheria?and tetanus)","?? ???? ???? ?? ????? ?????? ????? ?????? ?? ????? ? ???? ??? ????? ??????? ???? "
select_one YNDD,attend_formal_ed,Is the person (6-17) currently attending formal education? (during school season),?? ????? ??? ????? (6-17 ???) ??????? ?????? ?????? (???? ?????? ???????),(${age} >= 6 and ${age} <= 17),,yes,,,,,,,,,,
select_one YNDD,attend_informal_ed,Is the person (6-17) currently attending a non-formal learning environment at least 3 days per week? (during school season),?? ????? ??? ????? (6-17 ???) ???????  ????? ???? ?????? (???? ?????? ???????),"not(selected(${attend_formal_ed}, 'yes'))  and (${age} >= 6 and ${age} <= 17)",,yes,,,,,,,,,,
select_one YNDD,ever_attend,Has the person (6-17) ever attended school?,?? ????? ????? (6-17) ??????? ?? ????,"selected(${attend_formal_ed}, 'no') and (${age} >= 6 and ${age} <= 17)",,yes,,,,,,,,,,
date,drop_out,In what month and year did this person stop attending school? ,?? ?? ??? ???? ???? ??? ????? ?? ?????? ????????,"selected(${ever_attend}, 'yes') and (${age} >= 6 and ${age} <= 17)",,yes,,,,,month-year,,,,,
select_multiple reasons_not_attend,reasons_not_attend,"If the person does not attend school, what were the reasons? ","??? ?? ??? ????? ????? ??????? ????? ? ???? ??????? ???? ????","selected(${ever_attend}, 'no') and (${age} >= 6 and ${age} <= 17)",,yes,,,,,,,,,,
text,resons_not_attend_other,"if other, please describe",??? ???? ?????? ?????,"selected(${reasons_not_attend}, 'other') and (${age} >= 6 and ${age} <= 17)",,yes,,,,,,,,,,
select_one Yes_No,work,Did [this person] work during the last 30 days?,?? ??? [??? ?????] ???? ???????? ????? ????????,${age} >= 6,,yes,,,,,,,,,,
select_one YND,actively_seek_work,Is [this person] actively seeking work?,?? ???? ??? ????? ????? ?????? ??? ????,"selected(${work}, 'no') and ${age}>=18",,yes,,,,,,,,,,
select_multiple employment_barrires,employment_primary_barriers,"What obstacles, if any, is [this person] facing in finding work?",?? ?? ??????? (?? ????) ???? ??????? ??? ????? ?? ?????? ??? ????,"selected(${work}, 'no') and selected(${actively_seek_work}, 'yes') and ${age}>=18",,yes,,,,,,,,,,
text,employment_primary_barriers_other,"if other, please describe",??? ???? ?????? ?????,"selected(${employment_primary_barriers}, 'other')",,yes,,,,,,,,,,
calculate,male_2,,,,,,,,,,,,,"if(${age} <= 2 and ${sex}='male', 1,0)",,
calculate,female_2,,,,,,,,,,,,,"if(${age} <= 2 and ${sex}='female', 1,0)",,
calculate,male_3_5,,,,,,,,,,,,,"if(${age} >= 3 and ${age} <= 5 and ${sex}='male', 1,0)",,
calculate,female_3_5,,,,,,,,,,,,,"if(${age} >= 3 and ${age} <= 5 and ${sex}='female', 1,0)",,
calculate,male_6_17,,,,,,,,,,,,,"if(${age} >= 6 and ${age} <= 17 and ${sex}='male', 1,0)",,
calculate,female_6_17,,,,,,,,,,,,,"if(${age} >= 6 and ${age} <= 17 and ${sex}='female', 1,0)",,
calculate,male_18_59,,,,,,,,,,,,,"if(${age} >= 18  and ${age} <= 59 and ${sex}='male', 1,0)",,
calculate,female_18_59,,,,,,,,,,,,,"if(${age} >= 18  and ${age} <= 59 and ${sex}='female', 1,0)",,
calculate,male_60,,,,,,,,,,,,,"if(${age} >= 60 and ${sex}='male', 1,0)",,
calculate,female_60,,,,,,,,,,,,,"if(${age} >= 60 and ${sex}='female', 1,0)",,
calculate,separated,,,,,,,,,,,,,"if(${relationship}='nephew_niece', 1,0)",,
calculate,child_012,,,,,,,,,,,,,"if(${age} >0 and ${age} <= 12, 1,0)",,
calculate,child_1317,,,,,,,,,,,,,"if(${age} >=13 and ${age} <= 17, 1,0)",,
calculate,child,,,,,,,,,,,,,"if(${age} >0 and ${age} <= 17, 1,0)",,
end_group,,,,,,,,,,,,,,,,
end_repeat,member_end,,,,,,,,,,,,,,,
end_group,composition_end,,,,,,,,,,,,,,,
calculate,male_2_calc,,,,,,,,,,,,,sum(${male_2}),,
calculate,female_2_calc,,,,,,,,,,,,,sum(${female_2}),,
calculate,male_3_5_calc,,,,,,,,,,,,,sum(${male_3_5}),,
calculate,female_3_5_calc,,,,,,,,,,,,,sum(${female_3_5}),,
calculate,male_6_17_calc,,,,,,,,,,,,,sum(${male_6_17}),,
calculate,female_6_17_calc,,,,,,,,,,,,,sum(${female_6_17}),,
calculate,male_18_59_calc,,,,,,,,,,,,,sum(${male_18_59}),,
calculate,female_18_59_calc,,,,,,,,,,,,,sum(${female_18_59}),,
calculate,male_60_calc,,,,,,,,,,,,,sum(${male_60}),,
calculate,female_60_calc,,,,,,,,,,,,,sum(${female_60}),,
note,calc_note,"Total male children 2 or under: ${male_2_calc}
Total female children 2 or under: ${female_2_calc}
Total male children 3 to 5: ${male_3_5_calc}
Total female children 3 to 5: ${female_3_5_calc}
Total male children 6 to 17: ${male_6_17_calc}
Total female children 6 to 17: ${female_6_17_calc}
Total male adults 18 to 59: ${male_18_59_calc}
Total female adults 18 to 59: ${female_18_59_calc}
Total male adults 60 and over: ${male_60_calc}
Total female adults 60 and over: ${female_60_calc}",,,,,,,,,,,,,,
calculate,tot_child_012,,,,,,,,,,,,,sum(${child_012}),,
calculate,tot_child_1317,,,,,,,,,,,,,sum(${child_1317}),,
calculate,tot_child,,,,,,,,,,,,,sum(${child}),,
calculate,tot_male,,,,,,,,,,,,,sum(${male_2})+sum(${male_3_5})+sum(${male_6_17})+sum(${male_18_59})+sum(${male_60}),,
calculate,tot_female,,,,,,,,,,,,,sum(${female_2})+sum(${female_3_5})+sum(${female_6_17})+sum(${female_18_59})+sum(${female_60}),,
note,tot_calc_note,"Total number of male: ${tot_male}
Total number of female: ${tot_female}",,,,,,,,,,,,,,
calculate,calc_separated,,,,,,,,,,,,,sum(${separated}),,
note,ref_child,There may be one or more separated or unaccompanied children living in this household. Please refer to the appropiate actor.,"??? ??? ???? ????? ??????? ?? ??????? ??????? ?? ??? ??????? ???? ????? ??????? ??????? ??? ??????? ?????? ?????? ??? ????? ??????? ????????? ????",${calc_separated} >0,,,,,,,,,,,,
end group,,,,,,,,,,,,,,,,
begin group,food_security,Food security survey,??? ??????,${calc_noteligible} = 0,,,,,,,,,,,,
begin group,fcs,"Over the last 7 days, how many days did your household consume the following food? ","??? ??? ??7 ???? ???????, ?? ???? ??? ?????? ??????? ???????:",,,,,,,,field-list,,,,,
integer,cereals,"Cereals, grains, roots and tubers: rice, pasta, bread, potato, ",?????? ??????? ????????: ????? ?????????? ?????? ????????,,.>=0 and .<=7,yes,,,,,,,,,,
integer,nuts_seed,"Legumes / nuts : beans, peanuts, lentils, nut, soy, and / or other nuts","????????? : ????????? ? ????? ???????? ? ????? ? ?????? ? ?????? ? ? / ?? ???????? ??????",,.>=0 and .<=7,yes,,,,,,,,,,
integer,milk_dairy,"Milk and other dairy products: fresh milk / sour, yogurt, cheese, other dairy products (Exclude margarine / butter or small amounts of milk for tea / coffee)",?????? ??????? ??????? ??????: ?????? ?????? / ?????? ?????? ??????? ?????? ?????? ?? ?????? ??????? (???????? ????????? / ????? ?? ????? ????? ?? ?????? ????? / ??????),,.>=0 and .<=7,yes,,,,,,,,,,
integer,meat,"Meat, fish and eggs: goat, beef, chicken, , fish, including canned tuna, and / or other seafood, eggs (meat and fish consumed in large quantities and not as a condiment)","?????? ???????? ??????: ??? ?????? ???? ????? ??????? ???????? ? ??? ?? ??? ?????? ??????? ? ? / ?? ????? ?? ????????? ??????? ?????? (?????? ???????? ????????? ?????? ????? ???? ????)",,.>=0 and .<=7,yes,,,,,,,,,,
integer,vegetables,"Vegetables and leaves: spinach, onion, tomatoes, carrots, peppers, green beans, lettuce, cabbages, egg plants, etc","?????? ? ???????? ???????: ??????? ? ????? ? ??????? ? ????? ? ?????? ? ????????? ??????? ? ???? ? ?????? ? ????????? ? ???",,.>=0 and .<=7,yes,,,,,,,,,,
integer,fruits,"Fruits: banana, apple, lemon, mango, watermelon, apricot, peach, pineapple, passion, gishta, orange, avocado, wild fruits etc",???????: ????? ??????? ???????? ???????? ??????? ??????? ?????? ????????? ????????? ?????????? ???????? ?????? ???,,.>=0 and .<=7,yes,,,,,,,,,,
integer,oil_fats,"Oil / fat / butter: vegetable oil, palm oil, margarine, other fats / oil",?????? / ?????? / ??????: ????? ??????? ???? ?????? ?????? ??????? ?????? / ?????,,.>=0 and .<=7,yes,,,,,,,,,,
integer,sweets,"Sugar, or sweet: sugar, honey, jam, cakes, candy, cookies, pastries, cakes and other sweet (sugary drinks)","????? ? ?? ?????: ????? ? ?????? ? ??????? ? ?????? ? ???????  ?????? ?? ???????? (????????? ???????)",,.>=0 and .<=7,yes,,,,,,,,,,
integer,spices_condiments,"Condiments / Spices: tea, coffee / cocoa, salt, garlic, spices, yeast / baking powder, lanwin, tomato / sauce, meat or fish as a condiment, condiments including small amount of milk / tea coffee.","??????? / ????????: ????? ? ?????? / ??????? ? ????? ? ????? ? ???????? ? ??????? / ????? ????? ? ???????? ? ??????? / ?????? ? ????? ?? ????? ????? ? ??????? ??? ?? ??? ???? ????? ?? ?????? / ?????.",,.>=0 and .<=7,yes,,,,,,,,,,
end group,,,,,,,,,,,,,,,,
begin group,food_source,What was the main source of the following food in the past 7 days? (do not read out list),???? ??? ?????? ??????? ?????? ???? ?? 7 ???? ???????? ( ?? ???? ?? ??????? ) ,,,,,,,,,,,,,
select_one food_source,cereals_source,"Cereals, grains, roots and tubers: rice, pasta, bread, potato, ",?????? ??????? ????????: ????? ?????????? ?????? ????????,${cereals} > 0,,yes,,,,,minimal,,,,,
select_one food_source,nuts_seed_source,"Legumes / nuts : beans, peanuts, lentils, nut, soy, and / or other nuts","????????? : ????????? ? ????? ???????? ? ????? ? ?????? ? ?????? ? ? / ?? ???????? ??????",${nuts_seed} > 0,,yes,,,,,minimal,,,,,
select_one food_source,milk_dairy_source,"Milk and other dairy products: fresh milk / sour, yogurt, cheese, other dairy products (Exclude margarine / butter or small amounts of milk for tea / coffee)",?????? ??????? ??????? ??????: ?????? ?????? / ?????? ?????? ??????? ?????? ?????? ?? ?????? ??????? (???????? ????????? / ????? ?? ????? ????? ?? ?????? ????? / ??????),${milk_dairy} > 0,,yes,,,,,minimal,,,,,
select_one food_source,meat_source,"Meat, fish and eggs: goat, beef, chicken, , fish, including canned tuna, and / or other seafood, eggs (meat and fish consumed in large quantities and not as a condiment)","?????? ???????? ??????: ??? ?????? ???? ????? ??????? ???????? ? ??? ?? ??? ?????? ??????? ? ? / ?? ????? ?? ????????? ??????? ?????? (?????? ???????? ????????? ?????? ????? ???? ????)",${meat} > 0,,yes,,,,,minimal,,,,,
select_one food_source,vegetables_source,"Vegetables and leaves: spinach, onion, tomatoes, carrots, peppers, green beans, lettuce, cabbages, egg plants, etc","?????? ? ???????? ???????: ??????? ? ????? ? ??????? ? ????? ? ?????? ? ????????? ??????? ? ???? ? ?????? ? ????????? ? ???",${vegetables} > 0,,yes,,,,,minimal,,,,,
select_one food_source,fruits_source,"Fruits: banana, apple, lemon, mango, watermelon, apricot, peach, pineapple, passion, gishta, orange, avocado, wild fruits etc",???????: ????? ??????? ???????? ???????? ??????? ??????? ?????? ????????? ????????? ?????????? ???????? ?????? ???,${fruits} > 0,,yes,,,,,minimal,,,,,
select_one food_source,oil_fats_source,"Oil / fat / butter: vegetable oil, palm oil, margarine, other fats / oil",?????? / ?????? / ??????: ????? ??????? ???? ?????? ?????? ??????? ?????? / ?????,${oil_fats} > 0,,yes,,,,,minimal,,,,,
select_one food_source,sweets_source,"Sugar, or sweet: sugar, honey, jam, cakes, candy, cookies, pastries, cakes and other sweet (sugary drinks)","????? ? ?? ?????: ????? ? ?????? ? ??????? ? ?????? ? ???????  ?????? ?? ???????? (????????? ???????)",${sweets} > 0,,yes,,,,,minimal,,,,,
select_one food_source,spices_condiments_source,"Condiments / Spices: tea, coffee / cocoa, salt, garlic, spices, yeast / baking powder, lanwin, tomato / sauce, meat or fish as a condiment, condiments including small amount of milk / tea coffee.","??????? / ????????: ????? ? ?????? / ??????? ? ????? ? ????? ? ???????? ? ??????? / ????? ????? ? ???????? ? ??????? / ?????? ? ????? ?? ????? ????? ? ??????? ??? ?? ??? ???? ????? ?? ?????? / ?????.",${spices_condiments} > 0,,yes,,,,,minimal,,,,,
end group,,,,,,,,,,,,,,,,
text,cereals_source_other,"If other, please describe","??? ??? ?????? ??? ,?????? ????? ","selected(${cereals_source}, 'other')",,yes,,,,,,,,,,
text,nuts_seed_source_other,"If other, please describe","??? ??? ?????? ??? ,?????? ????? ","selected(${nuts_seed_source}, 'other')",,yes,,,,,,,,,,
text,milk_dairy_source_other,"If other, please describe","??? ??? ?????? ??? ,?????? ????? ","selected(${milk_dairy_source}, 'other')",,yes,,,,,,,,,,
text,meat_source_other,"If other, please describe","??? ??? ?????? ??? ,?????? ????? ","selected(${meat_source}, 'other')",,yes,,,,,,,,,,
text,vegetables_source_other,"If other, please describe","??? ??? ?????? ??? ,?????? ????? ","selected(${vegetables_source}, 'other')",,yes,,,,,,,,,,
text,fruits_source_other,"If other, please describe","??? ??? ?????? ??? ,?????? ????? ","selected(${fruits_source}, 'other')",,yes,,,,,,,,,,
text,oil_fats_source_other,"If other, please describe","??? ??? ?????? ??? ,?????? ????? ","selected(${oil_fats_source}, 'other')",,yes,,,,,,,,,,
text,sweets_source_other,"If other, please describe","??? ??? ?????? ??? ,?????? ????? ","selected(${sweets_source}, 'other')",,yes,,,,,,,,,,
text,spices_condiments_source_other,"If other, please describe","??? ??? ?????? ??? ,?????? ????? ","selected(${spices_condiments_source}, 'other')",,yes,,,,,,,,,,
select_one YNDD,access_to_PDS,Did your household have access to PDS (public distribution assisstance System) in the past 3 months?,?? ????? ????? ?? ?????? ??? ???? ????????? ?????? ??????? (PDS??????? ?????????) ???? ??? 3 ???? ????????,,,yes,,,,,,,,,,
select_one freq,PDS_assistance_freq,How regularly do you receive PDS assistance?,????? ?????? ????? ???????? ??????? ????????? PDS?,"selected(${access_to_PDS}, 'yes')",,yes,,,,,,,,,,
select_multiple pds_items,recent_PDS_items,What items were included in your most recent PDS distribution? ,?? ?? ?????? ???? ???? ????? ?? ??? ????? ??????? ????????? PDS ?????? ???,"selected(${access_to_PDS}, 'yes')",,yes,,,,,,,,,,
text,recent_PDS_items_other,"If other, please describe","??? ??? ?????? ??? ,?????? ????? ","selected(${recent_PDS_items}, 'other')",,yes,,,,,,,,,,
begin group,coping_strategies_index,"During the last 7 days, how many times (in days) did your household have to employ one of the following strategies to cope with a lack of food or money to buy it?","???? ?????? ?????? ??????? ? ?? ??? ?????? (???????) ???? ??? ????? ??? ????? ??????? ???? ????????????? ??????? ??????? ?? ??? ?????? ?? ????? ????????",,,,,,,,field-list,,,,,
integer,cheaper_quality,Shifting toward cheaper and less quality food items.,????? ??? ???? ???? ??????  ????? ?? ??? ?????,,.>=0 and .<=7,yes,,,,,,,,,,
integer,borrowing,Borrowing food or asking assistance from relatives and friends,?????? ?????? ?? ??? ???????? ?? ??????? ?????????,,.>=0 and .<=7,yes,,,,,,,,,,
integer,reduce_meals,Reducing the number of daily meals,????? ??? ??????? ???????,,.>=0 and .<=7,yes,,,,,,,,,,
integer,less_food,Consume less food during meals,??????? ???? ??? ?? ?????? ????? ???????,,.>=0 and .<=7,yes,,,,,,,,,,
integer,less_adult,Curbing the adult's need to ensure food need of children,???? ?? ???? ?????? ????? ?????? ???????? ???????...,,.>=0 and .<=7,yes,,,,,,,,,,
end group,,,,,,,,,,,,,,,,
begin group,coping_strategies_food2,Coping Strategies Food,,,,,,,,,field-list,,,,,
note,livelihood_strategies,"During the past 30 days, did anyone in your household have to do one of the following things because there was not enough food or money to buy it?","???? ???????? ????? ??????? ? ?? ???? ?? ??? ?? ????? ??? ?????? ???? ?????? ??????? ???? ???? ?? ???? ?? ?????? ?? ????? ???????",,,,,,,,,,,,,
select_one NNNY,selling_assets,"Selling household properties (refrigerator, television, jewelry…)",??? ??????? ?????? (????? ?? ????? ?? ???????),,,yes,,,,,minimal,,,,,
select_one NNNY,spent_savings,Spending savings,????? ????????,,,yes,,,,,minimal,,,,,
select_one NNNY,borrow_debt,Buying food on credit or through borrowed money from relatives and friends,???? ?????? ??????? ?? ?? ???? ??????? ???????? ?? ??????? ?????????,,,yes,,,,,minimal,,,,,
select_one NNNY,selling_transportation_means,"Selling means of transport (car, motorbike","??? ????? ????? (????? ? ????? ?????",,,yes,,,,,minimal,,,,,
select_one NNNY,child_droput_school,Children dropout from school,????? ??????? ?? ???????,,,yes,,,,,minimal,,,,,
select_one NNNY,reduce_spending,"Reducing expenditure on non-food items (health, education)",??? ??????? ??? ?????? ??? ???????? (????? ????????),,,yes,,,,,minimal,,,,,
select_one NNNY,change_place,Changing place of residence and accommodation to reduce expenses,????? ???? ??????? ?????? ???????,,,yes,,,,,minimal,,,,,
select_one NNNY,male_illigal_acts,Accepting that adult males of the family are engaged in illegal acts and risks,?????? ??????? ?????? ???????? ?? ?????? ?? ????? ?????? ??? ???????,,,,,,,,minimal,,,,,
select_one NNNY,female_illigal_acts,Accepting that adult females of the family are engaged in illegal acts and risks,?????? ??????? ?????? ???????? ?? ?????? ?? ????? ?????? ??? ???????,,,,,,,,minimal,,,,,
select_one NNNY,child_work,Children under 18 work to provide resources,??? ??????? ??? ?? 18 ????? ?????? ???????,,,yes,,,,,minimal,,,,,
select_one NNNY,family_migrating,Whole family are migrating,?????? ??????? ????,,,yes,,,,,minimal,,,,,
select_one NNNY,social_events,Attending banquets held on religious and social events to have food,???? ??????? ???? ???? ?? ????????? ??????? ??????????? ?????? ??? ??????,,,yes,,,,,minimal,,,,,
select_one NNNY,child_marriage,Child marriage,?????? ?????? ???????,,,yes,,,,,minimal,,,,,
select_one NNNY,forced_marriage,Forced marriage (for adults),?????? ?????? (????????),,,yes,,,,,minimal,,,,,
end group,,,,,,,,,,,,,,,,
end group,,Health survey,,,,,,,,,,,,,,
begin group,health_group,Health,?????,${calc_noteligible} = 0,,,,,,,,,,,,
select_one distance,distance_health_service,"How far is the closest functioning, accessible health clinic to your location?",?? ????  ???? ????? ???? ???? ????? ?????? ????? ?? ??????,,,yes,,,,,,,,,30 minutes walking = 2 km (approximately),????? ??? ?? ??????? 2?? ???? ??????30  
select_one distance_h,distance_hospital,How far is the closest functioning hospital to your location? ,?? ???? ???? ?????? ???? ??? ??????,,,yes,,,,,,,,,30 minutes walking = 2 km (approximately),????? ??? ?? ??????? 2?? ???? ??????30  
select_one YND,hospital_emergency_ser,Does it provide emergency services? ,?? ???? ?????? ????? ????????,"not(selected(${distance_hospital},'none') or selected(${distance_hospital},'do_not_know'))",,yes,,,,,,,,,,
select_one YND,hospital_surgical_ser,Does it provide surgical services? ,?? ???? ?????? ????? ???????,"not(selected(${distance_hospital},'none') or selected(${distance_hospital},'do_not_know'))",,yes,,,,,,,,,,
select_one YND,hospital_pediatric_ser,Does it provide pediatric services?,?? ???? ?????? ????? ?? ????????,"not(selected(${distance_hospital},'none') or selected(${distance_hospital},'do_not_know'))",,yes,,,,,,,,,,
select_one management,primary_health_provider,Who is the primary health care provider for your household?,?? ???? ???? ??????? ?????? ?????? ???? ??????,,,yes,,,?? ???? ????? ?? ??? ?? ???????? ??????,,,,,,,
text,primary_health_provider_other,"If other, please specify",??? ???? ?????? ?????,"selected(${primary_health_provider},'other')",,yes,,,,,,,,,,
select_one YNDD,women_specialised_services,Do women of reproductive age (12-49) have access to specialized reproductive health services? ,?? ???? ?????? ?? ?? ??????? (12-49) ??? ??? ????? ????? ????????? ???????? ????,,,yes,,,,,,,,,,
text,primary_health_provider_pregnant_other,"if other, please specify",??? ???? ?????? ?????,"selected(${women_specialised_services},'other')",,yes,,,,,,,,,,
select_one YNDD,child_distress,Have you seen signs of distress such as changes in behaviours in family members below the age of 18 since the conflict began?,?? ????? ?????? ????? ??? ???????? ?? ??????? ????? ?????? ????? ??? ??????? ?? 18 ????? ??? ??? ???????,${tot_child} >0,,yes,,,,,,,,,,
select_multiple behavior_change,behavior_012,"If yes, what are the behaviour changes observed in children aged 0-12?","??? ???? ??????? ???? ? ?? ?? ????????? ???????? ???? ????? ?? ??????? ????? ?????? ??????? ??? 0-12?","selected(${child_distress},'yes') and  (${tot_child_012} >0)",,yes,,,,,,,,,,
select_multiple behavior_change,behavior_1317,"If yes, what are the behaviour changes observed in children aged 13-17?","??? ???? ??????? ???? ? ?? ?? ????????? ???????? ???? ????? ?? ??????? ????? ?????? ??????? ??? 13-17?","selected(${child_distress},'yes') and  (${tot_child_1317} >0)",,yes,,,,,,,,,,
end group,,,,,,,,,,,,,,,,
begin group,wash,WASH survey,????? ???????? ??????,${calc_noteligible} = 0,,,,,,,,,,,,
select_one water_source,drinking_water_source,What has been your household's primary source of drinking water over the past 7 days?,?? ?? ??? ?????? ??????? ?????? ????? ????? ???? ??7 ???? ????????,,,yes,,,,,,,,,,
text,drinking_water_source_other,"If other, please specify",??? ???? ?????? ?????,"selected(${drinking_water_source},'other')",,yes,,,,,,,,,,
select_one Yes_No,access_private_shared_watertank,Does your household own either a private or shared water tank?,?? ????? ????? ???? ???? ??? ?? ??????,,,yes,,,,,,,,,,
integer,tank_capacity,What is your water tank capacity (in liters)?,?? ?? ??? ???? ?????? (??????)?,"selected(${access_private_shared_watertank},'yes')",,yes,,,,,,,,,"Provide and estimate, if the respondend doesn't know input ""999""","???? ????? ???? ??????? ??? ??? ??? ?????? ?? ????? ???? ????? 999"
integer,refill_times,How many times do you re-fill your tanks each week?,?? ??? ???? ?????? ??? ?????? ?????? ???? ??????? ???????,"selected(${access_private_shared_watertank},'yes')",,yes,,,,,,,,,"Provide and estimate, if the respondend doesn't know input ""999""","???? ????? ???? ??????? ??? ??? ??? ?????? ?? ????? ???? ????? 999"
integer,people_share_tank,How many people share this water tank?,??? ??????? ????? ??????? ?? ??????? ???? ?????? ??? ( ??? ???? ????? ?????),"selected(${access_private_shared_watertank},'yes')",,yes,,,,,,,,,"Provide and estimate, if the respondend doesn't know input ""999""","???? ????? ???? ??????? ??? ??? ??? ?????? ?? ????? ???? ????? 999"
select_multiple safer_drinking,treat_drink_water_how,How do you treat your water for drinking?,??? ????? (???? ??????) ???? ????? ?????? ???,"not(selected(${drinking_water_source},'shop'))",,yes,,,,,,,,,,
text,treat_drink_water_how_other,"If other, please describe",??? ???? ?????? ?????,"selected(${treat_drink_water_how}, 'other')",,yes,,,,,,,,,,
select_one waste_disposal,dispose_waste,What is the main method of waste disposal for your household?,???? ??????? ???????? ???? ?????? ????? ?????? ?? ?????????,,,yes,,,,,,,,,,
text,dispose_waste_other,"If other , please specify",??? ???? ?????? ?????,"selected(${dispose_waste}, 'other')",,yes,,,,,,,,,,
select_one waste_disposal_freq,waste_freq,How frequently is solid waste disposed from your residence?,?? ?? ??? ??? ?????? ?? ???????? ?????? ?? ????? ?,,,yes,,,,,,,,,,
select_multiple latrines,latrines,What types of functional toilets do you have access to?,????? ???????? ??????? ??????? ????,,,yes,,,,,,,,,,
select_one Yes_No,access_hygiene_items,"Do you have access to sufficient hygiene items such as soap, diapers, etc.?","?? ?? ???? ??????? ??????? ????? ?? (??? ??????? ? ?????? ??????? ? ??? ??? ???)?",,,yes,,,,,,,,,,
select_one Yes_No,hygiene_practices,Are you aware of key hygiene practices? ,?? ??? ??? ????? ???????? ??????? ???????? ?,,,yes,,,,,,,,,"Such as proper handwashing with soap, clean latrines, safe food / water storage","??? ??? ?????? ???? ???? ???????? ? ????????? ??????? ? ?????? ?????? ???? ???"
end group,,,,,,,,,,,,,,,,
begin group,S_NFI,Shelter & NFI survey,????? ??????? ????? ??????,${calc_noteligible} = 0,,,,,,,,,,,,
select_one settlement_type,settlement_type,What is the type of settlement where you are currently living?,????? ?????? ???? ???? ??? ??????,,,yes,,,,,,,,,,
select_one shelter_type,shelter_type,What type of shelter are you currently living in?,????? ?????? ???? ???? ??? ??????,,,yes,,,,,,,,,,
text,shelter_type_other,"If other, please describe","??? ??? ?????? ??? ,?????? ????? ","selected(${shelter_type}, 'other')",,yes,,,,,,,,,,
select_one YNDD,hh_hosted,Is your HH currently being hosted? ,?? ????? ??????? ??? ????? ?? ?????,"${calc_idp} = 1 or ${calc_returnee} = 1 or selected(${shelter_type}, 'House') or selected(${shelter_type}, 'Apartment')
",,yes,,,,,,,,,,
select_one YNDD,hh_risk_eviction,Is your HH presently at risk of eviction?,?? ????? ????? ???????? ?? ????? ???????,,,yes,,,,,,,,,,
note,ref_evic,"This is household is presently at risk of eviction, please refer to the appropiate actor.",,"selected(${hh_risk_eviction}, 'yes')",,,,,,,,,,,,
select_multiple eviction,hh_main_risks,What are the main reasons of eviction?,???? ??????? ???????? ??????? ??????? ???????,"selected(${hh_risk_eviction}, 'yes')",,yes,,,,,,,,,,
text,hh_main_risks_other,"If other, please describe","??? ??? ?????? ??? ,?????? ????? ","selected(${hh_main_risks}, 'other')",,yes,,,,,,,,,,
integer,rent_behind,"If you are not up to date with rent payment, how many months of delay do you have?","??? ?? ??? ???? ??????? ?? ????? ?? ??? ?????? ??????? ???? ?? ??? ????????(?? ??? ?? ???? ???????)","selected(${hh_main_risks}, 'lack_funds')",.>0 and .<=24,yes,,,,,,,,,,
select_one rent_labour,labour_for_rent,Do you receive reduced rent or free accommodation in exchange for labour? ,?? ???? ??? ????? ????? ?? ??? ????? ????? ??????,"selected(${shelter_type}, 'House') or selected(${shelter_type}, 'Apartment')",,yes,,,,,,,,,,
select_multiple shelter_issues,shelter_issues,What immediate issues are you facing with your current shelter (top 3)?,?? ?? ??????? ??????? ???? ??????? ?? ????? ?????? ? ??? ??? ?????,,count-selected(.)<=3,yes,,You cannot select more than 3 options.,,,,,,,,
text,shelter_issues_other,"If other, please describe","??? ??? ?????? ??? ,?????? ????? ","selected(${shelter_issues}, 'other')",,,,,,,,,,,,
note,ref_mine,"This household's shelter is reported to be contaminated from explosive hazards, please refer to appropiate actor.","??? ??? ???? ?????? ????? ?? ???? ???? ???? ??????? ?????? ???????? ??? ????? ???????? ????","selected(${shelter_issues},'uxo')",,,,,,,,,,,,
select_one agreement,shelter_agreement_type,What type of tenancy agreement do you have in your current shelter?,????? ????? ?????? ???? ???? ??????? ??????? ( ??? ????? ?? ???? ?? ??? ???),,,yes,,,,,,,,,,
select_multiple nfi_needs,nfi_priority_needs,Which of the following NFIs are priority needs for your household? (select max. 4),?? ?? ?????? ??? ???????? ??????? ????? ???????? ?????? ??????? (???? 4 ??? ???? ),,"not(selected(.,'none') and count-selected(.)>1) and count-selected(.)<=4",yes,,"You can select max 4 option and cannot select ""None"" and any other option.",?? ????? ????? ( ????? ) ?? ???? ???,,,,,,,
text,nfi_priority_needs_other,"If other, please describe","??? ??? ?????? ??? ,?????? ????? ","selected(${nfi_priority_needs}, 'other')",,yes,,,,,,,,,,
select_multiple shelter_better,shelter_better,What is your priority concern to make your current shelter a better place to live (top 3)?,?? ?? ????????? ??? ???????? ?????? ???? ????? ?????? ?????? ???? ????? ??? ? ???? ??? 3,,count-selected(.)<=3,,,You cannot select more than 3 options.,,,,,,,,
text,shelter_better_other,"If other, please describe","??? ??? ?????? ??? ,?????? ????? ","selected(${shelter_better}, 'other')",,yes,,,,,,,,,,
end group,,,,,,,,,,,,,,,,
begin group,education,Education survey,???????,${calc_noteligible} = 0,,,,,,,,,,,,
select_one place,primary_school_place,How far is the closest functioning primary school to your location?,?? ???? ???? ????? ???????? ???? ?? ??????,,,yes,,,,,,,,,30 minutes walking = 2 km (approximately),????? ??? ?? ??????? 2?? ???? ??????30  
select_one place1,secondary_school_place,How far is the closest functioning secondary school to your location?,?? ???? ???? ????? ?????? ???? ?? ??????,,,yes,,,,,,,,,30 minutes walking = 2 km (approximately),????? ??? ?? ??????? 2?? ???? ??????30  
select_multiple condition,primary_school_condition,What is the condition of the primary school building? ,??? ?? ???? ???? ??????? ???????????,"not(selected(${primary_school_place}, 'none') or selected(${primary_school_place}, 'do_not_know'))",,yes,,,,,,,,,,
select_multiple condition,secondary_school_condition,What is the condition of the secondary school building? ,??? ?? ???? ???? ??????? ?????????,"not(selected(${secondary_school_place}, 'none') or selected(${secondary_school_place}, 'do_not_know'))",,yes,,,,,,,,,,
note,ref_school,"The primary or secondary school this household might have access to contains explosive hazards, please refer to the appropiate actor.","??? ???? ??????? ?????????? ?? ???????? ???? ??????? ?????? ????? ??? ???? ?????? ????? ???? ?????? ??? ??? ?????? ????","selected(${primary_school_condition},'Contains_explosive_hazards') or selected(${secondary_school_condition},'Contains_explosive_hazards')",,,,,,,,,,,,
select_one YND,staff_primary_school,Are there sufficient trained and certified teachers at the primary school?,?? ???? ?????? ?????? ??????? ?????? ?? ??????? ???????????,"not(selected(${primary_school_place}, 'none') or selected(${primary_school_place}, 'do_not_know')) and selected(${primary_school_condition},'Partially_damaged_but_functional') or selected(${primary_school_condition}, 'Fully_functional')",,yes,,,,,,,,,,
select_one YND,staff_secondary_school,Are there sufficient trained and certified teachers at the secondary school?,?? ???? ?????? ?????? ??????? ?????? ?? ??????? ?????????,"not(selected(${secondary_school_place}, 'none') or selected(${secondary_school_place}, 'do_not_know')) and  selected(${secondary_school_condition},'Partially_damaged_but_functional') or selected(${secondary_school_condition}, 'Fully_functional')",,yes,,,,,,,,,,
end group,,,,,,,,,,,,,,,,
begin group,livelihoods,Livelihoods survey,?????? ????????,${calc_noteligible} = 0,,,,,,,,,,,,
select_multiple livelihood_type,primary_livelihood,What were your household's primary income sources over the last 30 days?  (do not read out from list),???? ???? ????? ????? ???????? ?????? ?????? ?? ??? ??? 30 ???? ???????? (3 ??? ????) ( ?? ???? ?? ??????? ),,,yes,,"Cannot select ""None"" together with any other option",?? ????? ????? ( ????? ) ?? ???? ???,,,,,,,
text,primary_livelihood_other,"if other, specify please","??? ????, ?????? ?????","selected(${primary_livelihood},'other')",,yes,,,,,,,,,,
begin group,income,What was your household's total income in Iraqi Dinars over the last 30 days from the following sources:,?? ?? ?????? ??? ????? ???????? ??????? ???? ???????? ????? ??????? ?? ??????? ???????:,,,,,,,,field-list,,,,"Please enter the FULL IQD amount (i.e. 1,000 IQD)",?????? ????? ????? ???? ???? ???????? ??????? ( ????: 1000 ?????)
integer,inc_employment,Employment,???????,"selected(${primary_livelihood},'Employment')",.=0 or .>=9999  and .<= 10000000,yes,,,,,,,,,,
integer,inc_remittances,Remittances,?????????/????????,"selected(${primary_livelihood},'Remittences')",.=0 or .>=9999  and .<= 10000000,yes,,,,,,,,,,
integer,inc_humaid,Humanitarian aid,????????? ?????????,"selected(${primary_livelihood},'NGO_charity_assistance')",.=0 or .>=9999  and .<= 10000000,yes,,,,,,,,,,
integer,inc_debt,Borrowing money,?????? ?????,"selected(${primary_livelihood},'Loan_debts')",.=0 or .>=9999  and .<= 10000000,yes,,,,,,,,,,
integer,inc_pension,Pension,???? ?????,"selected(${primary_livelihood},'Retirement_pension')",.=0 or .>=9999  and .<= 10000000,yes,,,,,,,,,,
integer,inc_selling_assets,Selling household assets,??? ???? ??????,"selected(${primary_livelihood},'Selling_assets')",.=0 or .>=9999  and .<= 10000000,yes,,,,,,,,,,
integer,inc_momd,MOMD cash assistance,?????? ????? ?? ????? ?????? ?????????,"selected(${primary_livelihood},'MODM_cash_assistance')",.=0 or .>=9999  and .<= 10000000,yes,,,,,,,,,,
integer,inc_molsa,Social Protection Network (MOLSA),???? ??????? ?????????? (MOLSA),"selected(${primary_livelihood},'Social_service')",.=0 or .>=9999  and .<= 10000000,yes,,,,,,,,,,
integer,inc_other_safety,Other safety nets,????? ??????? ?????? ??????,"selected(${primary_livelihood},'Social_service')",.=0 or .>=9999  and .<= 10000000,yes,,,,,,,,,,
integer,inc_other,Other income source,???? ??? ???,"selected(${primary_livelihood},'other')",.=0 or .>=9999  and .<= 10000000,yes,,,,,,,,,,
calculate,tot_income,,,,,,,,,,,,,"coalesce(${inc_employment},0)+coalesce(${inc_remittances},0)+coalesce(${inc_humaid},0)+coalesce(${inc_debt},0)+coalesce(${inc_pension},0)+coalesce(${inc_selling_assets},0)+coalesce(${inc_momd},0)+coalesce(${inc_molsa},0)+coalesce(${inc_other_safety},0)+coalesce(${inc_other},0)",,
end group,,,,,,,,,,,,,,,,
note,income_note,Total income in IQDs over the last 30 days: ${tot_income},????? ????? ???????? ??????? ???? ??30 ???? ??????? ??  ${tot_income},,,,,,,,,,,,,
select_multiple employment,employment_source,What were the main sources of occupation / employment? ,???? ???? ??????? ???????? ????? ?? ????????,"selected(${primary_livelihood},'Employment')",,yes,,,,,,,,,,
text,employment_source_other,"if other, specify please","??? ????, ?????? ?????","selected(${employment_source},'other')",,yes,,,,,,,,,,
select_one YNDD,employment_seasonal,Is this employment seasonal/temporary? ,?? ??? ??????? ????? ?? ???????,"selected(${primary_livelihood},'Employment')",,yes,,,,,,,,,,
select_multiple livelihood_type,livelihood_pre_displace,What were your household's primary livelihood sources prior to your displacement? (up to 3),???? ???? ????? ????? ???????? ?????? ?????? ?? ??? ??????? (3 ??? ????) ( ?? ???? ?? ??????? ),"${calc_idp} = 1 or ${calc_returnee} = 1
",count-selected(.)<=3,yes,,,,,,,,,,
text,livelihood_pre_displace_other,"if other, specify please","??? ????, ?????? ?????","selected(${livelihood_pre_displace},'other')",,yes,,,,,,,,,,
select_multiple employment,employment_source_pre_displace,What were the main sources of occupation / employment? ,???? ???? ?????? ???????? ??????? ?? ????? ??? ??????,"selected(${livelihood_pre_displace},'Employment')",,yes,,,,,,,,,,
text,employment_source_pre_displace_other,"if other, specify please","??? ????, ?????? ?????","selected(${employment_source_pre_displace},'other')",,yes,,,,,,,,,,
begin group,expenses,"In total, how much Iraqi Dinars did your household spend on basic needs over the last 30 days in IQD?","???? ?????? ??30 ???????,?? ?? ????? ???????? ???? ????? ?????? ?????????? ???????? ?????? ???????? ??????? ?",,,,,,,,field-list,,,,"Please enter the FULL IQD amount (i.e. 1,000 IQD)",?????? ????? ????? ???? ???? ???????? ??????? ( ????: 1000 ?????)
integer,rent_exp_basic_needs,Rent, ???????,,.=0 or .>=999 and .<= 10000000,yes,,,,,,,,,,
integer,shelter_exp_basic_needs,Shelter maintenance, ????? ?????? ????? ??,,.=0 or .>=999 and .<= 10000000,yes,,,,,,,,,,
integer,food_exp_basic_needs,Food, ??????,,.=0 or .>=999 and .<= 10000000,yes,,,,,,,,,,
integer,electric_exp_basic_needs,Electricity,???????? ,,.=0 or .>=999 and .<= 10000000,yes,,,,,,,,,,
integer,medical_exp_basic_needs,Medical Care (including medicines),??????? ?????? (??? ???? ???????),,.=0 or .>=999 and .<= 10000000,yes,,,,,,,,,,
integer,education_exp_basic_needs,Education,??????? ,,.=0 or .>=999 and .<= 10000000,yes,,,,,,,,,,
integer,water_exp_basic_needs,Water,?????  ,,.=0 or .>=999 and .<= 10000000,yes,,,,,,,,,,
integer,NFI_exp_basic_needs,Non-Food (household) items,?????? ??? ???????? ( ??????),,.=0 or .>=999 and .<= 10000000,yes,,,,,,,,,,
integer,transportation_exp_basic_needs,Transportaion,?????????,,.=0 or .>=999 and .<= 10000000,yes,,,,,,,,,,
integer,communication_exp_basic_needs,Communication,?????????,,.=0 or .>=999 and .<= 10000000,yes,,,,,,,,,,
integer,debt_exp_basic_needs,Debt payment,???? ?????,,.=0 or .>=999 and .<= 10000000,yes,,,,,,,,,,
integer,productive_assets,Productive assets,??????? ??????? ( ???????? ?? ????? ??????? ?? ????? ?????),,.=0 or .>=999 and .<= 10000000,yes,,,,,,,,,,
integer,other_payment_exp_basic_needs,Other payment,????? ????,,.=0 or .>=999 and .<= 10000000,yes,,,,,,,,,,
calculate,tot_expenditure,,,,,,,,,,,,,${rent_exp_basic_needs}+${shelter_exp_basic_needs}+${food_exp_basic_needs}+${medical_exp_basic_needs}+${education_exp_basic_needs}+${electric_exp_basic_needs}+${water_exp_basic_needs}+${debt_exp_basic_needs}+${NFI_exp_basic_needs}+${communication_exp_basic_needs}+${transportation_exp_basic_needs}+${other_payment_exp_basic_needs},,
end group,,,,,,,,,,,,,,,,
text,payment_exp_basic_needs_other,Please describe on what was the other payment?,"???? ??? ???? ???? ??? ???????? ??????",${other_payment_exp_basic_needs}>0,,yes,,,,,,,,,,
note,expenditure_note,Total expenditure in IQDs over the last 30 days on all basic needs: ${tot_expenditure},????? ???????? ???????? ??????? ???? ??30 ??? ?????? ???? ?? ?????? ??? ???? ??????????  ????????    ${tot_expenditure},,,,,,,,,,,,,
integer,how_much_debt,"What is your household's total amount of debt, in IQD? ","???????? ???????,?? ?? ????? ??????? ??? ?????  ?",,.=0 or .>=999,yes,,,,,,,,,,
select_one reasons_for_debt,reasons_for_debt,What was the primary reason behind taking on debt? ,?? ?? ??? ????? ??????? ???? ?????? ??????,${how_much_debt}>0,,yes,,,,,,,,,,
text,other_reasons_for_debt,"If other, specify please","??? ????, ?????? ?????","selected(${reasons_for_debt},'other')",,yes,,,,,,,,,,
select_multiple borrow_money,borrowing_from,Who did you borrow money from? (select all that apply),???? ???????? ??????,${how_much_debt}>0,,yes,,,,,,,,,,
text,borrowing_from_other,"if other, please describe",??? ???? ?????? ?????,"selected(${borrowing_from},'other')",,yes,,,,,,,,,,
select_one place3,market_place,How far is the closest functioning market that you have been able to access in the past month? ,?? ???? ???? ??? ???? ?????? ?????? ???? ?? ????? ???????,,,yes,,,,,,,,,30 minutes walking = 2 km (approximately),????? ??? ?? ??????? 2?? ???? ??????30  
select_multiple market_items,market_items,"If yes, what is available on the market?","??? ??? ???????? ?? ?? ?????? ???????? ?? ??? ??????","not(selected(${market_place},'none') or selected(${market_place},'do_not_know'))",,yes,,,,,,,,,,
text,market_items_other,"if other, please describe",??? ???? ?????? ?????,"selected(${market_items},'other')",,,,,,,,,,,,
select_multiple livelihoods_needs,livelihoods_needs,What are the main livelihood needs for your household?  (select all that apply),???? ??? ???????? ?????? ???????? ??????? (???? ???????),,,yes,,,,,,,,,,
text,livelihoods_needs_other,"if other, please describe",??? ???? ?????? ?????,"selected(${livelihoods_needs},'other')",,yes,,,,,,,,,,
end group,,,?????? ????????,,,,,,,,,,,,,
select_multiple Needs,priority_needs,What are your top 3 priority needs? (Do not read out the list),?? ?? ?????????? ?????? ???????? ??? ?????? ?( ?? ???? ?? ??????? ),${calc_noteligible} = 0,count-selected(.)<=3,yes,,You cannot select more than 3 options.,?????? ????? 3 ???????? ???,,,,,,,
text,other_priority_needs,"If other, please describe","??? ??? ?????? ??? ,?????? ????? ","selected(${priority_needs},'other')",,yes,,,,,,,,,,
begin group,accountability,Accountability to affected populations,???????? ??? ?????? ?????????,${calc_noteligible} = 0,,,,,,,,,,,,
select_multiple info_aid,info_aid,What type of information would you like to receive from aid providers (top 3)? Please specify your top 3 priorities.,????? ????????? ???? ???? ?? ?????? ????? ?? ????? ???????? ( ???? ??? 3),,count-selected(.)<=3,yes,,You cannot select more than 3 options.,,,,,,,,
text,info_aid_other,"if other, please describe","??? ??? ?????? ??? ,?????? ????? ","selected(${info_aid},'other')",,yes,,,,,,,,,,
select_multiple info_provider,info_provider,"Who/where would you prefer to receive information from (top 3)?
",??? ?? ?? ??? ???? ???? ??? ?????????? ???? ??? 3,,count-selected(.)<=3,yes,,You cannot select more than 3 options.,,,,,,,,
text,info_provider_other,"if other, please describe","??? ??? ?????? ??? ,?????? ????? ","selected(${info_provider},'other')",,yes,,,,,,,,,,
select_multiple info_mode,info_mode,What is your preferred means of receiving the information (top 3)?,???? ??????? ??????? ???? ????? ????????? ( ???? ??? 3)?,,count-selected(.)<=3,yes,,You cannot select more than 3 options.,,,,,,,,
text,info_mode_other,"if other, please describe","??? ??? ?????? ??? ,?????? ????? ","selected(${info_mode},'other')",,yes,,,,,,,,,,
select_one YND,aid_received,"Have you received aid in the past 30 days?
",?? ?????? ?????? ?? ??????? ???? ??30 ???? ????????,,,yes,,,,,,,,,,
select_multiple aid_type,aid_type,What kind did you receive? ,????? ???????? ???? ?????????,"selected(${aid_received},'yes')",,yes,,,,,,,,,,
select_one YND1,aid_satisfaction,"If you have received aid in the last 30 days, are you satisfied with the aid you received?
","??? ???? ?? ??? ???? ?? ???????? ???? ?????????","selected(${aid_received},'yes')",,yes,,,,,,,,,,
select_one aid_not_satisfied,aid_not_satisfied,"If you have received aid in the last 30 days and were not satisfied, why were you not satisfied with the aid received?","??? ??? ?? ????? ???????? ???? ??30 ???? ??????? ??? ??? ????? ???? ????? ??? ?????","selected(${aid_satisfaction},'no')",,yes,,,,,,,,,,
text,aid_not_satisfied_other,"if other, please describe","??? ??? ?????? ??? ,?????? ????? ","selected(${aid_not_satisfied},'other')",,,,,,,,,,,,
select_one YNDD,aid_workers_satisfied,Are you satisfied with the way aid workers have behaved in the last 6 months in your location?  ,?? ??? ???? ?? ??????? ???? ??? ?? ???? ??????? ???? ??6 ???? ??????? ?? ??????,,,yes,,,,,,,,,,
text,aid_workers_whyno,"If not, why not?","??? ???? ???????","selected(${aid_workers_satisfied},'no')",,yes,,,,,,,,,,
select_multiple aid_feedback,aid_feedback,"How would you prefer to provide feedback to aid providers about the quality, quantity and appropriateness of the aid you will receive (top 3)?  ",??? ???? ????? ??????? ?????? ????????? ??? ???? ????? ??????? ??????? ???? ????? ????? (???? 3 ??? ????)?,,count-selected(.)<=3,yes,,You cannot select more than 3 options.,,,,,,,,
text,aid_feedback_other,"if other, please describe","??? ??? ?????? ??? ,?????? ????? ","selected(${aid_feedback},'other')",,yes,,,,,,,,,,
select_one YNDD,community_decision_making,Do you feel like you have a say in decisions that affect your community?,?? ???? ????? ???? ??? ?? ???????? ???? ???? ??? ???????,,,yes,,,,,,,,,,
end group,,,,,,,,,,,,,,,,
begin group,Contact_group,Contact,?????,${calc_noteligible} = 0,,,,,,,,,,,,
select_one Yes_No,further_contact_willing,Are you prepared to provide your details so that we can contact you by telephone to take part in other future assessments about your area of origin?,?? ??? ????? ?????? ???????? ?????? ?? ???? ?????? ??????? ?? ??? ?????? ?? ???????? ?? ??? ???????? ?? ????????? ?????? ?? ?????? ?????? ? ,,,yes,,,,,,,,,,
begin group,contact_details,Please provide your contact details:,???? ????? ?????? ??????? ?????? ??,"selected(${further_contact_willing},'yes')",,,,,,,field-list,,,,,
text,contact_details_name,Full name,????? ??????,"selected(${further_contact_willing}, 'yes')",,yes,,,,,,,,,,
text,contact_details_telephone,Telephone number,??? ??????,"selected(${further_contact_willing}, 'yes')","regex(., '^[0]{1}[0-9]{10}$')",yes,,should be 11 digits and start with 0,????? ?? ???? 11 ????? ????? ?? 0,,,,,,,
end group,,,,,,,,,,,,,,,,
end group,,,,,,,,,,,,,,,,
geopoint,gpslocation,Record the current location within 5 meters of accuracy,?????? ????? ?????? ??? ????? 5 ????? ?? ????,${calc_noteligible} = 0,,,,,,,,,,,,
note,thanks,END OF SURVEY - THANK YOU FOR YOUR TIME please exit the form and submit it,????? ????????? ???? ????? ?????? ????? ????????? ????????.,,,,,,,,,,,,,
select_one Mantika,mantika.area.origin,"If Yes, What do you consider to be your household's area of origin? Select Mantika",yes,,"selected(${displaced_since2011},'yes')",quick,,,?????? ??????? ,,,,,,,
select_one Baladiya,baladiya.area.origin,"If Yes, What do you consider to be your household's area of origin? Select Baladiya",yes,,"selected(${displaced_since2011},'yes')",quick,,,?????? ??????? ,,Mantika=${Mantika_area_origin},,,,,
integer,nbtimes.displaced,"If Yes, Since 2011, how many times has your household been displaced?",yes,,"selected(${displaced_since2011},'yes')",,.>0,,"??? ???? ??????? ??? ? ??? ??? 2011  ?? ??? ?????? ???? ???? ???? ?",,,,,,,
select_one yes_no,displaced.once,Displaced once,yes,,,,,,,,,,,,,
select_one yes_no,displaced.twice,Displaced twice,yes,,,,,,,,,,,,,
select_one yes_no,displaced.more.than.twice,Displaced more than 2 times,yes,,,,,,,,,,,,,
select_one year_displacement,year.displacement,In what year was your household most recently displaced?,yes,,,quick,,, ?? ?? ??? ??? ??? ???? ???????,,,,,,,
select_one Mantika,mantika.disp,Where were you most recently displaced to?,yes,,,quick,,,?????,,,,,,,
select_one Baladiya,baladiya.disp,Where were you most recently displaced to?,yes,,,quick,,,?????,,Mantika=${Mantika_disp},,,,,
select_multiple push_factors,push.factors,What are the main reasons why your household left its area of origin?,yes,,,,"not(selected(., 'dk')) and not(selected(., 'dwta')) and count-selected(.) <= 3 or count-selected(.) = 1",some options can't be selected with other options,?? ?? ??????? ???????? ???? ??? ????? ??????? ????????,??? ???????? ?? ???? ???????? ?? ?????? ????,,,,,,
text,other.pushfactor,"If other, specify",yes,,"selected(${push_factors},'other')",,,, ???? (???),,,,,,,
select_multiple no_return_reason,no.return.reason,What are the main reasons why your HH has not returned to its area of origin?,yes,,"selected(${displacement_status},'idp')",,"not(selected(., 'dk')) and not(selected(., 'dwta')) and count-selected(.) <= 3 or count-selected(.) = 1",some options can't be selected with other options,?? ?? ??????? ???????? ???? ???? ????? ??? ??????? ????????,??? ???????? ?? ???? ???????? ?? ?????? ????,,,,,,
text,no.return.reason.other,"If other, specify",yes,,"selected(${no_return_reason},'other')",,,, ???? (???),,,,,,,
select_multiple pull_factors,pull.factors,Why did your household choose to move/to come back to this area specifically?,yes,,,,"not(selected(., 'dk')) and not(selected(., 'dwta')) and count-selected(.) <= 3 or count-selected(.) = 1",some options can't be selected with other options,????? ?????? ????? ????? / ?????? ??? ??? ??????? ??? ??? ????????,??? ???????? ?? ???? ???????? ?? ?????? ????,,,Up to three choices ,????? ?????? ????? ?????? ??? ????,,
text,other.pullfactor,"If other, specify",yes,,"selected(${pull_factors},'other')",,,,"???, ???",,,,,,,
select_multiple return_area_decision,return.area.decision,Who made the decision for your return (within or outside your HH)?,yes,,"selected(${displacement_status},'returnee')",,"not(selected(., 'dk')) and not(selected(., 'dwta')) and count-selected(.) <= 3 or count-selected(.) = 1",some options can't be selected with other options,?? ???? ???? ???? ????? ?(???? ?? ???? ????),??? ???????? ?? ???? ???????? ?? ?????? ????,,,,,,
text,return.area.decision.other,"If other, specify",yes,,"selected(${return_area_decision},'other')",,,,???  ???,,,,,,,
select_multiple problem_faced_return,problem.faced.return,When you returned to your community did you experience any of the following?,yes,,"selected(${displacement_status},'returnee')",,,,"????? ??? ??? ?????? ? ?? ????? ???? ??? ????",,,,,,,
text,problem.faced.return.other,"If other, specify",yes,,"selected(${problem_faced_return},'other')",,,,???  ???,,,,,,,
end_group,,,,,,,,,,,,,,,,
,,,,,,,,,,,,,,,,
begin_group,protection,Protection,yes,,,,,,???????,,,,,,,
select_one yes_no_dk_dwta,lost.documentation,"Did you or some household member lose legal documentation because of the conflict (e.g. family book, birth certificate, marriage certificates…)?",yes,,,quick,,,"?? ???? ??? ?? ??? ????? ????? ???????? ????????? ???? ?????? (??? ???? ???????? ?????? ??????? ??????? ?????? ...)?",,,,,,,
select_multiple lost_doc_types,lost.doc.types,"If Yes, please specify which documents?",yes,,"selected(${lost_documentation},'yes')",,"not(selected(.,'dk')) and not(selected(.,'dwta')) and not(selected(.,'no_doc_missing')) or count-selected(.) = 1",some options can't be selected with other options,"??? ??? ?????? ???? ? ???? ????? ????????",??? ???????? ?? ???? ???????? ?? ?????? ????,,,,,,
select_multiple lost_doc_impact,lost.doc.impact,"If Yes, has the loss of your documentation affected your access to any of the following?",yes,,"selected(${lost_documentation},'yes')",,"not(selected(.,'dk')) and not(selected(.,'dwta')) and not(selected(.,'no_impact')) or count-selected(.) = 1",some options can't be selected with other options,"??? ???? ??????? ???? ? ??? ???? ????? ?????? ?? ????? ??? ?? ??? ????",??? ???????? ?? ???? ???????? ?? ?????? ????,,,,,,
select_one yes_no_dk_dwta,applied.documentation,"If Yes, Have you applied to get new documentation?",yes,,"selected(${lost_documentation},'yes')",quick,,," ??? ???? ??????? ????? ?? ????? ???? ?????? ??? ????? ??????",,,,,,,
select_multiple documentation_reasons,documentation.reason,"If no, why haven't you applied to get new documentation?",yes,,"selected(${applied_documentation},'no')",,"not(selected(.,'dk')) and not(selected(.,'dwta')) or count-selected(.) = 1",some options can't be selected with other options,"??? ???? ??????? ""??""? ????? ?? ???? ???? ?????? ??? ????? ??????",??? ???????? ?? ???? ???????? ?? ?????? ????,,,,,,
text,documentation.reason.other,Other:,yes,,"selected(${documentation_reason},'other')",,,,????? ???? (???),,,,,,,
select_one yes_no_dk_dwta,missing.family.member, Do you have any missing family members?,yes,,,quick,,,?? ???? ?? ????? ?? ????? ????????,,,,,,,
integer,missing.family.under18,"If Yes, how many below 18 years old ?",yes,,"selected(${missing_family_member},'yes')",,.>=0,,"??? ??? ?????? ???? ? ??? ??? ????????? ??? ?? 18 ??????",,,,Please put the number 99 if the interviewee did not want to answer,"?? ??? ???????? ?? ???? ??????? ?? ??? ??????? ?? ????? 99. ",,
integer,missing.family.above18,"If Yes, how many above 18 years old?",yes,,"selected(${missing_family_member},'yes')",,.>=0,,"??? ???? ??????? ??? ? ??? ??? ????????? ???? ?? 18 ??????",,,,Please put the number 99 if the interviewee did not want to answer,"?? ??? ???????? ?? ???? ??????? ?? ??? ??????? ?? ????? 99. ",,
select_one missing_period,missing.period,"If Yes, since when have they been missing?",yes,,"selected(${missing_family_member},'yes')",quick,,,"??? ??? ??? ? ??? ??? ?? ??????? ",,,,,,,
select_one yes_no_dk_dwta,leave.country.intention,Are you or any member of the HH intending to leave the country?,yes,,,quick,,,?? ??? ?? ?? ??? ?? ????? ?????? ????? ?????? ???????,,,,,,,
select_multiple leave_country_reasons,leave.country.reasons,"If Yes, why?",yes,,"selected(${leave_country_intention},'yes')",,"not(selected(.,'dk')) and not(selected(.,'dwta')) or count-selected(.) = 1",some options can't be selected with other options,"??? ??? ? ??????",??? ???????? ?? ???? ???????? ?? ?????? ????,,,,,,
text,leave.country.reasons.other,"if other, please specify",yes,,"selected(${leave_country_reasons},'other')",,,,???  ???,,,,,,,
select_one yes_no_dk_dwta,presence.uxo.neighborhood,Are you aware of the presence of any explosive hazards in your neighborhood?,yes,,,quick,,,?? ??? ??? ??? ????? ?? ?????? ??? ?? ????? ?? ????????,,,,,,,
select_multiple awareness_uxo_actions,awareness.uxo.actions,"If Yes, what course of action did you take?",yes,,"selected(${presence_uxo_neighborhood},'yes')",,"not(selected(.,'dk')) and not(selected(.,'dwta')) and not(selected(.,'no_action_taken')) or count-selected(.) = 1",some options can't be selected with other options,"??? ???? ??????? ???? ? ?? ?? ???? ????? ???? ??????",??? ???????? ?? ???? ???????? ?? ?????? ????,,,,,,
text,contacted.mine.details,If contacted a mine action authority please specify,yes,,"selected(${awareness_uxo_actions},'contacted_mine_authority')",,,,"??? ?? ??????? ????? ?????? ??????? ? ???? ????? ???",,,,,,,
select_one yes_no_dk_dwta,awareness.uxo,Have any member of the household received any form of explosive hazards risk awareness? ,yes,,,quick,,,?? ???? ?? ??? ?? ????? ?????? ?? ??? ?? ????? ??????? ?????? ??????????,,,,,,,
select_multiple awareness_source,awareness.source,"If Yes, from what source?",yes,,"selected(${awareness_uxo},'yes')",,"not(selected(.,'dk')) and not(selected(.,'dwta')) or count-selected(.) = 1",some options can't be selected with other options,"??? ??? ?????? ???? ?? ?? ?????",??? ???????? ?? ???? ???????? ?? ?????? ????,,,,,,
text,awareness.source.other,Other:,yes,,"selected(${awareness_source},'other')",,,,????? ???? (???? ???????),,,,,,,
select_one awareness_period,awareness.period,"If Yes, when were they made aware?",yes,,"selected(${awareness_uxo},'yes')",quick,,,"??? ???? ??????? ???? ? ???? ????? ?????",,,,,,,
select_one yes_no_dk_dwta,member.uxo.injured,Has any member of your household been harmed as a result of being exposed to an explosive hazards in the past?,yes,,,quick,,,?? ???? ?? ??? ?? ????? ????? ?????? ????? ????? ?????? ????????? ?? ???????,,,,,,,
end_group,,,,,,,,,,,,,,,,
,,,,,,,,,,,,,,,,
begin_group,assistance,Assistance,yes,,,,,,????? ,,,,,,,
select_one yes_no_dk_dwta,received.assistance,Did your household receive humanitarian assistance during the previous 6 months?,yes,,,quick,,,?? ???? ????? ??? ?????? ??????? ???? ??? 6 ???? ????????,,,,,,,
select_multiple assistance_modality,modality.assistance,"If yes, what was the modality of the assistance received?",yes,,"selected(${received_assistance},'yes')",,"not(selected(.,'dwta')) or count-selected(.) = 1",some options can't be selected with other options,"??? ???? ??????? ??? ? ??? ?? ????? ???? ?????????",??? ???????? ?? ???? ???????? ?? ?????? ????,,,,,,
text,modality.assistance.other,if other please specify,yes,,"selected(${modality_assistance},'other')",,,,"????? ???? ??????? ",,,,,,,
select_multiple assistance_source,assistance.source,"If yes, from what source? ",yes,,"selected(${received_assistance},'yes')",,"not(selected(.,'dwta')) and not(selected(.,'dk')) or count-selected(.) = 1",some options can't be selected with other options,"??? ???? ??????? ???? ? ?? ?? ?????",??? ???????? ?? ???? ???????? ?? ?????? ????,,,,,,
text,assistance.source.other,if other please specify,yes,,"selected(${assistance_source},'other')",,,,"????? ???? ??????? ",,,,,,,
select_multiple humanitarian_assistance_barriers,humanitarian.assistance.barriers,"In the last year, did your household face any barriers to receiving humanitarian assistance?",yes,,"selected(${received_assistance},'yes')",,"not(selected(.,'dwta')) and not(selected(.,'dk')) and not(selected(.,'no_barriers_assistance')) or count-selected(.) = 1",some options can't be selected with other options,"?? ????? ?????? ? ?? ????? ????? ?? ????? ???? ??? ???? ????????? ??????????",??? ???????? ?? ???? ???????? ?? ?????? ????,,,,,,
text,humanitarian.assistance.barrier.ot,if other please specify,yes,,"selected(${humanitarian_assistance_barriers},'other')",,,,"????? ???? ??????? ",,,,,,,
select_one future_assistance,future.assistance,"If your household were to receive assistance in the future, what modality would you like it to be?",yes,,,quick,,,"??? ???? ????? ????? ??? ???????? ?? ???????? ? ??? ?? ??????? ???? ???????",,,,,,,
text,future.assistance.other,if other please specify,yes,,"selected(${future_assistance},'other')",,,,"????? ???? ??????? ",,,,,,,
select_one humanitarian_assistance_info,humanitarian.assistance.info,What is your primary source of information on the humanitarian assistance in your current area of residence?,yes,,,quick,,,?? ?? ?????? ??????? ????????? ??? ???????? ????????? ?? ?????? ????????,,,,,,,
select_multiple prefered_humanitarian_news,prefered.humanitarian.news,What type of information would you like to receive from aid providers? Please specify your top 3 priorities.,yes,,,,"not(selected(.,'dk')) and not(selected(.,'dwta')) and count-selected(.) <=3 or count-selected(.) = 1",some options can't be selected with other options,?? ??? ????????? ???? ???? ?? ?????? ?? ????? ????????? ? ???? ????? ??? 3 ???????.,??? ???????? ?? ???? ???????? ?? ?????? ????,,,,,,
text,prefered.humanitarian.sources.other,if other please specify,yes,,"selected(${prefered_humanitarian_news},'other')",,,,"????? ???? ??????? ",,,,,,,
select_one prefered_information_source,prefered.information.source,Who/where would you prefer to receive information from?,yes,,,quick,,,?? / ??? ???? ???? ????????? ???,,,,,,,
text,prefered.information.source.other,if other please specify,yes,,"selected(${prefered_information_source},'other')",,,,"????? ???? ??????? ",,,,,,,
select_one yes_no,food.security.consent,"Enumerator to explain: ‘To be able to better monitor the food security situation in Libya, we are planning to conduct short surveys via mobile phone. If you were to participate, the phone survey would last approximately 10 minutes, and would focus on your family’s food consumption, access to markets, work and social well-being. Any information collected would remain strictly confidential and anonymous. This information will help us understand the situation in your community. Any information collected would remain strictly confidential and anonymous. Would you be interested in participating?’",yes,,,quick,,,"??? ???? ?????? ??? ?????? ??????? ???? ????? ??????? ?? ?????? ????? ???? ?????? ????????? ??? ????? ?? ???? ?????? ???????.  ""
? ?? ???? ????????? ??? ??? ??????? ?????? ???? ????? ??????? ???????
?????? ??????? ??? ????????? ??????? ??????? ????? ?????? ?????? ??? ??????? ?????? ????????? ??????????.
 
?? ??????? ???? ???????? ????? ????? ?? ???? ????. ??? ????????? ???????? ???? ??????? ?? ???????
?? ??? ???????? ????????? ?? ????.""",,,,,,,
text,phone.number,What is your phone number?,yes,,"selected(${food_security_consent},'yes')",,,,?? ?? ??? ??????,,,,,,,
end_group,,,,,,,,,,,,,,,,
integer,weights,weights,yes,,,,,,,,,,,,,
end_group,,,,,,,,,,,,,,,,
